EV	EV Book	Imp	Game	Player	Prop	O/U	FD	DK	Bet365	CZ	Kambi	ESPN	L10% Over	% Over	Splits		Minutes
303.8	1400 DK	7%	real madrid	Rodrygo	tackles	o 2.5	-	'+1400	-	220	-	-	20%	6%	5,0,0,1,1,4,0,1,2,2	游리	90,7,90,90,67
246.5	1600 FD	6%	melbourne	Kai Trewin	shots	o 3.5	'+1600	-	'+300	-	-	-	-%	-%		-	
233.5	1000 365	9%	atletico madrid	Thomas Lemar	shots	o 2.5	'+190	-	'+1000	-	-	-	-%	-%			
224.9	1200 FD	8%	melbourne	Thomas Aquilina	shots	o 2.5	'+1200	-	'+240	-	-	-	-%	-%		-	
188.1	700 365	12%	psv	Tyrell Malacia	tackles	o 4.5	-	-	'+700	150	-	-	0%	0%	2,1,3,0,0,1,1,2,2	-	77,43,90,90,1
170.1	650 DK	13%	arsenal	Mikel Merino	tackles	o 2.5	-	'+650	'+150	-	-	-	-%	-%		-	
155.4	450 DK	18%	aston villa	Boubacar Kamara	tackles	o 2.5	-	'+450	'+100	-	-	-	40%	29%	2,1,6,3,9,0,3,0,0,0	-	90,90,15,27,30
152.1	600 365	14%	aston villa	Ezri Konsa	tackles	o 2.5	-	-	'+600	150	-	-	10%	9%	0,0,2,3,0,0,0,0,1,0	-	90,90,90,90,90
142.3	2000 365	5%	atletico madrid	Thomas Lemar	shots	o 3.5	'+500	-	'+2000	-	-	-	-%	-%			
139.9	333 365	23%	psv	Tyrell Malacia	tackles	o 3.5	-	-	'+333	-145	-	-	0%	0%	2,1,3,0,0,1,1,2,2	-	77,43,90,90,1
124.0	700 365	12%	lille	Mitchel Bakker	shots	o 2.5	'+210	-	'+700	-	-	-	10%	13%	0,1,1,0,0,0,4,0,0,1		25,90,45,14,45
121.4	500 365	17%	arsenal	Jurrien Timber	tackles	o 3.5	-	-	'+500	145	-	-	-%	-%		-	
121.0	275 365	27%	atletico madrid	Thomas Lemar	shots	o 1.5	-170	-	'+275	-	-	-	-%	-%			
118.0	450 365	18%	psv	Noa Lang	tackles	o 1.5	-	'+130	'+450	-	-	-	20%	20%	1,0,1,0,2,1,5,0,1,1	-	28,114,72,90,66
115.4	700 365	12%	atletico madrid	Giuliano Simeone	shots	o 2.5	'+220	-	'+700	-	-	-	-%	-%		游리	
112.5	750 FD	12%	lille	Ayyoub Bouaddi	shots	o 1.5	'+750	-	'+240	-	-	-	0%	0%	0,0,1,0,0,0,0,0,0,0	游리	89,90,28,90,85
100.7	280 BR	26%	stoke	John Buckley	shots_on_target	o 0.5	-130	-	-	-	280/-590	-	-%	-%		-	
100.7	360 DK	22%	real madrid	Jude Bellingham	tackles	o 2.5	-	'+360	'+110/-150	-	-	-	40%	29%	1,1,1,5,1,3,3,0,0,8		90,38,90,90,85
100.0	205 DK	33%	atletico madrid	Conor Gallagher	tackles	o 2.5	-	'+205	-	-230	-	-	-%	-%			
98.0	750 365	12%	psv	Jerdy Schouten	tackles	o 3.5	-	-	'+750	260	-	-	17%	17%	1,5,2,2,1,0	-	73,71,90,90,90
93.0	700 365	12%	real madrid	Kylian Mbappe	tackles	o 1.5	-	'+250	'+700	-	-	-	10%	11%	0,2,0,0,0,0,0,0,1,0	游리	77,90,74,90,78
91.4	900 365	10%	melbourne	Medin Memeti	shots	o 5.5	'+320	-	'+900	-	-	-	-%	-%		-	
90.9	430 BR	19%	portsmouth	Matt Ritchie	shots	o 2.5	-	-	'+150	-	430/-1250	-	-%	-%		-	
88.1	2000 365	5%	lille	Mitchel Bakker	shots	o 3.5	'+600	-	'+2000	-	-	-	10%	3%	0,1,1,0,0,0,4,0,0,1		25,90,45,14,45
86.4	333 365	23%	psv	Jerdy Schouten	tackles	o 2.5	-	'+130	'+333	100	-	-	17%	17%	1,5,2,2,1,0	-	73,71,90,90,90
84.6	1500 FD	6%	lille	Jonathan David	shots	o 5.5	'+1500	-	'+500	-	-	-	0%	2%	2,1,1,3,4,5,1,1,2,3	游리	90,90,28,90,67
83.5	200 365	33%	aston villa	Ezri Konsa	tackles	o 1.5	-	-	'+200	-190	-	-	20%	36%	0,0,2,3,0,0,0,0,1,0	-	90,90,90,90,90
83.3	950 FD	10%	arsenal	Declan Rice	shots	o 3.5	'+950	-	'+350	-	-	-	-%	-%		-	
83.1	1200 DK	8%	psv	Luuk De Jong	tackles	o 2.5	-	'+1200	'+750	280	-	-	20%	18%	2,0,0,1,0,4,1,2,3,0	-	90,120,90,65,90
82.0	550 365	15%	real madrid	Brahim Diaz	shots	o 2.5	'+210	-	'+550	-	-	-	0%	8%	2,0,1,0,0,0,0,2,1,0	游리	72,7,58,88,5
81.9	225 365	31%	lille	Mitchel Bakker	shots	o 1.5	-150	-	'+225	-	-	-	10%	20%	0,1,1,0,0,0,4,0,0,1		25,90,45,14,45
81.6	2500 FD	4%	melbourne	Kai Trewin	shots	o 4.5	'+2500	-	'+700	-	-	-	-%	-%		-	
81.4	450 365	18%	psv	Walter Benitez	saves	o 4.5	-	'+170	'+450	-	-	-	10%	11%	3,3,4,2,5,2,3,1,1,3	-	90,120,90,90,90
81.0	430 BR	19%	leeds	Pascal Struijk	shots	o 2.5	-	-	'+162	-	430/-1250	-	0%	0%	1,1,0,1,0,1,0,1,0,2	-	13,1,90,4,20
80.9	475 DK	17%	real madrid	Brahim Diaz	tackles	o 2.5	-	'+475	'+275	125	-	-	20%	13%	1,0,0,0,0,0,0,3,3,0	游리	72,7,58,88,5
80.1	400 365	20%	melbourne	Medin Memeti	shots	o 4.5	'+150	-	'+400	-	-	-	-%	-%		-	
80.1	310 DK	24%	lille	Ngalayel Mukau	tackles	o 2.5	-	'+310	'+110	-	-	-	10%	17%	2,1,0,0,0,2,3,0,1,2	游리	70,75,90,62,76
79.3	425 DK	19%	aston villa	Lamare Bogarde	tackles	o 2.5	-	'+425	'+162	-	-	-	30%	42%	3,0,3,0,4,1,2,0,0,0	-	5,32,90,90,1
77.9	185 DK	35%	arsenal	Mikel Merino	tackles	o 1.5	-	'+185	-200	-	-	-	-%	-%		-	
77.6	800 365	11%	dortmund	Waldemar Anton	shots	o 1.5	'+310	-	'+800	-	-	-	10%	17%	0,1,1,0,1,0,2,0,0,0		2,90,90,2,1
77.0	700 DK	12%	lille	Hakon Arnar Haraldsson	tackles	o 2.5	-	'+700	'+275	-	-	-	10%	14%	0,1,0,1,1,0,1,0,3,1		67,76,45,90,75
76.1	400 365	20%	real madrid	Federico Valverde	tackles	o 2.5	-	'+225	'+400	110	-	-	0%	11%	1,1,2,1,1,0,0,2,0,0	游리	90,90,89,81,23
75.9	1000 365	9%	atletico madrid	Conor Gallagher	shots	o 2.5	'+380	-	'+1000	-	-	-	-%	-%			
75.9	1000 365	9%	psv	Guus Til	shots	o 2.5	'+380	-	'+1000	-	-	-	40%	39%	5,1,0,4,1,6,1,0,0,5	-	62,49,72,90,90
74.7	500 365	17%	aston villa	Jacob Ramsey	shots	o 2.5	'+200	-	'+500	-	-	-	10%	6%	2,0,5,0,0,0,0,0,0,2	-	45,67,9,27,67
74.7	500 FD	17%	arsenal	Myles Lewis Skelly	shots	o 1.5	'+500	-	'+200	-	-	-	-%	-%		-	
73.6	450 365	18%	psv	Ismael Saibari	shots	o 2.5	'+180	-	'+450	-	-	-	50%	45%	2,3,4,1,2,4,5,3,1,2	-	28,120,90,81,90
72.8	190 BR	34%	hull	Joe Gelhardt	shots	o 2.5	-	-	-175	-	190/-375	-	-%	-%		-	
71.1	300 365	25%	aston villa	Youri Tielemans	tackles	o 3.5	-	-	'+300	115	-	-	30%	21%	0,4,0,1,1,5,5,2,3,0	-	90,90,90,90,90
70.9	1000 365	9%	atletico madrid	Marcos Llorente	shots	o 2.5	'+390	-	'+1000	-	-	-	-%	-%		游리	
70.2	1800 FD	5%	melbourne	Thomas Aquilina	shots	o 3.5	'+1800	-	'+600	-	-	-	-%	-%		-	
69.1	140 DK	42%	aston villa	Boubacar Kamara	tackles	o 1.5	-	'+140	-300	-	-	-	50%	50%	2,1,6,3,9,0,3,0,0,0	-	90,90,15,27,30
68.9	600 FD	14%	lille	Jonathan David	shots	o 4.5	'+600	-	'+250	-	-	-	10%	10%	2,1,1,3,4,5,1,1,2,3	游리	90,90,28,90,67
68.4	400 365	20%	club brugge	Ardon Jashari	tackles	o 2.5	-	'+165	'+400	-	-	-	30%	30%	3,3,3,1,2,2,0,0,1,1	-	90,88,90,90,90
67.7	350 DK	22%	real madrid	Rodrygo	tackles	o 1.5	-	'+350	'+300	-135	-	-	40%	21%	5,0,0,1,1,4,0,1,2,2	游리	90,7,90,90,67
66.7	450 365	18%	lille	Ethan Mbappe	shots	o 2.5	'+190	-	'+450	-	-	-	10%	9%	2,0,1,0,0,3,2,1,2,2		27,58,45,45,70
66.7	550 365	15%	real madrid	Luka Modric	tackles	o 2.5	-	'+300	'+550	185	-	-	20%	8%	1,0,1,0,1,1,2,3,0,4		8,85,90,29,90
66.2	2000 365	5%	atletico madrid	Giuliano Simeone	shots	o 3.5	'+650	-	'+2000	-	-	-	-%	-%		游리	
65.6	360 BR	22%	watford	Florian Bianchini	shots	o 2.5	-	-	'+150	-	360/-1000	-	-%	-%		-	
63.7	145 FD	41%	melbourne	Kai Trewin	shots	o 1.5	'+145	-	-250	-	-	-	-%	-%		-	
62.5	300 365	25%	atletico madrid	Marcos Llorente	tackles	o 3.5	-	-	'+300	125	-	-	-%	-%		游리	
62.0	350 365	22%	real madrid	Aurelien Tchouameni	tackles	o 3.5	-	-	'+350	150	-	-	0%	10%	1,0,2,2,0,3,0,2,2,1	游리	90,90,90,90,90
60.4	275 365	27%	psv	Guus Til	tackles	o 1.5	-	'+115	'+275	-	-	-	30%	27%	0,2,0,0,0,2,1,1,2,1	-	62,49,72,90,90
60.3	140 DK	42%	real madrid	Eduardo Camavinga	tackles	o 2.5	-	'+140	-250	-	-	-	30%	40%	7,2,1,2,3,0,2,5,2,0		18,87,32,61,12
59.8	333 365	23%	melbourne	Eli Adams	shots	o 2.5	'+145	-	'+333	-	-	-	-%	-%		-	
58.0	1200 365	8%	psv	Ismael Saibari	shots	o 3.5	'+480	-	'+1200	-	-	-	30%	23%	2,3,4,1,2,4,5,3,1,2	-	28,120,90,81,90
56.7	-103 BR	51%	hull	Kasey Palmer	shots	o 1.5	-	-	-550	-	-103/-175	-	50%	41%	0,2,1,0,2,2,2,4,0,1	-	90,68,73,90,58
56.3	108 BR	48%	hull	Kyle Joseph	shots	o 1.5	-	-	-400	-	108/-190	-	-%	-%		-	
56.1	138 BR	42%	stoke	Million Manhoef	shots_on_target	o 0.5	-230	-	-	-	138/-225	-	40%	38%	4,0,1,0,0,0,0,2,1,0	-	72,90,60,29,31
54.1	320 DK	24%	psv	Luuk De Jong	tackles	o 1.5	-	'+320	'+275	-120	-	-	40%	36%	2,0,0,1,0,4,1,2,3,0	-	90,120,90,65,90
53.9	175 365	36%	melbourne	Medin Memeti	shots	o 3.5	-150	-	'+175	-	-	-	-%	-%		-	
53.9	175 CZ	36%	arsenal	Mikel Merino	shots	o 2.5	-150	-	-	175	-	-	-%	-%		-	
53.3	480 BR	17%	hull	Lewie Coyle	shots	o 1.5	-	-	'+225	-	480/-1430	-	10%	18%	0,0,1,0,1,1,0,2,0,0	-	23,35,90,90,90
52.9	150 365	40%	real madrid	Kylian Mbappe	tackles	o 0.5	-	-190	'+150/-200	-	-	-	20%	28%	0,2,0,0,0,0,0,0,1,0	游리	77,90,74,90,78
52.6	135 DK	43%	lille	Ismaily	tackles	o 2.5	-	'+135	-225	-230	-	-	40%	36%	0,3,1,5,4,0,2,0,2,3		17,75,11,76,45
52.3	1600 365	6%	real madrid	Brahim Diaz	shots	o 3.5	'+600	-	'+1600	-	-	-	0%	5%	2,0,1,0,0,0,0,2,1,0	游리	72,7,58,88,5
52.3	1400 365	7%	aston villa	Jacob Ramsey	shots	o 3.5	'+550	-	'+1400	-	-	-	10%	3%	2,0,5,0,0,0,0,0,0,2	-	45,67,9,27,67
52.3	275 365	27%	arsenal	Ethan Nwaneri	tackles	o 1.5	-	'+125	'+275	-	-	-	-%	-%		-	
51.6	225 365	31%	arsenal	Jurrien Timber	tackles	o 2.5	-	'+165	'+225	-170	-	-	-%	-%		-	
51.4	550 365	15%	real madrid	Eduardo Camavinga	shots	o 1.5	'+260	-	'+550	-	-	-	0%	20%	0,0,1,1,0,0,1,0,0,0		18,87,32,61,12
51.4	550 365	15%	club brugge	Brandon Mechele	tackles	o 3.5	-	-	'+550	260	-	-	0%	0%	1,2,2,0,3,2,2,3,1,2	-	90,90,90,90,90
51.0	900 365	10%	melbourne	Eli Adams	shots	o 3.5	'+400	-	'+900	-	-	-	-%	-%		-	
50.9	195 DK	34%	lille	Hakon Arnar Haraldsson	tackles	o 1.5	-	'+195	-120	-	-	-	10%	32%	0,1,0,1,1,0,1,0,3,1		67,76,45,90,75
50.3	165 DK	38%	lille	Thomas Meunier	tackles	o 2.5	-	'+165	-110	-220	-	-	50%	23%	0,3,3,3,4,2,1,8,0,1	游리	90,90,90,90,66
50.0	1200 365	8%	lille	Ethan Mbappe	shots	o 3.5	'+500	-	'+1200	-	-	-	0%	0%	2,0,1,0,0,3,2,1,2,2		27,58,45,45,70
49.2	333 365	23%	arsenal	Riccardo Calafiori	shots	o 1.5	'+160	-	'+333	-	-	-	-%	-%		-	
48.6	275 365	27%	psv	Guus Til	shots	o 1.5	'+110	-	'+275	155	-	-	40%	44%	5,1,0,4,1,6,1,0,0,5	-	62,49,72,90,90
48.4	750 FD	12%	melbourne v newcastle jets	Ben Gibson	shots	o 3.5	'+750	-	'+350	-	-	-	-%	-%		-	
48.3	700 365	12%	aston villa	John Mcginn	shots	o 2.5	'+330	-	'+700	-	-	-	0%	8%	0,1,0,1,0,1,0,2,0,0	-	90,90,90,63,60
48.1	450 DK	18%	lille	Alexsandro Ribeiro	tackles	o 2.5	-	'+450	-	220	-	-	10%	10%	0,1,2,2,1,0,5,1,0,1		90,90,90,90,90
47.6	310 FD	24%	arsenal	Declan Rice	shots	o 2.5	'+310	-	'+150	-	-	-	-%	-%		-	
47.0	700 FD	12%	arsenal	Martin Odegaard	shots	o 4.5	'+700	-	'+333	-	-	-	-%	-%		-	
46.5	185 DK	35%	dortmund	Emre Can	tackles	o 2.5	-	'+185	-120	-125	-	-	50%	38%	3,0,3,3,1,4,0,4,2,2	游리	90,90,90,90,90
45.8	185 DK	35%	lille	Mitchel Bakker	tackles	o 2.5	-	'+185	-120	-	-	-	10%	15%	1,1,1,1,1,0,3,1,0,0		25,90,45,14,45
45.4	240 365	29%	lille	Thomas Meunier	tackles	o 3.5	-	-	'+240	115	-	-	20%	10%	0,3,3,3,4,2,1,8,0,1	游리	90,90,90,90,66
45.2	175 365	36%	psv	Walter Benitez	saves	o 3.5	-	-130	'+175	-	-	-	20%	20%	3,3,4,2,5,2,3,1,1,3	-	90,120,90,90,90
45.0	275 365	27%	atletico madrid	Clement Lenglet	tackles	o 1.5	-	'+135	'+275	-	-	-	-%	-%		游리	
44.9	137 365	42%	psv	Tyrell Malacia	tackles	o 2.5	-	-105	'+137	-380	-	-	11%	11%	2,1,3,0,0,1,1,2,2	-	77,43,90,90,1
44.5	175 365	36%	real madrid	Luka Modric	tackles	o 1.5	-	'+100	'+175	-165	-	-	30%	11%	1,0,1,0,1,1,2,3,0,4		8,85,90,29,90
44.5	110 DK	48%	real madrid	Jude Bellingham	tackles	o 1.5	-	'+110	-275	-	-	-	40%	45%	1,1,1,5,1,3,3,0,0,8		90,38,90,90,85
44.4	550 FD	15%	lille	Benjamin Andre	shots	o 1.5	'+550	-	'+225	340	-	-	0%	9%	1,0,0,0,0,0,0,1,1,1	游리	90,90,90,90,90
44.1	137 365	42%	real madrid	Federico Valverde	tackles	o 1.5	-	-135	'+137/-188	-260	-	-	20%	44%	1,1,2,1,1,0,0,2,0,0	游리	90,90,89,81,23
44.1	137 365	42%	club brugge	Ardon Jashari	tackles	o 1.5	-	-185	'+137/-188	-	-	-	50%	50%	3,3,3,1,2,2,0,0,1,1	-	90,88,90,90,90
43.7	225 365	31%	atletico madrid	Giuliano Simeone	shots	o 1.5	-145	-	'+225	175	-	-	-%	-%		游리	
43.7	135 DK	43%	aston villa	Lamare Bogarde	tackles	o 1.5	-	'+135	-188	-	-	-	40%	50%	3,0,3,0,4,1,2,0,0,0	-	5,32,90,90,1
43.7	135 CZ	43%	arsenal	Ethan Nwaneri	shots	o 2.5	-190	-	-	135	-	-	-%	-%		-	
42.7	110 365	48%	psv	Jerdy Schouten	tackles	o 1.5	-	-225	'+110	-320	-	-	50%	50%	1,5,2,2,1,0	-	73,71,90,90,90
42.6	450 365	18%	melbourne	Benjamin Mazzeo	shots	o 4.5	'+230	-	'+450	-	-	-	-%	-%		-	
41.6	275 365	27%	dortmund	Julian Ryerson	tackles	o 3.5	-	-	'+275	140	-	-	30%	17%	6,2,4,3,0,2,6,2,2,1	游리	90,90,84,82,28
40.9	100 DK	50%	lille	Ayyoub Bouaddi	tackles	o 2.5	-	'+100	-300	-300	-	-	40%	29%	2,0,8,2,3,6,4,0,0,0	游리	89,90,28,90,85
40.5	125 DK	44%	psv	Ismael Saibari	tackles	o 2.5	-	'+125	-200	-	-	-	70%	70%	0,4,3,3,2,5,6,1,3,3	-	28,120,90,81,90
39.8	1000 FD	9%	lille	Bafode Diakite	shots	o 1.5	'+1000	-	'+350	650	-	-	10%	11%	0,0,0,0,1,2,0,0,0,0	游리	90,90,90,90,90
39.7	700 DK	12%	aston villa	Emiliano Martinez	saves	o 4.5	-	'+700	'+350	-	-	-	10%	11%	2,2,3,4,2,1,5,2,1,2	-	90,90,45,90,90
39.6	300 DK	25%	aston villa	Lucas Digne	tackles	o 2.5	-	'+300	'+200	125	-	-	30%	26%	5,0,3,1,0,0,2,1,2,4	-	77,77,8,90,90
39.5	-150 DK	60%	atletico madrid	Conor Gallagher	tackles	o 1.5	-	-150	-	-800	-	-	-%	-%			
39.3	200 365	33%	melbourne	Benjamin Mazzeo	shots	o 3.5	'+100	-	'+200	-	-	-	-%	-%		-	
39.1	350 365	22%	atletico madrid	Rodrigo De Paul	tackles	o 2.5	-	'+185	'+350	-	-	-	-%	-%		游리	
38.8	-110 365	52%	psv	Noa Lang	tackles	o 0.5	-	-340	-110	-	-	-	70%	70%	1,0,1,0,2,1,5,0,1,1	-	28,114,72,90,66
38.7	160 CZ	38%	aston villa	Axel Disasi	tackles	o 1.5	-	-130	-138/+100	160	-	-	30%	27%	1,0,4,2,0,0,0,1,1,3	-	90,90,90,63,90
38.1	240 CZ	29%	arsenal	Leandro Trossard	shots	o 3.5	'+105	-	'+150	240	-	-	-%	-%		-	
37.8	650 DK	13%	aston villa	Leon Bailey	tackles	o 1.5	-	'+650	'+333	-	-	-	0%	7%	0,0,1,0,1,1,0,0,1,0	-	13,45,90,63,45
37.8	150 DK	40%	arsenal	Thomas Partey	tackles	o 2.5	-	'+150	-120	-170	-	-	-%	-%		-	
37.6	100 DK	50%	lille	Ngalayel Mukau	tackles	o 1.5	-	'+100	-275	-	-	-	40%	52%	2,1,0,0,0,2,3,0,1,2	游리	70,75,90,62,76
36.8	280 FD	26%	arsenal	Martin Odegaard	shots	o 3.5	'+280	-	'+150	-	-	-	-%	-%		-	
35.9	800 FD	11%	melbourne	Samuel Souprayen	shots	o 1.5	'+800	-	'+400	-	-	-	-%	-%		-	
35.9	750 365	12%	psv	Guus Til	tackles	o 2.5	-	'+380	'+750	-	-	-	0%	0%	0,2,0,0,0,2,1,1,2,1	-	62,49,72,90,90
35.5	320 CZ	24%	dortmund	Ramy Bensebaini	shots	o 1.5	'+175	-	-	320	-	-	30%	22%	0,0,2,1,2,0,0,0,0,2	游리	2,69,73,8,62
35.1	-143 BR	59%	hull	Joe Gelhardt	shots	o 1.5	-	-	-550	-	-143/-117	-	-%	-%		-	
34.3	140 CZ	42%	real madrid	Brahim Diaz	shots	o 1.5	-150	-	-	140	-	-	20%	19%	2,0,1,0,0,0,0,2,1,0	游리	72,7,58,88,5
34.1	230 BR	30%	stoke	Amario Cozier Duberry	shots_on_target	o 0.5	'+125	-	-	-	230/-420	-	-%	-%		-	
33.8	280 BR	26%	club brugge	Hugo Vetlesen	shots_on_target	o 0.5	'+155	-	-	-	280/-560	-	0%	20%	0,0,0,0,0,0,0,0,0,0	-	5,45,45,1,45
33.8	280 CZ	26%	arsenal	Leandro Trossard	shots_on_target	o 1.5	'+155	-	-	280	-	-	-%	-%		-	
33.7	-106 BR	51%	watford	Giorgi Chakvetadze	shots	o 1.5	-	-	-275	-	-106/-155	-	-%	-%		-	
33.2	290 DK	26%	aston villa	Emiliano Martinez	saves	o 3.5	-	'+290	'+162	-	-	-	20%	30%	2,2,3,4,2,1,5,2,1,2	-	90,90,45,90,90
32.7	155 BR	39%	stoke	Tyrhys Dolan	shots_on_target	o 0.5	-125	-	-	-	155/-265	-	-%	-%		-	
32.7	265 DK	27%	club brugge	Brandon Mechele	tackles	o 2.5	-	'+265	'+225	100	-	-	20%	18%	1,2,2,0,3,2,2,3,1,2	-	90,90,90,90,90
32.7	1800 FD	5%	arsenal	Martin Odegaard	shots	o 5.5	'+1800	-	'+700	-	-	-	-%	-%		-	
32.6	320 CZ	24%	atletico madrid	Marcos Llorente	shots	o 1.5	'+115	-	'+300	320	-	-	-%	-%		游리	
32.5	550 FD	15%	aston villa	Boubacar Kamara	shots	o 1.5	'+550	-	'+300	-	-	-	0%	0%	1,0,0,1,0,1,0,0,0,0	-	90,90,15,27,30
32.3	310 BR	24%	portsmouth	Marlon Pack	shots	o 1.5	-	-	'+175	-	310/-715	-	-%	-%		-	
32.0	100 DK	50%	atletico madrid	Javi Galan	tackles	o 2.5	-	'+100	-	-240	-	-	-%	-%		游리	
32.0	1200 365	8%	arsenal	Riccardo Calafiori	shots	o 2.5	'+550	-	'+1200	-	-	-	-%	-%		-	
32.0	100 CZ	50%	arsenal	Leandro Trossard	shots	o 2.5	-240	-	-	100	-	-	-%	-%		-	
31.8	120 DK	45%	dortmund	Ramy Bensebaini	tackles	o 2.5	-	'+120	-	-180	-	-	30%	39%	1,0,0,3,0,0,3,0,1,4	游리	2,69,73,8,62
31.8	200 CZ	33%	arsenal	Martin Odegaard	shots	o 2.5	'+110	-	-	200	-	-	-%	-%		-	
31.4	175 CZ	36%	arsenal	Declan Rice	shots	o 1.5	-105	-	-	175	-	-	-%	-%		-	
31.0	350 365	22%	lille	Benjamin Andre	tackles	o 4.5	-	-	'+350	200	-	-	20%	10%	5,2,2,1,3,0,3,3,1,5	游리	90,90,90,90,90
31.0	162 365	38%	lille	Benjamin Andre	tackles	o 3.5	-	-	'+162	-115	-	-	20%	20%	5,2,2,1,3,0,3,3,1,5	游리	90,90,90,90,90
31.0	350 365	22%	real madrid	Antonio Rudiger	tackles	o 1.5	-	'+200	'+350	-	-	-	10%	12%	1,0,3,0,0,0,0,0,1,0	游리	90,5,90,90,90
30.8	125 DK	44%	dortmund	Pascal Gross	tackles	o 2.5	-	'+125	-	-165	-	-	30%	18%	1,4,2,3,2,2,2,5,1,0	游리	90,90,90,90,74
29.6	260 FD	28%	melbourne v newcastle jets	Ben Gibson	shots	o 2.5	'+260	-	'+150	-	-	-	-%	-%		-	
29.5	105 DK	49%	lille	Benjamin Andre	tackles	o 2.5	-	'+105	-150	-300	-	-	50%	40%	5,2,2,1,3,0,3,3,1,5	游리	90,90,90,90,90
29.4	180 DK	36%	real madrid	Aurelien Tchouameni	tackles	o 2.5	-	'+180	'+162	-160	-	-	10%	23%	1,0,2,2,0,3,0,2,2,1	游리	90,90,90,90,90
29.0	300 365	25%	atletico madrid	Conor Gallagher	shots	o 1.5	'+115	-	'+300	280	-	-	-%	-%			
28.6	333 365	23%	dortmund	Maximilian Beier	shots	o 2.5	'+195	-	'+333	-	-	-	20%	11%	2,1,0,1,2,0,6,3,1,0	游리	45,90,88,25,28
28.5	-127 BR	56%	club brugge	Gustaf Nilsson	shots	o 1.5	-330	-	-	-	-127/-136	-	30%	54%	8,1,5,0,1,0,1,3,0,1	-	5,32,90,6,18
28.3	750 DK	12%	atletico madrid	Antoine Griezmann	tackles	o 2.5	-	'+750	'+400	-	-	-	-%	-%		游리	
27.9	120 365	45%	atletico madrid	Rodrigo De Paul	tackles	o 1.5	-	-165	'+120/-163	-	-	-	-%	-%		游리	
27.7	-165 FD	62%	melbourne	Thomas Aquilina	shots	o 0.5	-165	-	-550	-	-	-	-%	-%		-	
27.5	175 DK	36%	atletico madrid	Marcos Llorente	tackles	o 2.5	-	'+175	'+120/-163	-190	-	-	-%	-%		游리	
26.9	1000 365	9%	melbourne	Benjamin Mazzeo	shots	o 5.5	'+500	-	'+1000	-	-	-	-%	-%		-	
26.9	1000 365	9%	real madrid	Luka Modric	shots	o 2.5	'+500	-	'+1000	-	-	-	0%	2%	0,1,0,0,1,0,2,0,1,0		8,85,90,29,90
26.7	140 BR	42%	psv	Ismael Saibari	shots_on_target	o 0.5	-130	-	-	-	140/-235	-	70%	68%	1,1,2,0,0,2,3,2,0,2	-	28,120,90,81,90
26.6	165 BR	38%	lille	Remy Cabella	shots_on_target	o 0.5	-105	-	-	-	165/-295	-	40%	26%	1,2,0,0,1,1,0,0,0,0		82,63,62,45,90
26.3	135 DK	43%	lille	Alexsandro Ribeiro	tackles	o 1.5	-	'+135	-	-135	-	-	30%	35%	0,1,2,2,1,0,5,1,0,1		90,90,90,90,90
25.8	290 DK	26%	dortmund	Waldemar Anton	tackles	o 2.5	-	'+290	'+175	-	-	-	10%	21%	0,0,3,1,0,0,2,1,0,0		2,90,90,2,1
25.7	225 365	31%	dortmund	Julian Brandt	tackles	o 1.5	-	'+135	'+225	-	-	-	10%	13%	3,1,0,0,0,0,0,0,1,1	游리	90,68,2,82,90
25.6	140 DK	42%	real madrid	Brahim Diaz	tackles	o 1.5	-	'+140	-110/-125	-230	-	-	20%	27%	1,0,0,0,0,0,0,3,3,0	游리	72,7,58,88,5
25.5	240 FD	29%	club brugge	Joel Ordonez	shots	o 0.5	'+240	-	-	145	-	-	20%	26%	0,0,1,0,2,0,0,0,0,0	-	90,90,90,90,62
25.4	170 BR	37%	lille	Giovanni Reyna	shots_on_target	o 0.5	'+100	-	-	-	170/-315	-	-%	-%			
25.0	150 365	40%	club brugge	Gustaf Nilsson	shots	o 2.5	-115	-	'+150	-	-	-	30%	43%	8,1,5,0,1,0,1,3,0,1	-	5,32,90,6,18
24.5	225 365	31%	aston villa	John Mcginn	shots	o 1.5	'+100	-	'+225	190	-	-	10%	28%	0,1,0,1,0,1,0,2,0,0	-	90,90,90,63,60
24.4	380 CZ	21%	arsenal	Mikel Merino	shots_on_target	o 1.5	'+230	-	-	380	-	-	-%	-%		-	
24.2	165 DK	38%	aston villa	Youri Tielemans	tackles	o 2.5	-	'+165	'+120/-163	-210	-	-	40%	37%	0,4,0,1,1,5,5,2,3,0	-	90,90,90,90,90
24.1	107 BR	48%	stoke	Andreas Weimann	shots_on_target	o 0.5	-180	-	-	-	107/-177	-	-%	-%		-	
24.1	-112 BR	53%	arsenal	Gabriel Martinelli	shots_on_target	o 0.5	-230	-	-	-	-112/-141	-	-%	-%		-	
23.8	360 CZ	22%	dortmund	Pascal Gross	shots	o 1.5	'+220	-	-	360	-	-	30%	12%	0,1,0,3,3,0,3,0,0,1	游리	90,90,90,90,74
23.7	275 365	27%	dortmund	Gregor Kobel	saves	o 3.5	-	'+170	'+275	-	-	-	30%	30%	1,4,1,6,6,1,1,1,0,0	游리	90,90,90,90,90
23.7	-150 CZ	60%	atletico madrid	Marcos Llorente	shots	o 0.5	-380	-	-	-150	-	-	-%	-%		游리	
23.2	340 CZ	23%	arsenal	Ethan Nwaneri	shots_on_target	o 1.5	'+210	-	-	340	-	-	-%	-%		-	
23.2	-138 365	58%	psv	Walter Benitez	saves	o 2.5	-	-320	-138	-	-	-	60%	43%	3,3,4,2,5,2,3,1,1,3	-	90,120,90,90,90
22.9	-225 365	69%	aston villa	Ezri Konsa	tackles	o 0.5	-	-	-225/+162	-1000	-	-	30%	55%	0,0,2,3,0,0,0,0,1,0	-	90,90,90,90,90
22.7	-215 DK	68%	real madrid	Eduardo Camavinga	tackles	o 1.5	-	-215	-800	-	-	-	70%	60%	7,2,1,2,3,0,2,5,2,0		18,87,32,61,12
22.6	275 365	27%	arsenal	Thomas Partey	shots	o 1.5	'+185	-	'+275	160	-	-	-%	-%		-	
22.5	390 FD	20%	lille	Benjamin Andre	shots_on_target	o 0.5	'+390	-	-	240	-	-	10%	15%	0,0,0,0,0,0,0,0,0,1	游리	90,90,90,90,90
22.2	600 DK	14%	arsenal	Leandro Trossard	tackles	o 2.5	-	'+600	'+350	-	-	-	-%	-%		-	
22.1	-155 DK	61%	atletico madrid	Marcos Llorente	tackles	o 1.5	-	-155	-250	-700	-	-	-%	-%		游리	
22.1	110 DK	48%	aston villa	Emiliano Martinez	saves	o 2.5	-	'+110	-163	-	-	-	30%	43%	2,2,3,4,2,1,5,2,1,2	-	90,90,45,90,90
21.7	800 365	11%	atletico madrid	Clement Lenglet	shots	o 1.5	'+440	-	'+800	-	-	-	-%	-%		游리	
21.6	162 365	38%	club brugge	Christos Tzolis	tackles	o 1.5	-	'+125	'+162/-225	-125	-	-	40%	36%	2,1,2,1,0,1,1,1,2,2	-	45,74,54,90,72
21.2	333 365	23%	lille	Ngalayel Mukau	shots	o 1.5	'+210	-	'+333	-	-	-	10%	14%	1,0,0,0,0,0,1,3,0,1	游리	70,75,90,62,76
21.2	350 365	22%	club brugge	Gustaf Nilsson	shots	o 3.5	'+220	-	'+350	-	-	-	20%	36%	8,1,5,0,1,0,1,3,0,1	-	5,32,90,6,18
21.2	-150 CZ	60%	arsenal	Martin Odegaard	shots	o 1.5	-280	-	-450	-150	-	-	-%	-%		-	
21.0	275 365	27%	lille	Jamie Bynoe Gittens	shots	o 2.5	-	-	'+275	175	-	-	-%	-%			
20.8	700 365	12%	dortmund	Gregor Kobel	saves	o 4.5	-	'+400	'+700	-	-	-	20%	15%	1,4,1,6,6,1,1,1,0,0	游리	90,90,90,90,90
20.8	700 365	12%	leeds	Benicio Baker Boaitey	shots	o 1.5	-	-	'+700	-	310/-770	-	-%	-%		-	
20.7	-165 BR	62%	portsmouth	Connor Ogilvie	shots	o 0.5	-	-	-400	-	-165/-104	-	-%	-%		-	
20.6	-160 CZ	62%	atletico madrid	Conor Gallagher	shots	o 0.5	-380	-	-	-160	-	-	-%	-%			
20.5	-240 DK	71%	arsenal	Mikel Merino	tackles	o 0.5	-	-240	-1000	-	-	-	-%	-%		-	
20.3	-180 DK	64%	lille	Thomas Meunier	tackles	o 1.5	-	-180	-334	-800	-	-	60%	40%	0,3,3,3,4,2,1,8,0,1	游리	90,90,90,90,66
20.2	135 CZ	43%	atletico madrid	Robin Le Normand	shots	o 0.5	-120	-	-	135	-	-	-%	-%		游리	
20.0	140 BR	42%	stoke	Emre Tezgel	shots_on_target	o 0.5	-115	-	-	-	140/-230	-	30%	35%	0,0,0,0,1,0,1,0,1,0	-	26,90,7,120,15
20.0	-225 DK	69%	lille	Ismaily	tackles	o 1.5	-	-225	-700	-800	-	-	60%	64%	0,3,1,5,4,0,2,0,2,3		17,75,11,76,45
19.9	225 365	31%	arsenal	Thomas Partey	tackles	o 3.5	-	-	'+225	145	-	-	-%	-%		-	
19.8	-163 365	62%	psv	Guus Til	tackles	o 0.5	-	-380	-163	-	-	-	60%	64%	0,2,0,0,0,2,1,1,2,1	-	62,49,72,90,90
19.7	750 365	12%	arsenal	Ethan Nwaneri	tackles	o 2.5	-	'+425	'+750	-	-	-	-%	-%		-	
19.6	215 DK	32%	atletico madrid	Antoine Griezmann	tackles	o 1.5	-	'+215	'+137/-188	-	-	-	-%	-%		游리	
19.4	270 BR	27%	arsenal	Riccardo Calafiori	shots_on_target	o 0.5	'+175	-	-	-	270/-560	-	-%	-%		-	
18.9	200 365	33%	aston villa	Ollie Watkins	tackles	o 0.5	-	'+130	'+200/-275	-	-	-	10%	18%	0,0,0,0,1,0,0,0,0,0	-	77,67,81,89,90
18.6	333 365	23%	leeds v millwall	Zak Lovelace	shots	o 1.5	-	-	'+333	-	180/-345	-	-%	-%		-	
18.3	120 DK	45%	aston villa	Leon Bailey	tackles	o 0.5	-	'+120	-138/+100	-	-	-	40%	27%	0,0,1,0,1,1,0,0,1,0	-	13,45,90,63,45
18.1	-148 BR	60%	arsenal	Mikel Merino	shots	o 1.5	-450	-	-450	-165	-148/-113	-	-%	-%		-	
18.0	-125 365	56%	real madrid	Antonio Rudiger	tackles	o 0.5	-	-230	-125/-110	-	-	-	30%	59%	1,0,3,0,0,0,0,0,1,0	游리	90,5,90,90,90
17.6	-165 DK	62%	dortmund	Emre Can	tackles	o 1.5	-	-165	-334	-380	-	-	70%	59%	3,0,3,3,1,4,0,4,2,2	游리	90,90,90,90,90
17.5	-235 DK	70%	psv	Ismael Saibari	tackles	o 1.5	-	-235	-700	-	-	-	80%	80%	0,4,3,3,2,5,6,1,3,3	-	28,120,90,81,90
17.4	107 BR	48%	club brugge	Romeo Vermant	shots_on_target	o 0.5	-155	-	-	-	107/-175	-	40%	38%	1,0,0,0,1,0,0,1,0,1	-	21,1,63,30,2
17.4	107 BR	48%	club brugge	Romeo Vermant	shots	o 1.5	-155	-	-	-	107/-182	-	10%	25%	1,0,1,0,1,0,0,4,0,1	-	21,1,63,30,2
17.3	300 365	25%	real madrid	Luka Modric	shots	o 1.5	'+145	-	'+300	280	-	-	10%	19%	0,1,0,0,1,0,2,0,1,0		8,85,90,29,90
17.3	140 BR	42%	aston villa	Jacob Ramsey	shots_on_target	o 0.5	-110	-	-	-	140/-235	-	10%	22%	0,0,3,0,0,0,0,0,0,0	-	45,67,9,27,67
17.2	475 DK	17%	lille	Ethan Mbappe	tackles	o 2.5	-	'+475	'+300	-	-	-	11%	11%	0,1,0,0,1,3,2,0,2		27,58,45,45,70
16.8	-165 DK	62%	lille	Mitchel Bakker	tackles	o 1.5	-	-165	-350	-	-	-	10%	31%	1,1,1,1,1,0,3,1,0,0		25,90,45,14,45
16.8	200 365	33%	hull	Harry Vaughan	shots	o 1.5	-	-	'+200	-	117/-200	-	-%	-%		-	
16.8	-165 BR	62%	arsenal	Gabriel Martinelli	shots	o 1.5	-350	-	-	-	-165/-104	-	-%	-%		-	
16.7	-150 365	60%	arsenal	Jurrien Timber	tackles	o 1.5	-	-185	-150	-525	-	-	-%	-%		-	
16.5	275 365	27%	real madrid	Kylian Mbappe	shots	o 4.5	'+195	-	'+275	185	150/-265	-	50%	43%	7,3,3,5,8,7,6,0,1,4	游리	77,90,74,90,78
16.5	700 FD	12%	real madrid	Antonio Rudiger	shots	o 1.5	'+700	-	'+450	380	-	-	20%	19%	1,1,2,0,0,0,0,0,0,2	游리	90,5,90,90,90
16.4	300 365	25%	arsenal	William Saliba	tackles	o 2.5	-	'+200	'+300	200	-	-	-%	-%		-	
16.4	1200 FD	8%	psv	Ryan Flamingo	shots	o 1.5	'+1200	-	'+600	-	-	-	20%	20%	1,2,0,0,1,0,1,0,1,2	-	90,120,90,45,90
16.4	1200 FD	8%	arsenal	Myles Lewis Skelly	shots	o 2.5	'+1200	-	'+600	-	-	-	-%	-%		-	
16.2	-265 BR	73%	portsmouth	Matt Ritchie	shots	o 0.5	-	-	-900	-	-265/148	-	-%	-%		-	
16.1	260 FD	28%	real madrid	Vinicius Junior	shots	o 3.5	'+260	-	-	175	-	-	50%	40%	4,3,3,4,3,6,4,1,3,4	游리	89,83,90,90,90
15.9	-155 BR	61%	hull	Mason Burstow	shots	o 1.5	-	-	-300	-	-155/-106	-	30%	29%	2,2,1,1,1,0,0,0,1,3	-	62,23,16,26,33
15.8	380 BR	21%	watford	Harry Darling	shots	o 1.5	-	-	'+250	-	380/-1115	-	-%	-%		-	
15.8	450 CZ	18%	arsenal	Martin Odegaard	shots_on_target	o 1.5	'+290	-	-	450	-	-	-%	-%		-	
15.8	380 DK	21%	arsenal	David Raya	saves	o 3.5	-	'+380	'+250	-	-	-	-%	-%		-	
15.5	-180 DK	64%	aston villa	Youri Tielemans	tackles	o 1.5	-	-180	-250	-700	-	-	50%	63%	0,4,0,1,1,5,5,2,3,0	-	90,90,90,90,90
15.4	900 365	10%	dortmund	Maximilian Beier	shots	o 3.5	'+500	-	'+900	-	-	-	10%	3%	2,1,0,1,2,0,6,3,1,0	游리	45,90,88,25,28
15.4	900 365	10%	real madrid	David Alaba	shots	o 1.5	'+500	-	'+900	-	-	-	0%	0%	0,0,0,0,0,0,0,0,0		1,72,19,58,90
15.4	900 365	10%	club brugge	Gustaf Nilsson	shots	o 4.5	'+500	-	'+900	-	-	-	20%	25%	8,1,5,0,1,0,1,3,0,1	-	5,32,90,6,18
15.4	-150 DK	60%	psv	Luuk De Jong	tackles	o 0.5	-	-150	-163	-600	-	-	60%	64%	2,0,0,1,0,4,1,2,3,0	-	90,120,90,65,90
15.3	800 365	11%	atletico madrid	Robin Le Normand	shots	o 1.5	'+460	-	'+800	-	-	-	-%	-%		游리	
15.3	-330 DK	77%	aston villa	Boubacar Kamara	tackles	o 0.5	-	-330	-1600	-	-	-	60%	67%	2,1,6,3,9,0,3,0,0,0	-	90,90,15,27,30
15.2	500 365	17%	club brugge	Christos Tzolis	tackles	o 2.5	-	'+400	'+500	260	-	-	0%	0%	2,1,2,1,0,1,1,1,2,2	-	45,74,54,90,72
15.1	-175 365	64%	arsenal	Ethan Nwaneri	tackles	o 0.5	-	-360	-175	-	-	-	-%	-%		-	
15.0	360 BR	22%	watford	Zan Vipotnik	shots	o 2.5	-	-	'+240	-	360/-1000	-	-%	-%		-	
15.0	335 BR	23%	watford	Yasser Larouci	shots	o 1.5	-	-	'+225	-	335/-910	-	-%	-%		-	
15.0	120 DK	45%	dortmund	Julian Ryerson	tackles	o 2.5	-	'+120	'+110	-180	-	-	40%	30%	6,2,4,3,0,2,6,2,2,1	游리	90,90,84,82,28
15.0	360 BR	22%	hull	Mason Burstow	shots	o 3.5	-	-	'+240	-	360/-1000	-	0%	0%	2,2,1,1,1,0,0,0,1,3	-	62,23,16,26,33
14.5	250 365	29%	hull	Tyler Goodrham	shots	o 1.5	-	-	'+250	-	148/-265	-	-%	-%		-	
14.5	240 365	29%	atletico madrid	Rodrigo De Paul	shots	o 1.5	'+165	-	'+240	-	-	-	-%	-%		游리	
14.4	235 DK	30%	aston villa	Ian Maatsen	tackles	o 2.5	-	'+235	'+162	-	-	-	10%	14%	0,1,1,0,3,0,0,0,2,1	-	45,13,90,13,82
14.4	-110 CZ	52%	aston villa	Lucas Digne	shots	o 0.5	-180	-	-	-110	-	-	20%	39%	2,0,0,0,1,0,0,0,0,0	-	77,77,8,90,90
14.2	-205 BR	67%	watford	Imran Louza	shots	o 0.5	-	-	-450	-	-205/118	-	-%	-%		-	
14.2	-320 FD	76%	melbourne	Kai Trewin	shots	o 0.5	-320	-	-1200	-	-	-	-%	-%		-	
14.1	205 DK	33%	dortmund	Nico Schlotterbeck	tackles	o 2.5	-	'+205	'+150	135	-	-	20%	25%	0,0,3,1,0,2,0,0,3,1	游리	90,90,90,90,90
13.9	-295 DK	75%	lille	Ayyoub Bouaddi	tackles	o 1.5	-	-295	-1000	-	-	-	60%	46%	2,0,8,2,3,6,4,0,0,0	游리	89,90,28,90,85
13.9	-286 BR	74%	leeds	Pascal Struijk	shots	o 0.5	-	-	-900	-	-286/155	-	60%	58%	1,1,0,1,0,1,0,1,0,2	-	13,1,90,4,20
13.8	108 BR	48%	stoke	Lewis Baker	shots_on_target	o 0.5	-140	-	-	-	108/-177	-	-%	-%		-	
13.8	-110 DK	52%	dortmund	Waldemar Anton	tackles	o 1.5	-	-110	-175	-	-	-	20%	38%	0,0,3,1,0,0,2,1,0,0		2,90,90,2,1
13.8	145 DK	41%	lille	Ethan Mbappe	tackles	o 1.5	-	'+145	'+100	-	-	-	33%	33%	0,1,0,0,1,3,2,0,2		27,58,45,45,70
13.8	-136 BR	58%	arsenal	Raheem Sterling	shots_on_target	o 0.5	-230	-	-	-	-136/-117	-	-%	-%		-	
13.8	145 DK	41%	arsenal	David Raya	saves	o 2.5	-	'+145	'+100	-	-	-	-%	-%		-	
13.7	440 BR	19%	stoke	Ben Wilmot	shots_on_target	o 0.5	'+290	-	-	-	440/-1250	-	10%	14%	0,0,0,0,0,0,0,0,0,1	-	90,90,120,90,89
13.6	-122 BR	55%	portsmouth	Josh Murphy	shots	o 2.5	-	-	-200	-	-122/-137	-	-%	-%		-	
13.5	-200 DK	67%	arsenal	Thomas Partey	tackles	o 1.5	-	-200	-334	-525	-	-	-%	-%		-	
13.4	-117 BR	54%	club brugge	Gustaf Nilsson	shots_on_target	o 0.5	-190	-	-	-	-117/-137	-	50%	54%	4,1,3,0,0,0,1,0,0,1	-	5,32,90,6,18
13.3	-235 BR	70%	aston villa	Ross Barkley	shots	o 0.5	-550	-	-	-	-235/132	-	50%	52%	0,1,1,1,1,0,0,0,2,0	-	1,22,8,75,22
13.2	-165 BR	62%	watford	Ryan Andrews	shots	o 0.5	-	-	-300	-	-165/-103	-	-%	-%		-	
13.2	-150 CZ	60%	dortmund	Ramy Bensebaini	shots	o 0.5	-260	-	-	-150	-	-	40%	47%	0,0,2,1,2,0,0,0,0,2	游리	2,69,73,8,62
13.2	650 FD	13%	dortmund	Karim Adeyemi	shots	o 3.5	'+650	-	'+400	-	-	-	30%	17%	1,0,3,2,0,5,5,6,2,1	游리	88,90,82,90,89
13.0	-175 365	64%	atletico madrid	Clement Lenglet	tackles	o 0.5	-	-330	-175/+125	-	-	-	-%	-%		游리	
12.9	900 365	10%	hull	Tyler Goodrham	shots	o 2.5	-	-	'+900	-	380/-1115	-	-%	-%		-	
12.8	100 365	50%	arsenal	William Saliba	tackles	o 1.5	-	-150	'+100	-155	-	-	-%	-%		-	
12.8	165 BR	38%	psv	Guus Til	shots_on_target	o 0.5	-110	-	-	150	165/-286	-	50%	50%	4,0,0,1,0,3,1,0,0,2	-	62,49,72,90,90
12.7	220 FD	31%	dortmund	Karim Adeyemi	shots	o 2.5	'+220	-	'+150	160	-	-	40%	29%	1,0,3,2,0,5,5,6,2,1	游리	88,90,82,90,89
12.7	255 DK	28%	atletico madrid	Julian Alvarez	tackles	o 1.5	-	'+255	'+175/-250	-	-	-	-%	-%		游리	
12.6	-105 DK	51%	aston villa	Lucas Digne	tackles	o 1.5	-	-105	-150/+110	-230	-	-	50%	54%	5,0,3,1,0,0,2,1,2,4	-	77,77,8,90,90
12.5	-400 BR	80%	hull	Kyle Joseph	shots	o 0.5	-	-	-2500	-	-400/195	-	-%	-%		-	
12.5	-310 DK	76%	atletico madrid	Javi Galan	tackles	o 1.5	-	-310	-	-1000	-	-	-%	-%		游리	
12.4	130 CZ	43%	club brugge	Chemsdine Talbi	shots	o 1.5	-110	-	-	130	-	-	80%	32%	0,2,3,2,2,2,2,4,2,1	-	53,58,71,84,62
12.3	-195 BR	66%	arsenal	Raheem Sterling	shots	o 1.5	-380	-	-	-	-195/115	-	-%	-%		-	
12.1	-305 BR	75%	watford	Florian Bianchini	shots	o 0.5	-	-	-900	-	-305/165	-	-%	-%		-	
12.1	-250 DK	71%	dortmund	Ramy Bensebaini	tackles	o 1.5	-	-250	-	-600	-	-	30%	48%	1,0,0,3,0,0,3,0,1,4	游리	2,69,73,8,62
12.1	450 DK	18%	atletico madrid	Robin Le Normand	tackles	o 2.5	-	'+450	'+300	-	-	-	-%	-%		游리	
12.1	-250 365	71%	real madrid	Luka Modric	tackles	o 0.5	-	-450	-250/+175	-800	-	-	70%	57%	1,0,1,0,1,1,2,3,0,4		8,85,90,29,90
11.9	750 FD	12%	melbourne	Steven Ugarkovic	shots	o 4.5	'+750	-	'+450	-	-	-	-%	-%		-	
11.9	750 365	12%	atletico madrid	Clement Lenglet	tackles	o 2.5	-	'+450	'+750	-	-	-	-%	-%		游리	
11.9	115 FD	47%	real madrid	Antonio Rudiger	shots	o 0.5	'+115	-	-	-125	-	-	40%	56%	1,1,2,0,0,0,0,0,0,2	游리	90,5,90,90,90
11.8	-240 DK	71%	dortmund	Pascal Gross	tackles	o 1.5	-	-240	-	-525	-	-	70%	44%	1,4,2,3,2,2,2,5,1,0	游리	90,90,90,90,74
11.8	-190 BR	66%	arsenal	Ethan Nwaneri	shots	o 1.5	-600	-	-450	-210	-190/108	-	-%	-%		-	
11.7	175 DK	36%	arsenal	Leandro Trossard	tackles	o 1.5	-	'+175	'+125	-	-	-	-%	-%		-	
11.4	-115 CZ	53%	arsenal	Martin Odegaard	shots_on_target	o 0.5	-175	-	-	-115	-	-	-%	-%		-	
11.2	160 FD	38%	psv	Olivier Boscagli	shots	o 0.5	'+160	-	-	115	-	-	30%	53%	0,0,0,2,0,0,2,0,0,1	-	90,104,86,81,89
11.2	160 CZ	38%	psv	Noa Lang	shots	o 1.5	'+115	-	-	160	-	-	70%	56%	2,2,0,5,1,1,6,3,2,5	-	28,114,72,90,66
11.0	-235 DK	70%	lille	Hakon Arnar Haraldsson	tackles	o 0.5	-	-235	-500	-	-	-	60%	73%	0,1,0,1,1,0,1,0,3,1		67,76,45,90,75
10.9	-220 BR	69%	arsenal	Declan Rice	shots	o 0.5	-470	-	-900	-240	-220/130	-	-%	-%		-	
10.8	-300 365	75%	lille	Ethan Mbappe	shots	o 0.5	-750	-	-300	-	-	-	70%	73%	2,0,1,0,0,3,2,1,2,2		27,58,45,45,70
10.8	100 365	50%	dortmund	Gregor Kobel	saves	o 2.5	-	-145	'+100	-	-	-	30%	45%	1,4,1,6,6,1,1,1,0,0	游리	90,90,90,90,90
10.7	-455 BR	82%	hull	Kasey Palmer	shots	o 0.5	-	-	-3300	-	-455/215	-	70%	59%	0,2,1,0,2,2,2,4,0,1	-	90,68,73,90,58
10.7	265 BR	27%	atletico madrid	Rodrigo De Paul	shots_on_target	o 0.5	'+190	-	-	-	265/-500	-	-%	-%		游리	
10.5	235 DK	30%	psv	Olivier Boscagli	tackles	o 2.5	-	'+235	'+175	165	-	-	30%	30%	1,0,3,1,1,3,0,1,2,3	-	90,104,86,81,89
10.5	-117 BR	54%	arsenal	Mikel Merino	shots_on_target	o 0.5	-220	-	-	-140	-117/-136	-	-%	-%		-	
10.4	310 FD	24%	real madrid	Vinicius Junior	shots_on_target	o 1.5	'+310	-	-	220	-	-	30%	26%	3,1,1,1,1,1,2,1,1,2	游리	89,83,90,90,90
10.4	-180 CZ	64%	real madrid	Luka Modric	shots	o 0.5	-310	-	-	-180	-	-	40%	40%	0,1,0,0,1,0,2,0,1,0		8,85,90,29,90
10.3	-265 BR	73%	hull	Regan Slater	shots	o 0.5	-	-	-600	-	-265/148	-	70%	69%	1,2,0,2,2,1,2,0,1,0	-	74,90,6,90,11
10.3	450 365	18%	real madrid	Aurelien Tchouameni	shots	o 1.5	'+250	-	'+450	380	-	-	20%	24%	3,1,0,0,0,2,1,0,0,0	游리	90,90,90,90,90
10.0	340 BR	23%	portsmouth	Mustapha Bundu	shots	o 2.5	-	-	'+240	-	340/-1000	-	-%	-%		-	
9.7	-334 365	77%	real madrid	Federico Valverde	tackles	o 0.5	-	-650	-334	-1600	-	-	60%	72%	1,1,2,1,1,0,0,2,0,0	游리	90,90,89,81,23
9.7	-334 365	77%	club brugge	Ardon Jashari	tackles	o 0.5	-	-900	-334	-	-	-	80%	80%	3,3,3,1,2,2,0,0,1,1	-	90,88,90,90,90
9.7	143 BR	41%	aston villa	Ross Barkley	shots_on_target	o 0.5	'+105	-	-	-	143/-245	-	20%	22%	0,0,0,0,1,0,0,0,1,0	-	1,22,8,75,22
9.5	-240 BR	71%	arsenal	Leandro Trossard	shots	o 1.5	-750	-	-500	-320	-240/140	-	-%	-%		-	
9.4	-112 BR	53%	dortmund	Maximilian Beier	shots	o 1.5	-160	-	-	-	-112/-148	-	40%	35%	2,1,0,1,2,0,6,3,1,0	游리	45,90,88,25,28
9.2	275 365	27%	melbourne	Clayton Taylor	shots	o 2.5	'+200	-	'+275	-	-	-	-%	-%		-	
9.2	-340 DK	77%	aston villa	Lamare Bogarde	tackles	o 0.5	-	-340	-900	-	-	-	50%	58%	3,0,3,0,4,1,2,0,0,0	-	5,32,90,90,1
9.1	470 FD	18%	aston villa	Tyrone Mings	shots_on_target	o 0.5	'+470	-	-	320	-	-	10%	13%	0,0,0,0,0,0,0,0,0,1	-	75,90,58,90,90
9.0	175 365	36%	melbourne	Harry Politidis	shots	o 2.5	'+130	-	'+175	-	-	-	-%	-%		-	
9.0	-320 DK	76%	real madrid	Brahim Diaz	tackles	o 0.5	-	-320	-500	-1600	-	-	30%	53%	1,0,0,0,0,0,0,3,3,0	游리	72,7,58,88,5
9.0	132 BR	43%	real madrid	Brahim Diaz	shots_on_target	o 0.5	-125	-	-	120	132/-215	-	40%	35%	1,0,1,0,0,0,0,1,1,0	游리	72,7,58,88,5
8.8	-400 365	80%	melbourne	Medin Memeti	shots	o 1.5	-1200	-	-400	-	-	-	-%	-%		-	
8.8	-148 BR	60%	leeds	Daniel James	shots	o 2.5	-	-	-225	-	-148/-113	-	70%	50%	3,4,1,2,2,4,7,5,6,5	-	90,65,85,76,90
8.8	-400 365	80%	psv	Jerdy Schouten	tackles	o 0.5	-	-1200	-400	-	-	-	83%	83%	1,5,2,2,1,0	-	73,71,90,90,90
8.7	-120 BR	55%	dortmund	Pascal Gross	shots	o 0.5	-220	-	-	-135	-120/-143	-	50%	45%	0,1,0,3,3,0,3,0,0,1	游리	90,90,90,90,74
8.5	225 365	31%	arsenal	Declan Rice	tackles	o 2.5	-	'+180	'+225	155	-	-	-%	-%		-	
8.4	490 FD	17%	dortmund	Julian Brandt	shots	o 2.5	'+490	-	'+333	-	-	-	20%	24%	2,1,1,3,0,4,1,0,1,1	游리	90,68,2,82,90
8.4	-425 DK	81%	real madrid	Jude Bellingham	tackles	o 0.5	-	-425	-1400	-	-	-	80%	87%	1,1,1,5,1,3,3,0,0,8		90,38,90,90,85
8.4	205 BR	33%	arsenal	Declan Rice	shots_on_target	o 0.5	'+130	-	-	180	205/-385	-	-%	-%		-	
8.3	105 BR	49%	lille	Hakon Haraldsson	shots_on_target	o 0.5	-130	-	-	-	105/-167	-	-%	-%		游리	
8.2	-130 DK	57%	aston villa	Ian Maatsen	tackles	o 1.5	-	-130	-188	-	-	-	20%	24%	0,1,1,0,3,0,0,0,2,1	-	45,13,90,13,82
8.1	120 365	45%	arsenal	Myles Lewis Skelly	tackles	o 2.5	-	-130	'+120	105	-	-	-%	-%		-	
8.0	430 FD	19%	dortmund	Emre Can	shots	o 1.5	'+430	-	'+300	-	-	-	0%	3%	0,0,0,1,1,0,0,0,1,0	游리	90,90,90,90,90
8.0	-135 CZ	57%	real madrid	Aurelien Tchouameni	shots	o 0.5	-195	-	-	-135	-	-	40%	55%	3,1,0,0,0,2,1,0,0,0	游리	90,90,90,90,90
7.9	-435 BR	81%	watford	Giorgi Chakvetadze	shots	o 0.5	-	-	-1400	-	-435/220	-	-%	-%		-	
7.8	-200 365	67%	dortmund	Julian Brandt	tackles	o 0.5	-	-330	-200	-	-	-	40%	58%	3,1,0,0,0,0,0,0,1,1	游리	90,68,2,82,90
7.8	-200 BR	67%	aston villa	John Mcginn	shots	o 0.5	-440	-	-	-260	-200/112	-	40%	59%	0,1,0,1,0,1,0,2,0,0	-	90,90,90,63,60
7.7	-177 BR	64%	aston villa	Youri Tielemans	shots	o 0.5	-320	-	-	-240	-177/102	-	80%	60%	1,3,2,1,2,0,2,3,0,2	-	90,90,90,90,90
7.6	-350 365	78%	atletico madrid	Rodrigo De Paul	tackles	o 0.5	-	-800	-350	-	-	-	-%	-%		游리	
7.6	215 BR	32%	real madrid	Federico Valverde	shots_on_target	o 0.5	'+175	-	-	150	215/-420	-	20%	47%	0,0,0,2,0,0,0,0,1,0	游리	90,90,89,81,23
7.5	135 DK	43%	atletico madrid	Robin Le Normand	tackles	o 1.5	-	'+135	'+100/-138	-	-	-	-%	-%		游리	
7.4	138 BR	42%	dortmund	Maximilian Beier	shots_on_target	o 0.5	'+105	-	-	-	138/-225	-	20%	32%	0,1,0,0,0,0,2,0,0,0	游리	45,90,88,25,28
7.4	205 BR	33%	aston villa	Amadou Onana	shots_on_target	o 0.5	'+155	-	-	-	205/-385	-	20%	27%	1,0,0,0,0,0,1,0,0,0	-	8,68,90,36,45
7.4	2500 FD	4%	arsenal	Declan Rice	shots	o 4.5	'+2500	-	'+900	-	-	-	-%	-%		-	
7.3	-265 DK	73%	aston villa	Emiliano Martinez	saves	o 1.5	-	-265	-500	-	-	-	80%	78%	2,2,3,4,2,1,5,2,1,2	-	90,90,45,90,90
7.2	-225 BR	69%	club brugge	Chemsdine Talbi	shots	o 0.5	-470	-	-350	-360	-225/128	-	90%	68%	0,2,3,2,2,2,2,4,2,1	-	53,58,71,84,62
7.1	-115 DK	53%	club brugge	Brandon Mechele	tackles	o 1.5	-	-115	-138/+100	-320	-	-	70%	64%	1,2,2,0,3,2,2,3,1,2	-	90,90,90,90,90
7.1	360 BR	22%	club brugge	Gustaf Nilsson	shots_on_target	o 1.5	'+260	-	-	-	360/-910	-	20%	25%	4,1,3,0,0,0,1,0,0,1	-	5,32,90,6,18
7.1	-127 BR	56%	aston villa	Morgan Rogers	shots	o 1.5	-195	-	-	-165	-127/-132	-	30%	50%	6,1,3,5,1,0,1,1,0,1	-	77,90,9,90,89
7.0	-335 BR	77%	watford	Tom Ince	shots	o 0.5	-	-	-700	-	-335/170	-	-%	-%		-	
7.0	137 365	42%	psv	Ivan Perisic	tackles	o 1.5	-	'+105	'+137	-	-	-	100%	100%	2,3,2	-	90,84,18,90,90
6.8	-350 365	78%	melbourne	Benjamin Mazzeo	shots	o 1.5	-750	-	-350	-	-	-	-%	-%		-	
6.8	-105 FD	51%	lille	Benjamin Andre	shots	o 0.5	-105	-	-	-140	-	-	40%	38%	1,0,0,0,0,0,0,1,1,1	游리	90,90,90,90,90
6.8	-300 CZ	75%	aston villa	Axel Disasi	tackles	o 0.5	-	-600	-600	-300	-	-	60%	55%	1,0,4,2,0,0,0,1,1,3	-	90,90,90,63,90
6.8	-159 BR	61%	arsenal	Leandro Trossard	shots_on_target	o 0.5	-310	-	-	-180	-159/-103	-	-%	-%		-	
6.8	-134 BR	57%	arsenal	Ethan Nwaneri	shots_on_target	o 0.5	-240	-	-	-150	-134/-121	-	-%	-%		-	
6.7	-340 DK	77%	lille	Alexsandro Ribeiro	tackles	o 0.5	-	-340	-	-700	-	-	70%	71%	0,1,2,2,1,0,5,1,0,1		90,90,90,90,90
6.6	950 DK	10%	atletico madrid	Julian Alvarez	tackles	o 2.5	-	'+950	'+550	-	-	-	-%	-%		游리	
6.4	-295 BR	75%	lille	Giovanni Reyna	shots	o 0.5	-550	-	-	-	-295/155	-	-%	-%			
6.3	-150 DK	60%	dortmund	Nico Schlotterbeck	tackles	o 1.5	-	-150	-200	-230	-	-	30%	47%	0,0,3,1,0,2,0,0,3,1	游리	90,90,90,90,90
6.3	155 BR	39%	aston villa	Ollie Watkins	shots_on_target	o 1.5	'+100	-	-	145	155/-265	-	40%	24%	1,3,0,1,1,2,0,2,0,2	-	77,67,81,89,90
6.2	340 BR	23%	portsmouth	Josh Murphy	shots	o 4.5	-	-	'+250	-	340/-1000	-	-%	-%		-	
6.2	-475 DK	83%	lille	Ngalayel Mukau	tackles	o 0.5	-	-475	-1400	-	-	-	60%	70%	2,1,0,0,0,2,3,0,1,2	游리	70,75,90,62,76
6.2	195 DK	34%	club brugge	Simon Mignolet	saves	o 4.5	-	'+195	'+150	-	-	-	20%	8%	3,1,2,4,2,8,1,5,2,1	-	90,90,90,90,90
6.1	250 365	29%	lille	Lucas Chevalier	saves	o 3.5	-	'+190	'+250	-	-	-	40%	39%	5,5,2,1,4,0,2,7,0,3	游리	90,90,90,90,90
6.1	-125 365	56%	aston villa	Marco Asensio	tackles	o 0.5	-	-170	-125/-110	-	-	-	40%	29%	1,1,0,1,0,0,2,0,0,0	-	66,90,23,81,27
6.1	-360 BR	78%	aston villa	Leon Bailey	shots	o 0.5	-950	-	-700	-700	-360/180	-	90%	71%	3,2,0,2,2,1,1,1,2,2	-	13,45,90,63,45
5.7	-106 BR	51%	lille	Jonathan David	shots	o 2.5	-110	-	-200	-125	-106/-157	-	40%	32%	2,1,1,3,4,5,1,1,2,3	游리	90,90,28,90,67
5.7	300 DK	25%	aston villa	Marcus Rashford	tackles	o 1.5	-	'+300	'+225	-	-	-	20%	11%	1,0,0,1,3,1,0,0,0,2	-	45,23,81,63,23
5.7	108 BR	48%	aston villa	Leon Bailey	shots_on_target	o 0.5	-135	-	-	-105	108/-177	-	60%	29%	2,1,0,0,2,1,0,1,1,0	-	13,45,90,63,45
5.6	100 FD	50%	real madrid	Vinicius Junior	shots	o 2.5	'+100	-	-	-130	-	-	90%	60%	4,3,3,4,3,6,4,1,3,4	游리	89,83,90,90,90
5.5	-305 BR	75%	watford	Zan Vipotnik	shots	o 0.5	-	-	-550	-	-305/165	-	-%	-%		-	
5.5	-305 BR	75%	portsmouth	Mustapha Bundu	shots	o 0.5	-	-	-550	-	-305/165	-	-%	-%		-	
5.5	-400 365	80%	melbourne	Eli Adams	shots	o 0.5	-950	-	-400	-	-	-	-%	-%		-	
5.5	-205 BR	67%	real madrid	Federico Valverde	shots	o 0.5	-310	-	-	-320	-205/117	-	90%	82%	1,1,1,4,3,3,2,1,1,0	游리	90,90,89,81,23
5.4	-130 DK	57%	psv	Olivier Boscagli	tackles	o 1.5	-	-130	-163	-190	-	-	40%	40%	1,0,3,1,1,3,0,1,2,3	-	90,104,86,81,89
5.3	-625 BR	86%	hull	Joe Gelhardt	shots	o 0.5	-	-	-3300	-	-625/280	-	-%	-%		-	
5.3	450 365	18%	aston villa	Ollie Watkins	shots	o 4.5	'+320	-	'+450	-	-	-	20%	13%	2,5,0,4,1,4,0,5,1,4	-	77,67,81,89,90
5.3	700 FD	12%	arsenal	Gabriel Magalhaes	shots	o 2.5	'+700	-	'+450	-	-	-	-%	-%		-	
5.2	-250 BR	71%	watford	Ji Sung Eom	shots	o 0.5	-	-	-400	-	-250/143	-	-%	-%		-	
5.1	240 365	29%	real madrid	Jude Bellingham	shots	o 2.5	'+180	-	'+240	190	-	-	50%	33%	1,3,1,5,5,3,0,1,4,0		90,38,90,90,85
5.1	500 365	17%	aston villa	Lucas Digne	shots	o 1.5	'+280	-	'+500	450	-	-	10%	10%	2,0,0,0,1,0,0,0,0,0	-	77,77,8,90,90
4.8	500 DK	17%	aston villa	Tyrone Mings	tackles	o 1.5	-	'+500	'+350	-	-	-	10%	8%	1,0,0,1,2,0,0,1,1,1	-	75,90,58,90,90
4.8	-450 365	82%	psv	Walter Benitez	saves	o 1.5	-	-1100	-450	-	-	-	80%	71%	3,3,4,2,5,2,3,1,1,3	-	90,120,90,90,90
4.7	200 365	33%	real madrid	Rodrygo	shots	o 2.5	'+155	-	'+200	160	-	-	30%	40%	1,3,1,0,3,5,0,1,2,1	游리	90,7,90,90,67
4.7	-275 365	73%	club brugge	Christos Tzolis	tackles	o 0.5	-	-370	-275	-600	-	-	90%	91%	2,1,2,1,0,1,1,1,2,2	-	45,74,54,90,72
4.7	-115 DK	53%	club brugge	Simon Mignolet	saves	o 3.5	-	-115	-150	-	-	-	30%	28%	3,1,2,4,2,8,1,5,2,1	-	90,90,90,90,90
4.6	-220 DK	69%	atletico madrid	Antoine Griezmann	tackles	o 0.5	-	-220	-334	-	-	-	-%	-%		游리	
4.6	-129 BR	56%	aston villa	Ollie Watkins	shots	o 2.5	-175	-	-	-165	-129/-132	-	50%	33%	2,5,0,4,1,4,0,5,1,4	-	77,67,81,89,90
4.5	-245 DK	71%	dortmund	Julian Ryerson	tackles	o 1.5	-	-245	-275	-600	-	-	80%	50%	6,2,4,3,0,2,6,2,2,1	游리	90,90,84,82,28
4.5	380 CZ	21%	aston villa	Lucas Digne	shots_on_target	o 0.5	'+280	-	-	380	-	-	0%	15%	0,0,0,0,0,0,0,0,0,0	-	77,77,8,90,90
4.2	-280 DK	74%	lille	Benjamin Andre	tackles	o 1.5	-	-280	-450	-	-	-	70%	80%	5,2,2,1,3,0,3,3,1,5	游리	90,90,90,90,90
4.2	150 FD	40%	lille	Bafode Diakite	shots	o 0.5	'+150	-	-	120	-	-	20%	26%	0,0,0,0,1,2,0,0,0,0	游리	90,90,90,90,90
4.2	150 365	40%	real madrid	Ferland Mendy	tackles	o 1.5	-	'+120	'+150/-200	-	-	-	0%	17%	0,0,1,1,1,1,0,0,1,0	游리	90,90,3,84,90
4.2	280 BR	26%	atletico madrid	Marcos Llorente	shots_on_target	o 0.5	'+180	-	-	260	280/-560	-	-%	-%		游리	
4.2	-265 BR	73%	aston villa	Jacob Ramsey	shots	o 0.5	-700	-	-275	-	-265/148	-	30%	50%	2,0,5,0,0,0,0,0,0,2	-	45,67,9,27,67
4.2	-205 BR	67%	club brugge	Christos Tzolis	shots	o 1.5	-270	-	-300	-320	-205/118	-	80%	81%	5,4,3,3,2,3,2,1,2,1	-	45,74,54,90,72
4.1	100 BR	50%	real madrid	Jude Bellingham	shots_on_target	o 0.5	-125	-	-	-125	100/-165	-	50%	51%	0,0,1,2,1,2,0,0,2,0		90,38,90,90,85
4.0	370 DK	21%	lille	Jonathan David	tackles	o 1.5	-	'+370	'+275	-	-	-	10%	16%	0,3,0,0,0,1,1,0,0,0	游리	90,90,28,90,67
4.0	-140 DK	58%	real madrid	Rodrygo	tackles	o 0.5	-	-140	-150/+110	-700	-	-	70%	45%	5,0,0,1,1,4,0,1,2,2	游리	90,7,90,90,67
4.0	370 FD	21%	real madrid	Arda Guler	shots	o 3.5	'+370	-	'+275	-	-	-	10%	22%	0,7,1,0,1,0,0,0,1,2		18,19,75,83,32
4.0	-150 CZ	60%	aston villa	Leon Bailey	shots	o 1.5	-200	-	-	-150	-	-	60%	31%	3,2,0,2,2,1,1,1,2,2	-	13,45,90,63,45
4.0	-210 DK	68%	arsenal	David Raya	saves	o 1.5	-	-210	-300	-	-	-	-%	-%		-	
3.9	175 CZ	36%	dortmund	Julian Brandt	shots	o 1.5	'+140	-	-	175	-	-	30%	41%	2,1,1,3,0,4,1,0,1,1	游리	90,68,2,82,90
3.9	-106 BR	51%	real madrid	Rodrygo	shots_on_target	o 0.5	-130	-	-	-135	-106/-148	-	30%	56%	0,1,0,0,2,0,0,0,1,0	游리	90,7,90,90,67
3.8	-455 BR	82%	lille	Hakon Haraldsson	shots	o 0.5	-1000	-	-	-	-455/240	-	-%	-%		游리	
3.8	200 365	33%	aston villa	Youri Tielemans	shots	o 1.5	'+145	-	'+200	175	-	-	60%	38%	1,3,2,1,2,0,2,3,0,2	-	90,90,90,90,90
3.8	162 365	38%	arsenal	Ethan Nwaneri	shots	o 3.5	'+130	-	'+162	-	-	-	-%	-%		-	
3.7	-135 DK	57%	lille	Jonathan David	tackles	o 0.5	-	-135	-175	-	-	-	30%	41%	0,3,0,0,0,1,1,0,0,0	游리	90,90,28,90,67
3.6	155 DK	39%	dortmund	Serhou Guirassy	tackles	o 0.5	-	'+155	'+125	-	-	-	10%	12%	0,0,0,1,0,0,0,0,0,0	游리	68,84,88,90,90
3.6	112 BR	47%	atletico madrid	Samuel Lino	shots_on_target	o 0.5	-110	-	-	-	112/-180	-	-%	-%		游리	
3.4	-136 BR	58%	stoke v blackburn	Nathan Lowe	shots_on_target	o 0.5	-175	-	-	-	-136/-117	-	-%	-%		-	
3.4	200 365	33%	dortmund	Marcel Sabitzer	tackles	o 2.5	-	'+160	'+200	-	-	-	30%	12%	0,2,1,5,1,3,4,2,2,0	游리	88,84,90,90,16
3.4	150 DK	40%	atletico madrid	Nahuel Molina	tackles	o 2.5	-	'+150	'+120/-163	-	-	-	-%	-%			
3.3	-345 BR	78%	portsmouth	Josh Murphy	shots	o 1.5	-	-	-600	-	-345/180	-	-%	-%		-	
3.3	255 BR	28%	leeds	Macaulay Langstaff	shots	o 1.5	-	-	'+200	-	255/-530	-	-%	-%		-	
3.1	290 FD	26%	melbourne	Steven Ugarkovic	shots	o 3.5	'+290	-	'+225	-	-	-	-%	-%		-	
3.1	240 FD	29%	lille	Jonathan David	shots	o 3.5	'+240	-	-	190	-	-	20%	15%	2,1,1,3,4,5,1,1,2,3	游리	90,90,28,90,67
3.1	240 365	29%	atletico madrid	Rodrigo Riquelme	shots	o 2.5	'+190	-	'+240	-	-	-	-%	-%			
3.0	-115 FD	53%	atletico madrid	Julian Alvarez	shots	o 2.5	-115	-	-	-145	-175/100	-	-%	-%		游리	
3.0	-475 DK	83%	aston villa	Lucas Digne	tackles	o 0.5	-	-475	-700	-1600	-	-	70%	83%	5,0,3,1,0,0,2,1,2,4	-	77,77,8,90,90
3.0	-400 BR	80%	club brugge	Romeo Vermant	shots	o 0.5	-700	-	-	-	-400/205	-	50%	50%	1,0,1,0,1,0,0,4,0,1	-	21,1,63,30,2
3.0	-205 BR	67%	aston villa	Marco Asensio	shots	o 1.5	-290	-	-275	-	-205/118	-	30%	48%	0,0,1,0,4,0,3,0,4,1	-	66,90,23,81,27
3.0	160 CZ	38%	arsenal	Richard Ledezma	tackles	o 2.5	-	'+130	-	160	-	-	-%	-%		-	
2.9	460 FD	18%	dortmund	Serhou Guirassy	shots	o 4.5	'+460	-	'+333	-	-	-	20%	12%	5,3,2,3,4,1,8,2,1,4	游리	68,84,88,90,90
2.9	-455 BR	82%	hull	Abu Kamara	shots	o 0.5	-	-	-900	-	-455/230	-	50%	56%	0,0,0,5,3,3,2,1,0,0	-	81,90,55,57,12
2.9	-185 DK	65%	atletico madrid	Julian Alvarez	tackles	o 0.5	-	-185	-250	-	-	-	-%	-%		游리	
2.9	1200 DK	8%	aston villa	Marcus Rashford	tackles	o 2.5	-	'+1200	'+650	-	-	-	10%	4%	1,0,0,1,3,1,0,0,0,2	-	45,23,81,63,23
2.6	-560 BR	85%	club brugge	Gustaf Nilsson	shots	o 0.5	-1700	-	-900	-	-560/255	-	70%	82%	8,1,5,0,1,0,1,3,0,1	-	5,32,90,6,18
2.6	110 FD	48%	club brugge	Christos Tzolis	shots	o 2.5	'+110	-	-	-110	-	-	50%	58%	5,4,3,3,2,3,2,1,2,1	-	45,74,54,90,72
2.5	-235 BR	70%	leeds	Manor Solomon	shots	o 1.5	-	-	-334	-	-235/133	-	60%	41%	3,3,2,1,0,1,2,0,3,2	-	70,77,21,76,77
2.5	200 365	33%	aston villa	Morgan Rogers	shots	o 2.5	'+155	-	'+200	170	-	-	30%	29%	6,1,3,5,1,0,1,1,0,1	-	77,90,9,90,89
2.5	-225 365	69%	psv	Tyrell Malacia	tackles	o 1.5	-	-310	-225	-	-	-	44%	44%	2,1,3,0,0,1,1,2,2	-	77,43,90,90,1
2.4	180 BR	36%	lille	Jonathan David	shots_on_target	o 1.5	'+150	-	-	145	180/-315	-	20%	18%	1,1,1,1,2,2,1,1,0,1	游리	90,90,28,90,67
2.4	-300 365	75%	dortmund	Gregor Kobel	saves	o 1.5	-	-450	-300	-	-	-	30%	68%	1,4,1,6,6,1,1,1,0,0	游리	90,90,90,90,90
2.4	295 BR	25%	club brugge	Hugo Siquet	shots_on_target	o 0.5	'+230	-	-	-	295/-625	-	10%	12%	3,0,0,0,0,0,0,0,0,0	-	37,2,45,6,18
2.1	-420 BR	81%	leeds	Daniel James	shots	o 1.5	-	-	-700	-	-420/215	-	90%	70%	3,4,1,2,2,4,7,5,6,5	-	90,65,85,76,90
2.1	145 DK	41%	arsenal	Riccardo Calafiori	tackles	o 2.5	-	'+145	'+120	-	-	-	-%	-%		-	
2.0	-280 DK	74%	club brugge	Simon Mignolet	saves	o 2.5	-	-280	-400	-	-	-	40%	42%	3,1,2,4,2,8,1,5,2,1	-	90,90,90,90,90
1.9	-150 365	60%	dortmund	Marcel Sabitzer	tackles	o 1.5	-	-190	-150	-	-	-	60%	34%	0,2,1,5,1,3,4,2,2,0	游리	88,84,90,90,16
1.7	500 365	17%	melbourne	Harry Politidis	shots	o 3.5	'+360	-	'+500	-	-	-	-%	-%		-	
1.7	-670 BR	87%	arsenal	Mikel Merino	shots	o 0.5	-3000	-	-2500	-1000	-670/295	-	-%	-%		-	
1.6	-360 BR	78%	watford	Edo Kayembe	shots	o 0.5	-	-	-550	-	-360/180	-	-%	-%		-	
1.6	-160 DK	62%	aston villa	Marcus Rashford	tackles	o 0.5	-	-160	-200/+150	-	-	-	50%	44%	1,0,0,1,3,1,0,0,0,2	-	45,23,81,63,23
1.5	-310 DK	76%	lille	Ethan Mbappe	tackles	o 0.5	-	-310	-450	-	-	-	56%	56%	0,1,0,0,1,3,2,0,2		27,58,45,45,70
1.5	-450 365	82%	arsenal	William Saliba	tackles	o 0.5	-	-700	-450	-800	-	-	-%	-%		-	
1.4	275 365	27%	atletico madrid	Antoine Griezmann	shots	o 3.5	'+240	-	'+275	200	-	-	-%	-%		游리	
1.4	137 365	42%	club brugge	Hans Vanaken	tackles	o 1.5	-	'+115	'+137/-188	-	-	-	30%	27%	0,5,2,0,3,1,0,1,1,0	-	90,90,90,90,90
1.3	240 365	29%	atletico madrid	Julian Alvarez	shots	o 3.5	'+230	-	'+240	165	-	-	-%	-%		游리	
1.2	190 BR	34%	dortmund	Julian Brandt	shots_on_target	o 0.5	'+145	-	-	170	190/-360	-	30%	32%	1,0,0,1,0,1,0,0,0,0	游리	90,68,2,82,90
1.2	107 BR	48%	lille	Jamie Bynoe Gittens	shots_on_target	o 0.5	-	-	-	-110	107/-175	-	-%	-%			
1.1	-700 CZ	88%	arsenal	Martin Odegaard	shots	o 0.5	-1350	-	-2500	-700	-	-	-%	-%		-	
1.0	200 365	33%	lille	Bafode Diakite	tackles	o 1.5	-	'+165	'+200	-	-	-	10%	21%	0,1,0,1,1,0,1,4,1,0	游리	90,90,90,90,90
0.9	-715 BR	88%	hull	Mason Burstow	shots	o 0.5	-	-	-1600	-	-715/295	-	70%	67%	2,2,1,1,1,0,0,0,1,3	-	62,23,16,26,33
0.9	-210 BR	68%	arsenal	Gabriel Magalhaes	shots	o 0.5	-260	-	-300	-260	-210/123	-	-%	-%		-	
0.8	-175 BR	64%	dortmund	Marcel Sabitzer	shots	o 0.5	-240	-	-	-200	-175/-103	-	60%	60%	1,2,0,1,0,3,0,1,0,1	游리	88,84,90,90,16
0.8	-110 365	52%	lille	Lucas Chevalier	saves	o 2.5	-	-130	-110	-	-	-	50%	53%	5,5,2,1,4,0,2,7,0,3	游리	90,90,90,90,90
0.7	-163 365	62%	aston villa	Pau Torres	tackles	o 0.5	-	-200	-163	-	-	-	70%	54%	2,2,0,1,2,1,0,2,0,1	-	90,90,90,90,19
0.7	280 FD	26%	club brugge	Christos Tzolis	shots	o 3.5	'+280	-	'+240	210	-	-	20%	23%	5,4,3,3,2,3,2,1,2,1	-	45,74,54,90,72
0.7	-250 365	71%	arsenal	Myles Lewis Skelly	tackles	o 1.5	-	-390	-250	-280	-	-	-%	-%		-	
0.7	-260 DK	72%	arsenal	Leandro Trossard	tackles	o 0.5	-	-260	-350	-	-	-	-%	-%		-	
0.6	500 365	17%	portsmouth	Zak Swanson	shots	o 1.5	-	-	'+500	-	290/-670	-	-%	-%		-	
0.6	-135 CZ	57%	club brugge	Raphael Onyedika	shots	o 0.5	-160	-	-	-135	-	-	70%	65%	0,2,1,1,1,2,1,0,1,0	-	45,90,22,89,45
0.5	-235 BR	70%	portsmouth	Isaac Hayden	shots	o 0.5	-	-	-300	-	-235/133	-	-%	-%		-	
0.5	-500 DK	83%	dortmund	Waldemar Anton	tackles	o 0.5	-	-500	-800	-	-	-	40%	58%	0,0,3,1,0,0,2,1,0,0		2,90,90,2,1
0.5	-240 BR	71%	lille	Jonathan David	shots_on_target	o 0.5	-310	-	-	-320	-240/145	-	90%	65%	1,1,1,1,2,2,1,1,0,1	游리	90,90,28,90,67
0.5	-305 BR	75%	lille	Jonathan David	shots	o 1.5	-310	-	-700	-380	-305/165	-	60%	52%	2,1,1,3,4,5,1,1,2,3	游리	90,90,28,90,67
0.5	-105 DK	51%	aston villa	Tyrone Mings	tackles	o 0.5	-	-105	-125/-110	-	-	-	60%	62%	1,0,0,1,2,0,0,1,1,1	-	75,90,58,90,90
0.4	-800 DK	89%	lille	Mitchel Bakker	tackles	o 0.5	-	-800	-2000	-	-	-	70%	73%	1,1,1,1,1,0,3,1,0,0		25,90,45,14,45
0.4	-800 DK	89%	dortmund	Emre Can	tackles	o 0.5	-	-800	-2000	-	-	-	80%	75%	3,0,3,3,1,4,0,4,2,2	游리	90,90,90,90,90
0.4	230 DK	30%	aston villa	Morgan Rogers	tackles	o 1.5	-	'+230	'+225	160	-	-	20%	19%	1,0,0,1,0,0,2,0,3,1	-	77,90,9,90,89
0.4	-205 BR	67%	aston villa	Marcus Rashford	shots	o 1.5	-250	-	-250	-280	-205/118	-	30%	44%	1,0,0,4,1,2,0,6,1,0	-	45,23,81,63,23
0.2	-200 DK	67%	atletico madrid	Nahuel Molina	tackles	o 1.5	-	-200	-250	-	-	-	-%	-%			
0.2	-188 365	65%	real madrid	Kylian Mbappe	shots	o 2.5	-280	-	-188	-280	-295/155	-	80%	72%	7,3,3,5,8,7,6,0,1,4	游리	77,90,74,90,78
0.2	-265 BR	73%	psv	Guus Til	shots	o 0.5	-390	-	-	-300	-265/148	-	70%	78%	5,1,0,4,1,6,1,0,0,5	-	62,49,72,90,90
0.1	-220 BR	69%	hull	Cameron Brannagan	shots	o 0.5	-	-	-275	-	-220/128	-	-%	-%		-	
0.1	-175 DK	64%	real madrid	Aurelien Tchouameni	tackles	o 1.5	-	-175	-188/+137	-500	-	-	50%	48%	1,0,2,2,0,3,0,2,2,1	游리	90,90,90,90,90
0.1	-190 CZ	66%	arsenal	Richard Ledezma	tackles	o 1.5	-	-235	-	-190	-	-	-%	-%		-	
-0.0	600 365	14%	real madrid	Kylian Mbappe	shots	o 5.5	'+420	-	'+600	-	-	-	40%	22%	7,3,3,5,8,7,6,0,1,4	游리	77,90,74,90,78
-0.0	300 365	25%	arsenal	Leandro Trossard	shots	o 4.5	'+240	-	'+300	-	-	-	-%	-%		-	
-0.0	-770 BR	89%	arsenal	Gabriel Martinelli	shots	o 0.5	-1700	-	-	-	-770/310	-	-%	-%		-	
-0.1	190 FD	34%	dortmund	Serhou Guirassy	shots	o 3.5	'+190	-	'+150	170	-	-	40%	32%	5,3,2,3,4,1,8,2,1,4	游리	68,84,88,90,90
-0.1	-150 365	60%	arsenal	Declan Rice	tackles	o 1.5	-	-170	-150	-190	-	-	-%	-%		-	
-0.2	155 FD	39%	lille	Matias Fernandez Pardo	shots	o 1.5	'+155	-	-	-	115/-200	-	20%	25%	2,0,0,0,1,1,0,0,0,2		12,9,14,20,15
-0.3	-120 DK	55%	dortmund	Maximilian Beier	tackles	o 1.5	-	-120	-138	-	-	-	20%	21%	1,0,1,1,0,0,0,6,2,0	游리	45,90,88,25,28
-0.3	-125 BR	56%	club brugge	Christos Tzolis	shots_on_target	o 0.5	-150	-	-	-140	-125/-130	-	60%	58%	1,1,2,0,1,1,1,0,0,0	-	45,74,54,90,72
-0.4	117 BR	46%	real madrid	Kylian Mbappe	shots_on_target	o 1.5	'+105	-	-	100	117/-195	-	80%	63%	2,2,3,3,4,5,3,0,1,3	游리	77,90,74,90,78
-0.4	-200 365	67%	aston villa	Morgan Rogers	tackles	o 0.5	-	-205	-200/+150	-300	-	-	50%	62%	1,0,0,1,0,0,2,0,3,1	-	77,90,9,90,89
-0.5	-700 DK	88%	dortmund	Nico Schlotterbeck	tackles	o 0.5	-	-700	-1000	-1600	-	-	50%	69%	0,0,3,1,0,2,0,0,3,1	游리	90,90,90,90,90
-0.6	-400 365	80%	melbourne	Lachlan Bayliss	shots	o 0.5	-550	-	-400	-	-	-	-%	-%		-	
-0.6	-225 365	69%	lille	Bafode Diakite	tackles	o 0.5	-	-275	-225	-	-	-	60%	61%	0,1,0,1,1,0,1,4,1,0	游리	90,90,90,90,90
-0.6	-205 DK	67%	arsenal	Riccardo Calafiori	tackles	o 1.5	-	-205	-250	-	-	-	-%	-%		-	
-0.6	195 FD	34%	psv	Jerdy Schouten	shots	o 0.5	'+195	-	-	165	-	-	50%	29%	1,1,0,0,1,1,0,0,0,2	-	73,71,90,90,90
-0.7	-110 365	52%	atletico madrid	Samuel Lino	tackles	o 1.5	-	-125	-110/-125	-	-	-	-%	-%		游리	
-0.7	-340 DK	77%	atletico madrid	Robin Le Normand	tackles	o 0.5	-	-340	-450	-	-	-	-%	-%		游리	
-0.7	120 FD	45%	aston villa	Marcus Rashford	shots	o 2.5	'+120	-	-	105	-	-	20%	25%	1,0,0,4,1,2,0,6,1,0	-	45,23,81,63,23
-0.8	-245 BR	71%	leeds	Ao Tanaka	shots	o 0.5	-	-	-300	-	-245/140	-	70%	71%	1,1,3,0,0,1,2,0,1,2	-	77,89,22,80,70
-0.9	2300 FD	4%	melbourne v newcastle jets	Ben Gibson	shots	o 4.5	'+2300	-	'+900	-	-	-	-%	-%		-	
-0.9	190 DK	34%	aston villa	John Mcginn	tackles	o 2.5	-	'+190	'+162	-	-	-	20%	6%	0,0,1,0,2,3,4,2,0,0	-	90,90,90,63,60
-1.0	-300 365	75%	real madrid	Ferland Mendy	tackles	o 0.5	-	-380	-300	-	-	-	50%	62%	0,0,1,1,1,1,0,0,1,0	游리	90,90,3,84,90
-1.0	-910 BR	90%	arsenal	Ethan Nwaneri	shots	o 0.5	-3500	-	-2500	-1400	-910/335	-	-%	-%		-	
-1.1	-500 365	83%	melbourne	Clayton Taylor	shots	o 0.5	-700	-	-500	-	-	-	-%	-%		-	
-1.1	-550 365	85%	real madrid	Kylian Mbappe	shots	o 1.5	-850	-	-550	-	-	-	80%	85%	7,3,3,5,8,7,6,0,1,4	游리	77,90,74,90,78
-1.1	-240 CZ	71%	atletico madrid	Giuliano Simeone	shots	o 0.5	-650	-	-	-240	-360/180	-	-%	-%		游리	
-1.2	-225 BR	69%	psv	Ivan Perisic	shots	o 0.5	-280	-	-275	-260	-225/130	-	80%	63%	1,1,0,1,2,4,6,0,2,1	-	90,84,18,90,90
-1.3	650 365	13%	dortmund	Julian Brandt	tackles	o 2.5	-	'+450	'+650	-	-	-	10%	10%	3,1,0,0,0,0,0,0,1,1	游리	90,68,2,82,90
-1.3	500 365	17%	dortmund	Julian Ryerson	shots	o 1.5	'+370	-	'+500	-	-	-	10%	14%	0,0,0,3,0,0,0,1,0,0	游리	90,90,84,82,28
-1.3	-295 BR	75%	aston villa	Ollie Watkins	shots_on_target	o 0.5	-440	-	-	-320	-295/165	-	70%	60%	1,3,0,1,1,2,0,2,0,2	-	77,67,81,89,90
-1.4	1500 DK	6%	lille	Jonathan David	tackles	o 2.5	-	'+1500	'+750	-	-	-	10%	3%	0,3,0,0,0,1,1,0,0,0	游리	90,90,28,90,67
-1.4	600 FD	14%	dortmund	Karim Adeyemi	shots_on_target	o 1.5	'+600	-	-	425	-	-	20%	25%	0,0,1,2,0,1,0,2,1,0	游리	88,90,82,90,89
-1.4	-750 DK	88%	atletico madrid	Marcos Llorente	tackles	o 0.5	-	-750	-1200	-	-	-	-%	-%		游리	
-1.5	-270 FD	73%	melbourne	Steven Ugarkovic	shots	o 1.5	-270	-	-334	-	-	-	-%	-%		-	
-1.5	-600 FD	86%	melbourne v newcastle jets	Ben Gibson	shots	o 0.5	-600	-	-900	-	-	-	-%	-%		-	
-1.5	-600 DK	86%	aston villa	Ian Maatsen	tackles	o 0.5	-	-600	-900	-	-	-	50%	41%	0,1,1,0,3,0,0,0,2,1	-	45,13,90,13,82
-1.5	280 BR	26%	aston villa	Matty Cash	shots_on_target	o 0.5	'+230	-	-	-	280/-560	-	20%	24%	0,0,0,1,0,0,1,0,0,0	-	29,24,69,27,45
-1.5	-600 DK	86%	psv	Olivier Boscagli	tackles	o 0.5	-	-600	-800	-1000	-	-	80%	80%	1,0,3,1,1,3,0,1,2,3	-	90,104,86,81,89
-1.5	1000 DK	9%	arsenal	David Raya	saves	o 4.5	-	'+1000	'+600	-	-	-	-%	-%		-	
-1.6	-420 BR	81%	hull	Mark Harris	shots	o 0.5	-	-	-550	-	-420/205	-	-%	-%		-	
-1.7	-900 DK	90%	lille	Thomas Meunier	tackles	o 0.5	-	-900	-1600	-	-	-	80%	80%	0,3,3,3,4,2,1,8,0,1	游리	90,90,90,90,66
-1.7	175 365	36%	real madrid	Federico Valverde	shots	o 1.5	'+150	-	'+175	155	-	-	40%	45%	1,1,1,4,3,3,2,1,1,0	游리	90,90,89,81,23
-1.7	-334 365	77%	psv	Ivan Perisic	tackles	o 0.5	-	-425	-334	-	-	-	100%	100%	2,3,2	-	90,84,18,90,90
-1.8	-550 365	85%	atletico madrid	Rodrigo Riquelme	shots	o 0.5	-750	-	-550	-	-	-	-%	-%			
-1.8	-150 CZ	60%	real madrid	Jude Bellingham	shots	o 1.5	-170	-	-	-150	-	-	50%	49%	1,3,1,5,5,3,0,1,4,0		90,38,90,90,85
-1.9	200 365	33%	portsmouth	Colby Bishop	shots	o 3.5	-	-	'+200	-	148/-265	-	-%	-%		-	
-1.9	550 FD	15%	aston villa	Axel Disasi	shots	o 1.5	'+550	-	'+400	-	-	-	10%	10%	0,0,1,4,0,0,0,1,0,0	-	90,90,90,63,90
-1.9	-1000 DK	91%	arsenal	Thomas Partey	tackles	o 0.5	-	-1000	-2000	-	-	-	-%	-%		-	
-1.9	-113 BR	53%	psv	Luuk De Jong	shots_on_target	o 0.5	-125	-	-	-125	-113/-139	-	60%	61%	1,0,1,0,1,1,0,1,1,0	-	90,120,90,65,90
-2.0	-700 365	88%	melbourne	Harry Politidis	shots	o 0.5	-1100	-	-700	-	-	-	-%	-%		-	
-2.0	-1600 FD	94%	lille	Jonathan David	shots	o 0.5	-1600	-	-4000	-	-	-	100%	78%	2,1,1,3,4,5,1,1,2,3	游리	90,90,28,90,67
-2.0	-530 BR	84%	real madrid	Jude Bellingham	shots	o 0.5	-800	-	-550	-800	-530/245	-	80%	86%	1,3,1,5,5,3,0,1,4,0		90,38,90,90,85
-2.1	-625 BR	86%	atletico madrid	Samuel Lino	shots	o 0.5	-1000	-	-900	-	-625/280	-	-%	-%		游리	
-2.1	-590 BR	86%	aston villa	Morgan Rogers	shots	o 0.5	-950	-	-700	-800	-590/265	-	80%	71%	6,1,3,5,1,0,1,1,0,1	-	77,90,9,90,89
-2.1	-182 BR	65%	club brugge	Hans Vanaken	shots	o 0.5	-210	-	-	-210	-182/107	-	80%	69%	1,4,1,1,3,0,1,0,1,3	-	90,90,90,90,90
-2.3	-2000 365	95%	melbourne	Medin Memeti	shots	o 0.5	-9000	-	-2000	-	-	-	-%	-%		-	
-2.3	100 365	50%	lille	Jamie Bynoe Gittens	tackles	o 1.5	-	-110	'+100	-	-	-	-%	-%			
-2.3	-265 BR	73%	psv	Noa Lang	shots	o 0.5	-380	-	-275	-300	-265/148	-	90%	84%	2,2,0,5,1,1,6,3,2,5	-	28,114,72,90,66
-2.3	190 CZ	34%	psv	Ivan Perisic	shots	o 1.5	'+165	-	-	190	-	-	40%	27%	1,1,0,1,2,4,6,0,2,1	-	90,84,18,90,90
-2.4	-334 365	77%	club brugge	Hans Vanaken	tackles	o 0.5	-	-400	-334	-	-	-	60%	55%	0,5,2,0,3,1,0,1,1,0	-	90,90,90,90,90
-2.4	200 365	33%	aston villa	Leon Bailey	shots	o 2.5	'+150	-	'+200	200	-	-	10%	11%	3,2,0,2,2,1,1,1,2,2	-	13,45,90,63,45
-2.4	-260 FD	72%	arsenal	Thomas Partey	shots	o 0.5	-260	-	-	-300	-	-	-%	-%		-	
-2.5	290 BR	26%	stoke	Adam Forshaw	shots_on_target	o 0.5	'+240	-	-	-	290/-590	-	-%	-%		-	
-2.5	-300 365	75%	atletico madrid	Julian Alvarez	shots	o 1.5	-320	-	-300	-425	-500/240	-	-%	-%		游리	
-2.5	-900 DK	90%	club brugge	Simon Mignolet	saves	o 1.5	-	-900	-1400	-	-	-	70%	60%	3,1,2,4,2,8,1,5,2,1	-	90,90,90,90,90
-2.6	333 365	23%	melbourne	Lachlan Bayliss	shots	o 2.5	'+270	-	'+333	-	-	-	-%	-%		-	
-2.6	-550 DK	85%	dortmund	Maximilian Beier	tackles	o 0.5	-	-550	-700	-	-	-	50%	58%	1,0,1,1,0,0,0,6,2,0	游리	45,90,88,25,28
-2.7	-350 365	78%	atletico madrid	Alexander Sorloth	shots	o 1.5	-420	-	-350	-	-	-	-%	-%			
-2.7	-1000 DK	91%	arsenal	David Raya	saves	o 0.5	-	-1000	-1600	-	-	-	-%	-%		-	
-2.8	-220 FD	69%	real madrid	Arda Guler	shots	o 1.5	-220	-	-250	-	-	-	20%	41%	0,7,1,0,1,0,0,0,1,2		18,19,75,83,32
-2.9	-180 DK	64%	real madrid	Thibaut Courtois	saves	o 2.5	-	-180	-200	-	-	-	30%	40%	2,5,1,0,2,3,3,2,1,1	游리	90,90,90,90,90
-3.0	260 FD	28%	atletico madrid	Julian Alvarez	shots_on_target	o 1.5	'+260	-	-	190	190/-345	-	-%	-%		游리	
-3.0	-250 365	71%	real madrid	Brahim Diaz	shots	o 0.5	-650	-	-250	-360	-345/180	-	40%	49%	2,0,1,0,0,0,0,2,1,0	游리	72,7,58,88,5
-3.0	-250 365	71%	arsenal	Gabriel Magalhaes	tackles	o 0.5	-	-285	-250	-	-	-	-%	-%		-	
-3.2	-2000 365	95%	melbourne	Benjamin Mazzeo	shots	o 0.5	-6000	-	-2000	-	-	-	-%	-%		-	
-3.2	200 CZ	33%	lille	Ayyoub Bouaddi	tackles	o 4.5	-	-	'+175	200	-	-	20%	11%	2,0,8,2,3,6,4,0,0,0	游리	89,90,28,90,85
-3.2	-210 CZ	68%	dortmund	Serhou Guirassy	shots_on_target	o 0.5	-230	-	-	-210	-	-	70%	65%	3,2,0,3,1,1,4,1,0,0	游리	68,84,88,90,90
-3.2	155 DK	39%	atletico madrid	Giuliano Simeone	tackles	o 1.5	-	'+155	'+137/-188	-	-	-	-%	-%		游리	
-3.3	-290 DK	74%	atletico madrid	Giuliano Simeone	tackles	o 0.5	-	-290	-334	-	-	-	-%	-%		游리	
-3.3	-385 BR	79%	real madrid	Kylian Mbappe	shots_on_target	o 0.5	-440	-	-	-475	-385/205	-	90%	87%	2,2,3,3,4,5,3,0,1,3	游리	77,90,74,90,78
-3.3	-900 DK	90%	aston villa	Youri Tielemans	tackles	o 0.5	-	-900	-1200	-	-	-	70%	87%	0,4,0,1,1,5,5,2,3,0	-	90,90,90,90,90
-3.4	-400 365	80%	melbourne	Nathaniel Atkinson	shots	o 0.5	-480	-	-400	-	-	-	-%	-%		-	
-3.5	-225 365	69%	melbourne	Yonatan Cohen	shots	o 2.5	-250	-	-225	-	-	-	-%	-%		-	
-3.5	225 365	31%	melbourne	Callum Timmins	shots	o 1.5	'+195	-	'+225	-	-	-	-%	-%		-	
-3.5	-334 365	77%	lille	Lucas Chevalier	saves	o 1.5	-	-390	-334	-	-	-	70%	81%	5,5,2,1,4,0,2,7,0,3	游리	90,90,90,90,90
-3.5	-180 BR	64%	aston villa	Marco Asensio	shots_on_target	o 0.5	-195	-	-	-	-180/108	-	40%	52%	0,0,0,0,1,0,2,0,2,1	-	66,90,23,81,27
-3.6	-590 BR	86%	watford	Kwadwo Baah	shots	o 0.5	-	-	-700	-	-590/265	-	-%	-%		-	
-3.6	-700 365	88%	dortmund	Marcel Sabitzer	tackles	o 0.5	-	-900	-700	-	-	-	80%	62%	0,2,1,5,1,3,4,2,2,0	游리	88,84,90,90,16
-3.6	-390 FD	80%	dortmund	Serhou Guirassy	shots	o 1.5	-390	-	-500	-400	-	-	80%	71%	5,3,2,3,4,1,8,2,1,4	游리	68,84,88,90,90
-3.6	-700 365	88%	club brugge	Ferran Jutgla	shots	o 0.5	-800	-	-700	-1000	-	-	90%	86%	0,3,1,2,3,2,3,3,1,4	-	85,88,90,84,90
-3.6	-700 365	88%	arsenal	Jurrien Timber	tackles	o 0.5	-	-900	-700	-	-	-	-%	-%		-	
-3.6	-700 365	88%	arsenal	Declan Rice	tackles	o 0.5	-	-800	-700	-1000	-	-	-%	-%		-	
-3.7	-150 BR	60%	lille	Jamie Bynoe Gittens	shots	o 1.5	-	-	-	-160	-150/-112	-	-%	-%			
-3.7	350 365	22%	aston villa	Marco Asensio	tackles	o 1.5	-	'+285	'+350	-	-	-	10%	5%	1,1,0,1,0,0,2,0,0,0	-	66,90,23,81,27
-3.9	-500 365	83%	atletico madrid	Samuel Lino	tackles	o 0.5	-	-575	-500	-	-	-	-%	-%		游리	
-3.9	-136 BR	58%	club brugge	Maxim De Cuyper	shots	o 0.5	-145	-	-	-	-136/-120	-	50%	61%	1,1,0,2,1,0,0,0,1,0	-	90,90,90,90,90
-3.9	-550 FD	85%	psv	Luuk De Jong	shots	o 0.5	-550	-	-550	-800	-	-	90%	88%	6,0,4,1,4,5,2,4,2,3	-	90,120,90,65,90
-4.0	450 DK	18%	club brugge	Joel Ordonez	tackles	o 2.5	-	'+450	'+350	-	-	-	0%	0%	1,0,0,1,1,1,0,0,2,0	-	90,90,90,90,62
-4.1	-230 FD	70%	atletico madrid	Pablo Barrios	shots	o 0.5	-230	-	-250	-	-	-	-%	-%		游리	
-4.1	-3300 365	97%	real madrid	Kylian Mbappe	shots	o 0.5	-8000	-	-3300	-	-	-	90%	93%	7,3,3,5,8,7,6,0,1,4	游리	77,90,74,90,78
-4.1	-1200 365	92%	atletico madrid	Antoine Griezmann	shots	o 0.5	-1600	-	-1200	-	-	-	-%	-%		游리	
-4.1	-1200 365	92%	arsenal	Myles Lewis Skelly	tackles	o 0.5	-	-	-1200	-1600	-	-	-%	-%		-	
-4.2	118 BR	46%	psv	Johan Bakayoko	shots_on_target	o 0.5	'+110	-	-	-	118/-200	-	60%	57%	1,1,1,0,0,2,0,1,0,1	-	62,36,89,25,24
-4.2	-435 BR	81%	psv	Johan Bakayoko	shots	o 0.5	-490	-	-	-	-435/215	-	90%	86%	2,1,3,1,1,3,1,2,0,2	-	62,36,89,25,24
-4.3	-700 365	88%	melbourne	Yonatan Cohen	shots	o 1.5	-800	-	-700	-	-	-	-%	-%		-	
-4.3	-115 CZ	53%	lille	Ayyoub Bouaddi	tackles	o 3.5	-	-	-120	-115	-	-	30%	21%	2,0,8,2,3,6,4,0,0,0	游리	89,90,28,90,85
-4.3	-1000 DK	91%	atletico madrid	Nahuel Molina	tackles	o 0.5	-	-1000	-1200	-	-	-	-%	-%			
-4.3	-1000 FD	91%	real madrid	Arda Guler	shots	o 0.5	-1000	-	-1200	-	-	-	50%	59%	0,7,1,0,1,0,0,0,1,2		18,19,75,83,32
-4.3	-160 DK	62%	aston villa	John Mcginn	tackles	o 1.5	-	-160	-175/+125	-	-	-	40%	28%	0,0,1,0,2,3,4,2,0,0	-	90,90,90,63,60
-4.3	390 FD	20%	club brugge	Ardon Jashari	shots_on_target	o 0.5	'+390	-	-	-	270/-530	-	30%	26%	0,1,0,0,1,0,0,0,0,1	-	90,88,90,90,90
-4.3	-115 DK	53%	psv	Ryan Flamingo	tackles	o 1.5	-	-115	-120	-	-	-	50%	50%	2,4,1,0,1,4,0,5,4,0	-	90,120,90,45,90
-4.3	-1000 DK	91%	arsenal	Riccardo Calafiori	tackles	o 0.5	-	-1000	-1200	-	-	-	-%	-%		-	
-4.3	270 FD	27%	psv	Luuk De Jong	shots	o 2.5	'+270	-	'+240	190	190/-360	-	60%	55%	6,0,4,1,4,5,2,4,2,3	-	90,120,90,65,90
-4.4	-625 BR	86%	watford	Liam Cullen	shots	o 0.5	-	-	-700	-	-625/290	-	-%	-%		-	
-4.4	255 BR	28%	dortmund	Marcel Sabitzer	shots_on_target	o 0.5	-	-	-	220	255/-500	-	20%	30%	0,0,0,1,0,1,0,0,0,0	游리	88,84,90,90,16
-4.4	-1250 BR	93%	leeds	Manor Solomon	shots	o 0.5	-	-	-1600	-	-1250/390	-	80%	62%	3,3,2,1,0,1,2,0,3,2	-	70,77,21,76,77
-4.4	-120 FD	55%	psv	Luuk De Jong	shots	o 1.5	-120	-	-	-155	-139/-120	-	80%	76%	6,0,4,1,4,5,2,4,2,3	-	90,120,90,65,90
-4.5	-170 FD	63%	real madrid	Vinicius Junior	shots_on_target	o 0.5	-170	-	-	-200	-205/125	-	100%	69%	3,1,1,1,1,1,2,1,1,2	游리	89,83,90,90,90
-4.5	-175 BR	64%	real madrid	Rodrygo	shots	o 1.5	-190	-	-	-180	-175/-103	-	40%	60%	1,3,1,0,3,5,0,1,2,1	游리	90,7,90,90,67
-4.5	135 DK	43%	real madrid	Thibaut Courtois	saves	o 3.5	-	'+135	'+125	-	-	-	10%	26%	2,5,1,0,2,3,3,2,1,1	游리	90,90,90,90,90
-4.5	275 365	27%	aston villa	Pau Torres	tackles	o 1.5	-	'+235	'+275	-	-	-	40%	25%	2,2,0,1,2,1,0,2,0,1	-	90,90,90,90,19
-4.5	-350 365	78%	club brugge	Chemsdine Talbi	tackles	o 0.5	-	-380	-350	-	-	-	40%	40%	0,1,0,1,0,2,1,0,0,0	-	53,58,71,84,62
-4.5	-275 365	73%	arsenal	Martin Odegaard	tackles	o 0.5	-	-295	-275	-	-	-	-%	-%		-	
-4.6	-190 DK	66%	atletico madrid	Pablo Barrios	tackles	o 1.5	-	-190	-200/+150	-	-	-	-%	-%		游리	
-4.7	250 FD	29%	lille	Thomas Meunier	shots	o 1.5	'+250	-	'+250	190	-	-	40%	28%	4,3,0,2,2,1,1,0,1,1	游리	90,90,90,90,66
-4.7	-137 BR	58%	club brugge	Ferran Jutgla	shots_on_target	o 0.5	-145	-	-	-140	-137/-114	-	70%	54%	0,1,0,1,1,1,2,2,0,2	-	85,88,90,84,90
-4.7	-2000 365	95%	aston villa	Ollie Watkins	shots	o 0.5	-3500	-	-2000	-	-	-	80%	84%	2,5,0,4,1,4,0,5,1,4	-	77,67,81,89,90
-4.7	-1300 FD	93%	club brugge	Christos Tzolis	shots	o 0.5	-1300	-	-1600	-	-	-	100%	93%	5,4,3,3,2,3,2,1,2,1	-	45,74,54,90,72
-4.8	-450 365	82%	lille	Jamie Bynoe Gittens	tackles	o 0.5	-	-500	-450	-	-	-	-%	-%			
-4.8	-135 CZ	57%	dortmund	Serhou Guirassy	shots	o 2.5	-140	-	-	-135	-	-	60%	47%	5,3,2,3,4,1,8,2,1,4	游리	68,84,88,90,90
-4.8	-177 BR	64%	aston villa	Marcus Rashford	shots_on_target	o 0.5	-190	-	-	-180	-177/108	-	30%	34%	0,0,0,1,0,0,0,3,1,0	-	45,23,81,63,23
-4.8	-300 365	75%	psv	Ismael Saibari	shots	o 0.5	-800	-	-300	-	-400/195	-	100%	94%	2,3,4,1,2,4,5,3,1,2	-	28,120,90,81,90
-4.9	-1200 FD	92%	aston villa	Marcus Rashford	shots	o 0.5	-1200	-	-1200	-1600	-	-	60%	62%	1,0,0,4,1,2,0,6,1,0	-	45,23,81,63,23
-4.9	-1200 DK	92%	arsenal	Richard Ledezma	tackles	o 0.5	-	-1200	-	-1400	-	-	-%	-%		-	
-5.0	-1350 FD	93%	melbourne	Steven Ugarkovic	shots	o 0.5	-1350	-	-1600	-	-	-	-%	-%		-	
-5.0	-3300 365	97%	arsenal	Leandro Trossard	shots	o 0.5	-6000	-	-3300	-	-	-	-%	-%		-	
-5.1	460 BR	18%	stoke	Ashley Phillips	shots_on_target	o 0.5	'+360	-	-	-	460/-1430	-	10%	19%	0,0,0,0,0,1,0,0,0,0	-	90,90,90,90,90
-5.1	-5000 365	98%	melbourne	Yonatan Cohen	shots	o 0.5	-7000	-	-5000	-	-	-	-%	-%		-	
-5.1	-750 DK	88%	aston villa	John Mcginn	tackles	o 0.5	-	-750	-800	-	-	-	50%	59%	0,0,1,0,2,3,4,2,0,0	-	90,90,90,63,60
-5.2	110 365	48%	lille	Ismaily	tackles	o 3.5	-	-	'+110	105	-	-	20%	18%	0,3,1,5,4,0,2,0,2,3		17,75,11,76,45
-5.2	-330 DK	77%	club brugge	Joel Ordonez	tackles	o 0.5	-	-330	-350	-	-	-	50%	55%	1,0,0,1,1,1,0,0,2,0	-	90,90,90,90,62
-5.2	-265 DK	73%	aston villa	Jacob Ramsey	tackles	o 0.5	-	-265	-275	-	-	-	60%	46%	0,3,2,1,1,1,1,0,0,0	-	45,67,9,27,67
-5.2	-115 CZ	53%	aston villa	Morgan Rogers	shots_on_target	o 0.5	-145	-	-	-115	-127/-127	-	40%	40%	4,0,2,2,0,0,1,0,0,0	-	77,90,9,90,89
-5.2	175 365	36%	arsenal	Gabriel Magalhaes	tackles	o 1.5	-	'+160	'+175	-	-	-	-%	-%		-	
-5.3	225 365	31%	hull	Siriki Dembele	shots	o 1.5	-	-	'+225	-	170/-315	-	-%	-%		-	
-5.3	350 365	22%	club brugge	Chemsdine Talbi	shots	o 2.5	'+290	-	'+350	-	-	-	20%	6%	0,2,3,2,2,2,2,4,2,1	-	53,58,71,84,62
-5.3	-500 365	83%	psv	Ryan Flamingo	tackles	o 0.5	-	-525	-500	-	-	-	70%	70%	2,4,1,0,1,4,0,5,4,0	-	90,120,90,45,90
-5.4	-550 DK	85%	club brugge	Brandon Mechele	tackles	o 0.5	-	-550	-600	-	-	-	90%	82%	1,2,2,0,3,2,2,3,1,2	-	90,90,90,90,90
-5.5	-220 BR	69%	watford	Mamadou Doumbia	shots	o 1.5	-	-	-225	-	-220/125	-	-%	-%		-	
-5.5	-900 DK	90%	atletico madrid	Pablo Barrios	tackles	o 0.5	-	-900	-1000	-	-	-	-%	-%		游리	
-5.5	-250 365	71%	atletico madrid	Antoine Griezmann	shots	o 1.5	-320	-	-250	-360	-335/170	-	-%	-%		游리	
-5.5	-2000 365	95%	atletico madrid	Alexander Sorloth	shots	o 0.5	-2400	-	-2000	-	-	-	-%	-%			
-5.5	-220 DK	69%	club brugge	Maxim De Cuyper	tackles	o 1.5	-	-220	-225	-	-	-	60%	55%	1,0,3,3,3,4,1,1,4,5	-	90,90,90,90,90
-5.6	240 CZ	29%	dortmund	Marcel Sabitzer	shots	o 1.5	'+200	-	'+225	240	-	-	20%	38%	1,2,0,1,0,3,0,1,0,1	游리	88,84,90,90,16
-5.6	-145 FD	59%	dortmund	Karim Adeyemi	shots	o 1.5	-145	-	-	-170	-175/100	-	60%	58%	1,0,3,2,0,5,5,6,2,1	游리	88,90,82,90,89
-5.6	-195 BR	66%	leeds	Joel Piroe	shots	o 2.5	-	-	-200	-	-195/112	-	60%	40%	0,5,3,4,1,5,4,0,6,2	-	90,85,11,80,90
-5.6	-560 BR	85%	leeds	Joel Piroe	shots	o 1.5	-	-	-600	-	-560/255	-	70%	57%	0,5,3,4,1,5,4,0,6,2	-	90,85,11,80,90
-5.6	250 365	29%	hull	Sean Mcloughlin	shots	o 1.5	-	-	'+250	-	180/-360	-	20%	12%	1,1,3,0,0,1,4,1,1,0	-	90,90,90,90,90
-5.6	-160 CZ	62%	atletico madrid	Antoine Griezmann	shots_on_target	o 0.5	-175	-	-	-160	-190/115	-	-%	-%		游리	
-5.6	150 365	40%	atletico madrid	Samuel Lino	shots	o 2.5	'+140	-	'+150	-	-	-	-%	-%		游리	
-5.7	-2100 FD	95%	dortmund	Serhou Guirassy	shots	o 0.5	-2100	-	-2500	-	-	-	100%	94%	5,3,2,3,4,1,8,2,1,4	游리	68,84,88,90,90
-5.7	-1000 365	91%	club brugge	Maxim De Cuyper	tackles	o 0.5	-	-1100	-1000	-	-	-	90%	91%	1,0,3,3,3,4,1,1,4,5	-	90,90,90,90,90
-5.8	-800 FD	89%	melbourne	Marco Tilio	shots	o 1.5	-800	-	-800	-	-	-	-%	-%		-	
-5.8	-195 FD	66%	atletico madrid	Julian Alvarez	shots_on_target	o 0.5	-195	-	-	-260	-225/133	-	-%	-%		游리	
-5.9	-340 DK	77%	dortmund	Karim Adeyemi	tackles	o 0.5	-	-340	-350	-	-	-	60%	57%	2,0,0,3,0,1,1,0,3,3	游리	88,90,82,90,89
-6.0	950 DK	10%	dortmund	Serhou Guirassy	tackles	o 1.5	-	'+950	'+600	-	-	-	0%	3%	0,0,0,1,0,0,0,0,0,0	游리	68,84,88,90,90
-6.0	-1600 FD	94%	atletico madrid	Julian Alvarez	shots	o 0.5	-1600	-	-1600	-	-	-	-%	-%		游리	
-6.0	-575 DK	85%	real madrid	Thibaut Courtois	saves	o 1.5	-	-575	-600	-	-	-	60%	63%	2,5,1,0,2,3,3,2,1,1	游리	90,90,90,90,90
-6.0	-1400 365	93%	aston villa	Marco Asensio	shots	o 0.5	-1450	-	-1400	-	-	-	50%	74%	0,0,1,0,4,0,3,0,4,1	-	66,90,23,81,27
-6.1	-110 CZ	52%	real madrid	Kylian Mbappe	shots	o 3.5	-115	-	-	-110	-130/-130	-	60%	59%	7,3,3,5,8,7,6,0,1,4	游리	77,90,74,90,78
-6.1	-550 DK	85%	atletico madrid	Jan Oblak	saves	o 1.5	-	-550	-550	-	-	-	-%	-%		游리	
-6.1	135 DK	43%	club brugge	Joel Ordonez	tackles	o 1.5	-	'+135	'+125/-175	-	-	-	10%	9%	1,0,0,1,1,1,0,0,2,0	-	90,90,90,90,62
-6.2	-6000 FD	98%	melbourne	Marco Tilio	shots	o 0.5	-6000	-	-6600	-	-	-	-%	-%		-	
-6.2	-900 365	90%	melbourne	Lachlan Rose	shots	o 0.5	-950	-	-900	-	-	-	-%	-%		-	
-6.2	255 DK	28%	dortmund	Maximilian Beier	tackles	o 2.5	-	'+255	'+225	-	-	-	10%	12%	1,0,1,1,0,0,0,6,2,0	游리	45,90,88,25,28
-6.2	-345 BR	78%	leeds	Largie Ramazani	shots	o 1.5	-	-	-350	-	-345/180	-	60%	52%	3,5,2,1,0,3,1,3,1,2	-	20,13,90,14,13
-6.2	-900 DK	90%	real madrid	Aurelien Tchouameni	tackles	o 0.5	-	-900	-900	-	-	-	70%	77%	1,0,2,2,0,3,0,2,2,1	游리	90,90,90,90,90
-6.2	125 365	44%	club brugge	Chemsdine Talbi	tackles	o 1.5	-	'+120	'+125/-175	-	-	-	10%	10%	0,1,0,1,0,2,1,0,0,0	-	53,58,71,84,62
-6.3	-125 FD	56%	lille	Alexsandro Ribeiro	shots	o 0.5	-125	-	-	-125	-	-	60%	56%	0,1,3,0,1,2,0,1,1,0		90,90,90,90,90
-6.3	-175 DK	64%	atletico madrid	Jan Oblak	saves	o 2.5	-	-175	-175	-	-	-	-%	-%		游리	
-6.4	160 DK	38%	atletico madrid	Pablo Barrios	tackles	o 2.5	-	'+160	'+150	-	-	-	-%	-%		游리	
-6.4	190 BR	34%	arsenal	Gabriel Magalhaes	shots_on_target	o 0.5	'+185	-	-	165	190/-335	-	-%	-%		-	
-6.5	-250 FD	71%	melbourne	Marco Tilio	shots	o 2.5	-250	-	-250	-	-	-	-%	-%		-	
-6.6	-130 BR	57%	stoke v blackburn	Ali Al Hamadi	shots_on_target	o 0.5	-130	-	-	-	-130/-124	-	-%	-%		-	
-6.6	130 DK	43%	dortmund	Karim Adeyemi	tackles	o 1.5	-	'+130	'+125	-	-	-	40%	26%	2,0,0,3,0,1,1,0,3,3	游리	88,90,82,90,89
-6.6	-600 365	86%	lille	Hakon Arnar Haraldsson	shots	o 0.5	-	-	-600	-600	-	-	80%	74%	1,0,3,4,1,1,3,0,1,3		67,76,45,90,75
-6.8	220 FD	31%	melbourne	Marco Tilio	shots	o 4.5	'+220	-	'+200	-	-	-	-%	-%		-	
-6.8	450 FD	18%	real madrid	Rodrygo	shots_on_target	o 1.5	'+450	-	-	360	-	-	10%	22%	0,1,0,0,2,0,0,0,1,0	游리	90,7,90,90,67
-6.8	500 365	17%	psv	Noa Lang	shots	o 2.5	'+390	-	'+500	-	-	-	40%	31%	2,2,0,5,1,1,6,3,2,5	-	28,114,72,90,66
-6.9	-500 365	83%	lille	Jamie Bynoe Gittens	shots	o 0.5	-	-	-500	-800	-670/295	-	-%	-%			
-6.9	135 CZ	43%	atletico madrid	Jose Maria Gimenez	shots	o 0.5	'+130	-	-	135	-	-	-%	-%			
-7.0	-190 FD	66%	lille	Thomas Meunier	shots	o 0.5	-190	-	-	-260	-210/123	-	80%	58%	4,3,0,2,2,1,1,0,1,1	游리	90,90,90,90,66
-7.0	-400 365	80%	dortmund	Maximilian Beier	shots	o 0.5	-700	-	-400	-	-480/240	-	70%	59%	2,1,0,1,2,0,6,3,1,0	游리	45,90,88,25,28
-7.1	320 FD	24%	aston villa	Matty Cash	shots	o 1.5	'+320	-	'+275	-	-	-	20%	12%	0,0,0,2,0,2,1,0,1,0	-	29,24,69,27,45
-7.2	175 DK	36%	aston villa	Jacob Ramsey	tackles	o 1.5	-	'+175	'+162/-225	-	-	-	20%	18%	0,3,2,1,1,1,1,0,0,0	-	45,67,9,27,67
-7.3	-300 FD	75%	lille	Matias Fernandez Pardo	shots	o 0.5	-300	-	-	-	-375/190	-	40%	42%	2,0,0,0,1,1,0,0,0,2		12,9,14,20,15
-7.5	-350 365	78%	portsmouth	Colby Bishop	shots	o 1.5	-	-	-350	-	-435/215	-	-%	-%		-	
-7.5	160 CZ	38%	atletico madrid	Giuliano Simeone	shots_on_target	o 0.5	'+125	-	-	160	140/-230	-	-%	-%		游리	
-7.6	650 FD	13%	real madrid	Antonio Rudiger	shots_on_target	o 0.5	'+650	-	-	475	-	-	10%	19%	0,0,1,0,0,0,0,0,0,0	游리	90,5,90,90,90
-7.7	150 365	40%	atletico madrid	Jan Oblak	saves	o 3.5	-	'+145	'+150	-	-	-	-%	-%		游리	
-7.7	700 FD	12%	club brugge	Christos Tzolis	shots	o 4.5	'+700	-	'+500	-	-	-	10%	12%	5,4,3,3,2,3,2,1,2,1	-	45,74,54,90,72
-7.7	162 365	38%	arsenal	Martin Odegaard	tackles	o 1.5	-	'+155	'+162	-	-	-	-%	-%		-	
-7.7	700 365	12%	arsenal	Leandro Trossard	shots	o 5.5	'+500	-	'+700	-	-	-	-%	-%		-	
-7.8	450 365	18%	portsmouth	Colby Bishop	shots	o 4.5	-	-	'+450	-	290/-670	-	-%	-%		-	
-7.8	170 FD	37%	arsenal	Mikel Merino	shots	o 3.5	'+170	-	'+162	-	-	-	-%	-%		-	
-7.9	600 365	14%	lille	Lucas Chevalier	saves	o 4.5	-	'+450	'+600	-	-	-	30%	19%	5,5,2,1,4,0,2,7,0,3	游리	90,90,90,90,90
-8.0	100 FD	50%	dortmund	Karim Adeyemi	shots_on_target	o 0.5	'+100	-	-	-125	-103/-155	-	50%	50%	0,0,1,2,0,1,0,2,1,0	游리	88,90,82,90,89
-8.0	115 FD	47%	aston villa	Tyrone Mings	shots	o 0.5	'+115	-	-	115	-	-	20%	33%	0,0,0,0,0,0,1,0,0,1	-	75,90,58,90,90
-8.2	155 BR	39%	psv	Noa Lang	shots_on_target	o 0.5	'+150	-	-	150	155/-265	-	40%	50%	0,0,0,3,0,0,2,1,0,2	-	28,114,72,90,66
-8.3	215 BR	32%	watford	Tom Dele Bashiru	shots	o 1.5	-	-	'+200	-	215/-435	-	-%	-%		-	
-8.3	425 DK	19%	dortmund	Karim Adeyemi	tackles	o 2.5	-	'+425	'+350	-	-	-	30%	17%	2,0,0,3,0,1,1,0,3,3	游리	88,90,82,90,89
-8.3	-650 FD	87%	dortmund	Karim Adeyemi	shots	o 0.5	-650	-	-900	-1000	-770/330	-	80%	71%	1,0,3,2,0,5,5,6,2,1	游리	88,90,82,90,89
-8.3	137 365	42%	club brugge	Maxim De Cuyper	tackles	o 2.5	-	'+135	'+137/-188	-	-	-	60%	55%	1,0,3,3,3,4,1,1,4,5	-	90,90,90,90,90
-8.3	350 365	22%	arsenal	Ethan Nwaneri	shots	o 4.5	'+300	-	'+350	-	-	-	-%	-%		-	
-8.4	-240 CZ	71%	dortmund	Julian Brandt	shots	o 0.5	-340	-	-400	-240	-245/140	-	80%	71%	2,1,1,3,0,4,1,0,1,1	游리	90,68,2,82,90
-8.5	240 365	29%	melbourne	Yonatan Cohen	shots	o 4.5	'+220	-	'+240	-	-	-	-%	-%		-	
-8.5	240 365	29%	aston villa	Ian Maatsen	shots	o 1.5	'+220	-	'+240	-	-	-	10%	12%	0,1,0,0,0,2,0,0,0,1	-	45,13,90,13,82
-8.8	245 BR	29%	lille	Thomas Meunier	shots_on_target	o 0.5	'+230	-	-	220	245/-480	-	50%	33%	1,1,0,2,1,0,0,0,0,1	游리	90,90,90,90,66
-8.8	265 BR	27%	hull	Mark Harris	shots	o 2.5	-	-	'+240	-	265/-590	-	-%	-%		-	
-8.8	650 CZ	13%	real madrid	Brahim Diaz	shots_on_target	o 1.5	'+480	-	-	650	-	-	0%	5%	1,0,1,0,0,0,0,1,1,0	游리	72,7,58,88,5
-8.8	-290 FD	74%	real madrid	Vinicius Junior	shots	o 1.5	-290	-	-	-380	-335/170	-	90%	79%	4,3,3,4,3,6,4,1,3,4	游리	89,83,90,90,90
-9.0	225 365	31%	dortmund	Emre Can	tackles	o 3.5	-	-	'+225	210	-	-	20%	16%	3,0,3,3,1,4,0,4,2,2	游리	90,90,90,90,90
-9.0	-1200 365	92%	leeds	Brenden Aaronson	shots	o 0.5	-	-	-1200	-	-1430/460	-	80%	85%	4,1,1,0,1,0,1,2,1,4	-	90,70,89,90,77
-9.0	1400 365	7%	psv	Olivier Boscagli	shots	o 1.5	'+1000	-	'+1400	600	-	-	20%	19%	0,0,0,2,0,0,2,0,0,1	-	90,104,86,81,89
-9.2	1200 FD	8%	melbourne	Mark Natta	shots	o 1.5	'+1200	-	'+700	-	-	-	-%	-%		-	
-9.2	1200 FD	8%	lille	Benjamin Andre	shots	o 2.5	'+1200	-	'+700	-	-	-	0%	3%	1,0,0,0,0,0,0,1,1,1	游리	90,90,90,90,90
-9.2	1200 FD	8%	psv	Jerdy Schouten	shots	o 1.5	'+1200	-	'+700	-	-	-	10%	7%	1,1,0,0,1,1,0,0,0,2	-	73,71,90,90,90
-9.3	310 BR	24%	hull	Cody Drameh	shots	o 1.5	-	-	'+275	-	310/-715	-	0%	8%	0,0,0,0,0,0,0,0,0,0	-	120,67,90,90,55
-9.4	500 DK	17%	atletico madrid	Giuliano Simeone	tackles	o 2.5	-	'+500	'+400	-	-	-	-%	-%		游리	
-9.4	145 CZ	41%	club brugge	Chemsdine Talbi	shots_on_target	o 0.5	-110	-	-	145	140/-240	-	70%	45%	0,1,1,1,1,2,1,0,1,0	-	53,58,71,84,62
-9.5	-550 365	85%	portsmouth	Michael Obafemi	shots	o 0.5	-	-	-550	-	-625/280	-	-%	-%		-	
-9.5	-350 365	78%	aston villa	Ollie Watkins	shots	o 1.5	-550	-	-350	-500	-375/190	-	60%	58%	2,5,0,4,1,4,0,5,1,4	-	77,67,81,89,90
-9.7	180 BR	36%	watford	Liam Cullen	shots	o 2.5	-	-	'+175	-	180/-345	-	-%	-%		-	
-10.0	150 FD	40%	melbourne	Lachlan Rose	shots	o 2.5	'+150	-	'+150	-	-	-	-%	-%		-	
-10.0	300 365	25%	lille	Ismaily	shots	o 1.5	'+270	-	'+300	-	-	-	10%	14%	1,0,1,0,1,0,0,0,0,2		17,75,11,76,45
-10.0	400 365	20%	psv	Ivan Perisic	tackles	o 2.5	-	'+340	'+400	-	-	-	33%	33%	2,3,2	-	90,84,18,90,90
-10.1	-250 365	71%	leeds	Brenden Aaronson	shots	o 1.5	-	-	-250	-	-265/148	-	30%	62%	4,1,1,0,1,0,1,2,1,4	-	90,70,89,90,77
-10.1	-700 365	88%	real madrid	Rodrygo	shots	o 0.5	-900	-	-700	-1000	-770/310	-	80%	84%	1,3,1,0,3,5,0,1,2,1	游리	90,7,90,90,67
-10.1	240 365	29%	club brugge	Hans Vanaken	shots	o 1.5	'+230	-	'+240	220	-	-	30%	38%	1,4,1,1,3,0,1,0,1,3	-	90,90,90,90,90
-10.4	-1000 365	91%	watford	Mamadou Doumbia	shots	o 0.5	-	-	-1000	-	-1115/380	-	-%	-%		-	
-10.4	220 CZ	31%	dortmund	Serhou Guirassy	shots_on_target	o 1.5	'+210	-	-	220	-	-	40%	26%	3,2,0,3,1,1,4,1,0,0	游리	68,84,88,90,90
-10.4	190 CZ	34%	real madrid	Luka Modric	shots_on_target	o 0.5	'+185	-	-	190	-	-	30%	25%	0,1,0,0,0,0,1,0,1,0		8,85,90,29,90
-10.4	-165 FD	62%	club brugge	Ferran Jutgla	shots	o 1.5	-165	-	-	-180	-175/-103	-	70%	51%	0,3,1,2,3,2,3,3,1,4	-	85,88,90,84,90
-10.4	190 CZ	34%	arsenal	Gabriel Magalhaes	shots	o 1.5	'+185	-	-	190	-	-	-%	-%		-	
-10.7	310 BR	24%	dortmund	Pascal Gross	shots_on_target	o 0.5	-	-	-	280	310/-670	-	30%	18%	0,1,0,1,0,0,2,0,0,0	游리	90,90,90,90,74
-10.7	140 FD	42%	lille	Matias Fernandez Pardo	shots_on_target	o 0.5	'+140	-	-	-	130/-210	-	30%	25%	1,0,0,0,1,0,0,0,0,2		12,9,14,20,15
-10.9	490 FD	17%	melbourne	Marco Tilio	shots	o 5.5	'+490	-	'+400	-	-	-	-%	-%		-	
-11.1	-400 365	80%	portsmouth	Ryan Hardie	shots	o 0.5	-	-	-400	-	-420/205	-	-%	-%		-	
-11.1	275 365	27%	atletico madrid	Samuel Lino	tackles	o 2.5	-	'+255	'+275	-	-	-	-%	-%		游리	
-11.3	175 FD	36%	atletico madrid	Alexander Sorloth	shots	o 3.5	'+175	-	'+175	-	-	-	-%	-%			
-11.4	-110 FD	52%	atletico madrid	Antoine Griezmann	shots	o 2.5	-110	-	-	-115	-112/-150	-	-%	-%		游리	
-11.4	235 DK	30%	aston villa	Axel Disasi	tackles	o 2.5	-	'+235	'+225	-	-	-	20%	18%	1,0,4,2,0,0,0,1,1,3	-	90,90,90,63,90
-11.7	200 365	33%	watford	Myles Peart Harris	shots	o 1.5	-	-	'+200	-	165/-315	-	-%	-%		-	
-11.9	500 CZ	17%	aston villa	Leon Bailey	shots_on_target	o 1.5	'+410	-	-	500	-	-	20%	11%	2,1,0,0,2,1,0,1,1,0	-	13,45,90,63,45
-11.9	500 365	17%	aston villa	Leon Bailey	shots	o 3.5	'+410	-	'+500	-	-	-	0%	6%	3,2,0,2,2,1,1,1,2,2	-	13,45,90,63,45
-12.0	360 CZ	22%	club brugge	Raphael Onyedika	shots	o 1.5	'+320	-	-	360	-	-	20%	26%	0,2,1,1,1,2,1,0,1,0	-	45,90,22,89,45
-12.1	450 CZ	18%	aston villa	Morgan Rogers	shots_on_target	o 1.5	'+380	-	-	450	-	-	30%	10%	4,0,2,2,0,0,1,0,0,0	-	77,90,9,90,89
-12.2	190 CZ	34%	aston villa	John Mcginn	shots_on_target	o 0.5	'+145	-	-	190	170/-305	-	10%	18%	0,0,0,0,0,0,0,2,0,0	-	90,90,90,63,60
-12.2	185 FD	35%	club brugge	Ferran Jutgla	shots	o 2.5	'+185	-	'+175	155	155/-286	-	50%	16%	0,3,1,2,3,2,3,3,1,4	-	85,88,90,84,90
-12.4	330 FD	23%	real madrid	Aurelien Tchouameni	shots_on_target	o 0.5	'+330	-	-	300	-	-	20%	26%	1,1,0,0,0,0,0,0,0,0	游리	90,90,90,90,90
-12.6	295 BR	25%	leeds	Jayden Bogle	shots	o 1.5	-	-	'+275	-	295/-715	-	30%	25%	0,0,1,0,3,2,0,1,1,2	-	90,65,90,90,90
-12.7	400 DK	20%	club brugge	Chemsdine Talbi	tackles	o 2.5	-	'+400	'+350	-	-	-	0%	0%	0,1,0,1,0,2,1,0,0,0	-	53,58,71,84,62
-12.7	400 FD	20%	arsenal	Mikel Merino	shots	o 4.5	'+400	-	'+350	-	-	-	-%	-%		-	
-13.0	300 FD	25%	atletico madrid	Antoine Griezmann	shots_on_target	o 1.5	'+300	-	-	300	230/-435	-	-%	-%		游리	
-13.0	1000 365	9%	arsenal	Thomas Partey	shots	o 2.5	'+650	-	'+1000	-	-	-	-%	-%		-	
-13.1	260 FD	28%	aston villa	Marco Asensio	shots	o 3.5	'+260	-	'+250	-	-	-	20%	17%	0,0,1,0,4,0,3,0,4,1	-	66,90,23,81,27
-13.7	310 BR	24%	stoke v blackburn	Nathan Lowe	shots_on_target	o 1.5	'+290	-	-	-	310/-670	-	-%	-%		-	
-13.7	440 FD	19%	lille	Alexsandro Ribeiro	shots	o 1.5	'+440	-	-	380	-	-	20%	6%	0,1,3,0,1,2,0,1,1,0		90,90,90,90,90
-13.7	750 FD	12%	atletico madrid	Pablo Barrios	shots	o 2.5	'+750	-	'+550	-	-	-	-%	-%		游리	
-13.7	370 FD	21%	club brugge	Maxim De Cuyper	shots	o 1.5	'+370	-	'+333	-	-	-	10%	24%	1,1,0,2,1,0,0,0,1,0	-	90,90,90,90,90
-13.7	310 BR	24%	arsenal	Myles Lewis Skelly	shots_on_target	o 0.5	'+300	-	-	280	310/-670	-	-%	-%		-	
-14.0	470 FD	18%	real madrid	Jude Bellingham	shots_on_target	o 1.5	'+470	-	-	400	-	-	30%	19%	0,0,1,2,1,2,0,0,2,0		90,38,90,90,85
-14.3	500 365	17%	real madrid	Rodrygo	shots	o 3.5	'+420	-	'+500	-	-	-	10%	13%	1,3,1,0,3,5,0,1,2,1	游리	90,7,90,90,67
-14.3	500 365	17%	aston villa	Morgan Rogers	shots	o 3.5	'+420	-	'+500	-	-	-	20%	12%	6,1,3,5,1,0,1,1,0,1	-	77,90,9,90,89
-14.4	390 FD	20%	melbourne	Lachlan Rose	shots	o 3.5	'+390	-	'+350	-	-	-	-%	-%		-	
-14.5	450 365	18%	real madrid	Ferland Mendy	tackles	o 2.5	-	'+390	'+450	-	-	-	0%	8%	0,0,1,1,1,1,0,0,1,0	游리	90,90,3,84,90
-14.5	550 365	15%	arsenal	Jurrien Timber	shots	o 1.5	'+450	-	'+550	-	-	-	-%	-%		-	
-14.6	333 365	23%	melbourne	Nathaniel Atkinson	shots	o 2.5	'+310	-	'+333	-	-	-	-%	-%		-	
-15.0	240 365	29%	lille	Hakon Arnar Haraldsson	shots	o 2.5	-	-	'+240	240	-	-	40%	22%	1,0,3,4,1,1,3,0,1,3		67,76,45,90,75
-15.0	240 BR	29%	psv	Joey Veerman	shots_on_target	o 0.5	'+240	-	-	-	240/-455	-	40%	36%	1,1,0,1,0,0,1,0,0,0	-	90,90,115,18,9
-15.1	210 CZ	32%	aston villa	Youri Tielemans	shots_on_target	o 0.5	'+170	-	-	210	190/-345	-	40%	29%	0,1,0,0,1,0,1,0,0,1	-	90,90,90,90,90
-15.3	400 365	20%	club brugge	Hans Vanaken	tackles	o 2.5	-	'+360	'+400	-	-	-	20%	18%	0,5,2,0,3,1,0,1,1,0	-	90,90,90,90,90
-15.3	185 FD	35%	psv	Ivan Perisic	shots_on_target	o 0.5	'+185	-	-	165	170/-305	-	60%	30%	0,1,0,1,1,2,3,0,0,1	-	90,84,18,90,90
-15.8	300 365	25%	lille	Jamie Bynoe Gittens	tackles	o 2.5	-	'+290	'+300	-	-	-	-%	-%			
-16.2	175 CZ	36%	club brugge	Hans Vanaken	shots_on_target	o 0.5	'+140	-	-	175	170/-305	-	50%	44%	1,2,1,0,3,0,0,0,0,1	-	90,90,90,90,90
-16.2	400 FD	20%	club brugge	Ferran Jutgla	shots_on_target	o 1.5	'+400	-	-	340	310/-625	-	30%	19%	0,1,0,1,1,1,2,2,0,2	-	85,88,90,84,90
-16.4	310 DK	24%	real madrid	Thibaut Courtois	saves	o 4.5	-	'+310	'+300	-	-	-	10%	14%	2,5,1,0,2,3,3,2,1,1	游리	90,90,90,90,90
-16.4	310 FD	24%	aston villa	Marcus Rashford	shots	o 3.5	'+310	-	'+300	-	-	-	20%	16%	1,0,0,4,1,2,0,6,1,0	-	45,23,81,63,23
-17.0	275 DK	27%	psv	Ryan Flamingo	tackles	o 2.5	-	'+275	'+275	-	-	-	40%	40%	2,4,1,0,1,4,0,5,4,0	-	90,120,90,45,90
-17.1	250 365	29%	leeds	Joel Piroe	shots	o 4.5	-	-	'+250	-	215/-420	-	30%	11%	0,5,3,4,1,5,4,0,6,2	-	90,85,11,80,90
-17.1	600 365	14%	real madrid	Jude Bellingham	shots	o 3.5	'+490	-	'+600	-	-	-	30%	16%	1,3,1,5,5,3,0,1,4,0		90,38,90,90,85
-17.2	360 FD	22%	club brugge	Christos Tzolis	shots_on_target	o 1.5	'+360	-	-	340	-	-	10%	28%	1,1,2,0,1,1,1,0,0,0	-	45,74,54,90,72
-17.7	400 365	20%	atletico madrid	Samuel Lino	shots	o 3.5	'+370	-	'+400	-	-	-	-%	-%		游리	
-17.9	280 CZ	26%	aston villa	Marcus Rashford	shots_on_target	o 1.5	'+260	-	-	280	240/-455	-	10%	16%	0,0,0,1,0,0,0,3,1,0	-	45,23,81,63,23
-18.7	1400 365	7%	aston villa	Ezri Konsa	shots	o 1.5	'+800	-	'+1400	-	-	-	10%	5%	0,0,3,0,0,0,1,1,0,0	-	90,90,90,90,90
-18.8	700 365	12%	melbourne	Clayton Taylor	shots	o 3.5	'+550	-	'+700	-	-	-	-%	-%		-	
-19.1	175 365	36%	aston villa	Ollie Watkins	shots	o 3.5	'+140	-	'+175	145	170/-335	-	50%	24%	2,5,0,4,1,4,0,5,1,4	-	77,67,81,89,90
-19.2	600 365	14%	dortmund	Nico Schlotterbeck	shots	o 1.5	'+500	-	'+600	-	-	-	20%	15%	0,1,1,0,2,2,0,0,1,1	游리	90,90,90,90,90
-19.2	600 365	14%	atletico madrid	Rodrigo Riquelme	shots	o 3.5	'+500	-	'+600	-	-	-	-%	-%			
-19.2	340 DK	23%	atletico madrid	Jan Oblak	saves	o 4.5	-	'+340	'+333	-	-	-	-%	-%		游리	
-19.2	600 DK	14%	aston villa	Jacob Ramsey	tackles	o 2.5	-	'+600	'+500	-	-	-	10%	7%	0,3,2,1,1,1,1,0,0,0	-	45,67,9,27,67
-19.2	600 365	14%	aston villa	Youri Tielemans	shots	o 2.5	'+500	-	'+600	-	-	-	20%	13%	1,3,2,1,2,0,2,3,0,2	-	90,90,90,90,90
-19.2	600 FD	14%	psv	Ivan Perisic	shots	o 2.5	'+600	-	'+500	-	-	-	20%	10%	1,1,0,1,2,4,6,0,2,1	-	90,84,18,90,90
-19.3	450 CZ	18%	atletico madrid	Jose Maria Gimenez	shots_on_target	o 0.5	'+410	-	-	450	-	-	-%	-%			
-19.4	800 365	11%	atletico madrid	Rodrigo De Paul	shots	o 2.5	'+600	-	'+800	-	-	-	-%	-%		游리	
-19.4	800 FD	11%	psv	Luuk De Jong	shots	o 3.5	'+800	-	'+600	-	-	-	50%	30%	6,0,4,1,4,5,2,4,2,3	-	90,120,90,65,90
-19.5	600 365	14%	hull	Will Vaulks	shots	o 1.5	-	-	'+600	-	360/-1115	-	-%	-%		-	
-19.5	250 FD	29%	atletico madrid	Conor Gallagher	shots_on_target	o 0.5	'+250	-	-	240	230/-420	-	-%	-%			
-19.9	1200 365	8%	lille	Ngalayel Mukau	shots	o 2.5	'+750	-	'+1200	-	-	-	10%	7%	1,0,0,0,0,0,1,3,0,1	游리	70,75,90,62,76
-20.0	430 FD	19%	club brugge	Ardon Jashari	shots	o 1.5	'+430	-	'+400	-	-	-	40%	26%	0,2,1,0,3,0,2,2,1,1	-	90,88,90,90,90
-20.1	440 FD	19%	stoke v blackburn	Ali Al Hamadi	shots_on_target	o 1.5	'+440	-	-	-	330/-770	-	-%	-%		-	
-20.2	550 365	15%	leeds	Joel Piroe	shots	o 5.5	-	-	'+550	-	360/-1000	-	10%	6%	0,5,3,4,1,5,4,0,6,2	-	90,85,11,80,90
-21.0	500 FD	17%	club brugge	Ferran Jutgla	shots	o 3.5	'+500	-	'+450	-	-	-	10%	3%	0,3,1,2,3,2,3,3,1,4	-	85,88,90,84,90
-21.0	500 DK	17%	arsenal	Martin Odegaard	tackles	o 2.5	-	'+500	'+450	-	-	-	-%	-%		-	
-21.2	260 FD	28%	aston villa	Marco Asensio	shots_on_target	o 1.5	'+260	-	-	-	240/-455	-	20%	30%	0,0,0,0,1,0,2,0,2,1	-	66,90,23,81,27
-21.4	450 365	18%	atletico madrid	Alexander Sorloth	shots	o 4.5	'+420	-	'+450	-	-	-	-%	-%			
-21.5	420 FD	19%	aston villa	Pau Torres	shots	o 1.5	'+420	-	'+400	-	-	-	0%	4%	0,0,1,1,1,0,0,1,1,1	-	90,90,90,90,19
-22.4	490 FD	17%	melbourne	Yonatan Cohen	shots	o 5.5	'+490	-	'+450	-	-	-	-%	-%		-	
-22.7	330 FD	23%	club brugge	Maxim De Cuyper	shots_on_target	o 0.5	'+330	-	-	-	290/-590	-	20%	27%	0,0,0,0,1,0,0,0,1,0	-	90,90,90,90,90
-23.2	1000 FD	9%	melbourne	Daniel Wilmering	shots	o 1.5	'+1000	-	'+700	-	-	-	-%	-%		-	
-23.2	1000 FD	9%	dortmund	Serhou Guirassy	shots	o 5.5	'+1000	-	'+700	-	-	-	10%	9%	5,3,2,3,4,1,8,2,1,4	游리	68,84,88,90,90
-23.7	480 BR	17%	portsmouth	Isaac Hayden	shots	o 2.5	-	-	'+450	-	480/-1667	-	-%	-%		-	
-23.8	650 FD	13%	aston villa	Marco Asensio	shots	o 4.5	'+650	-	'+550	-	-	-	0%	4%	0,0,1,0,4,0,3,0,4,1	-	66,90,23,81,27
-24.8	850 DK	11%	aston villa	Morgan Rogers	tackles	o 2.5	-	'+850	'+650	-	-	-	10%	3%	1,0,0,1,0,0,2,0,3,1	-	77,90,9,90,89
-25.0	550 FD	15%	atletico madrid	Julian Alvarez	shots	o 4.5	'+550	-	'+500	-	-	-	-%	-%		游리	
-25.0	550 365	15%	real madrid	Federico Valverde	shots	o 2.5	'+500	-	'+550	-	-	-	30%	18%	1,1,1,4,3,3,2,1,1,0	游리	90,90,89,81,23
-25.2	200 365	33%	watford	Kwadwo Baah	shots	o 2.5	-	-	'+200	-	195/-400	-	-%	-%		-	
-25.7	1700 FD	6%	dortmund	Karim Adeyemi	shots	o 4.5	'+1700	-	'+900	-	-	-	30%	17%	1,0,3,2,0,5,5,6,2,1	游리	88,90,82,90,89
-26.0	300 365	25%	watford	Mamadou Doumbia	shots	o 3.5	-	-	'+300	-	265/-590	-	-%	-%		-	
-26.0	400 CZ	20%	club brugge	Raphael Onyedika	shots_on_target	o 0.5	-	-	-	400	330/-770	-	30%	18%	0,1,1,0,0,0,0,0,1,0	-	45,90,22,89,45
-26.7	950 FD	10%	real madrid	Arda Guler	shots	o 4.5	'+950	-	'+700	-	-	-	10%	16%	0,7,1,0,1,0,0,0,1,2		18,19,75,83,32
-27.9	700 FD	12%	stoke	Yuri Ribeiro	shots_on_target	o 0.5	'+700	-	-	-	460/-1430	-	-%	-%		-	
-28.3	700 FD	12%	aston villa	Tyrone Mings	shots	o 1.5	'+700	-	'+600	600	-	-	0%	7%	0,0,0,0,0,0,1,0,0,1	-	75,90,58,90,90
-28.8	800 365	11%	arsenal	Ethan Nwaneri	shots	o 5.5	'+650	-	'+800	-	-	-	-%	-%		-	
-28.9	600 365	14%	atletico madrid	Nahuel Molina	shots	o 1.5	'+550	-	'+600	-	-	-	-%	-%			
-28.9	600 365	14%	atletico madrid	Antoine Griezmann	shots	o 4.5	'+550	-	'+600	-	-	-	-%	-%		游리	
-29.0	460 FD	18%	psv	Luuk De Jong	shots_on_target	o 1.5	'+460	-	-	425	360/-910	-	0%	18%	1,0,1,0,1,1,0,1,1,0	-	90,120,90,65,90
-29.4	350 FD	22%	real madrid	Kylian Mbappe	shots_on_target	o 2.5	'+350	-	-	320	310/-715	-	60%	35%	2,2,3,3,4,5,3,0,1,3	游리	77,90,74,90,78
-29.6	1200 FD	8%	lille	Ayyoub Bouaddi	shots	o 2.5	'+1200	-	'+800	-	-	-	0%	0%	0,0,1,0,0,0,0,0,0,0	游리	89,90,28,90,85
-29.6	510 BR	16%	hull	Cameron Brannagan	shots	o 2.5	-	-	'+500	-	510/-1667	-	-%	-%		-	
-29.6	1200 FD	8%	atletico madrid	Cesar Azpilicueta	shots	o 1.5	'+1200	-	'+800	-	-	-	-%	-%			
-29.8	1600 FD	6%	dortmund	Julian Brandt	shots	o 3.5	'+1600	-	'+900	-	-	-	10%	6%	2,1,1,3,0,4,1,0,1,1	游리	90,68,2,82,90
-31.7	333 365	23%	hull	Ruben Rodrigues	shots	o 1.5	-	-	'+333	-	310/-715	-	-%	-%		-	
-32.8	500 365	17%	hull	Matty Jacob	shots	o 1.5	-	-	'+500	-	390/-1115	-	-%	-%		-	
-32.9	275 365	27%	portsmouth	Andre Dozzell	shots	o 1.5	-	-	'+275	-	265/-625	-	-%	-%		-	
-32.9	400 FD	20%	lille	Bafode Diakite	shots_on_target	o 0.5	'+400	-	-	300	360/-910	-	20%	18%	0,0,0,0,1,1,0,0,0,0	游리	90,90,90,90,90
-34.0	550 DK	15%	arsenal	Gabriel Magalhaes	tackles	o 2.5	-	'+550	'+550	-	-	-	-%	-%		-	
-34.6	333 365	23%	hull	Matt Phillips	shots	o 1.5	-	-	'+333	-	310/-770	-	-%	-%		-	
-36.3	2000 365	5%	melbourne	Eli Adams	shots	o 4.5	'+1000	-	'+2000	-	-	-	-%	-%		-	
-36.3	2000 365	5%	aston villa	John Mcginn	shots	o 3.5	'+1000	-	'+2000	-	-	-	0%	0%	0,1,0,1,0,1,0,2,0,0	-	90,90,90,63,60
-37.1	800 FD	11%	aston villa	Marcus Rashford	shots	o 4.5	'+800	-	'+700	-	-	-	10%	6%	1,0,0,4,1,2,0,6,1,0	-	45,23,81,63,23
-37.1	800 FD	11%	arsenal	William Saliba	shots	o 1.5	'+800	-	'+700	-	-	-	-%	-%		-	
-37.3	600 DK	14%	lille	Bafode Diakite	tackles	o 2.5	-	'+600	'+600	-	-	-	10%	9%	0,1,0,1,1,0,1,4,1,0	游리	90,90,90,90,90
-38.4	900 365	10%	aston villa	Ollie Watkins	shots	o 5.5	'+750	-	'+900	-	-	-	0%	2%	2,5,0,4,1,4,0,5,1,4	-	77,67,81,89,90
-39.3	1900 FD	5%	melbourne	Steven Ugarkovic	shots	o 5.5	'+1900	-	'+1000	-	-	-	-%	-%		-	
-39.5	1600 365	6%	real madrid	Aurelien Tchouameni	shots	o 2.5	'+950	-	'+1600	-	-	-	10%	10%	3,1,0,0,0,2,1,0,0,0	游리	90,90,90,90,90
-40.5	550 FD	15%	stoke	Callum Brittain	shots_on_target	o 0.5	'+550	-	-	-	440/-1430	-	-%	-%		-	
-41.5	850 DK	11%	aston villa	Pau Torres	tackles	o 2.5	-	'+850	'+750	-	-	-	0%	8%	2,2,0,1,2,1,0,2,0,1	-	90,90,90,90,19
-42.0	333 365	23%	portsmouth	Regan Poole	shots	o 1.5	-	-	'+333	-	330/-910	-	-%	-%		-	
-42.4	1800 365	5%	real madrid	Eduardo Camavinga	shots	o 2.5	'+1000	-	'+1800	-	-	-	0%	10%	0,0,1,1,0,0,1,0,0,0		18,87,32,61,12
-44.1	700 FD	12%	melbourne	Callum Timmins	shots	o 2.5	'+700	-	'+700	-	-	-	-%	-%		-	
-44.1	700 FD	12%	dortmund	Marcel Sabitzer	shots	o 2.5	'+700	-	'+700	-	-	-	10%	22%	1,2,0,1,0,3,0,1,0,1	游리	88,84,90,90,16
-45.4	900 365	10%	atletico madrid	Jose Maria Gimenez	shots	o 1.5	'+850	-	'+900	750	-	-	-%	-%			
-45.8	900 365	10%	melbourne	Lachlan Bayliss	shots	o 3.5	'+800	-	'+900	-	-	-	-%	-%		-	
-45.8	900 FD	10%	club brugge	Hans Vanaken	shots	o 2.5	'+900	-	'+800	-	-	-	30%	18%	1,4,1,1,3,0,1,0,1,3	-	90,90,90,90,90
-45.8	900 FD	10%	arsenal	Mikel Merino	shots	o 5.5	'+900	-	'+800	-	-	-	-%	-%		-	
-46.3	1200 FD	8%	aston villa	Matty Cash	shots	o 2.5	'+1200	-	'+900	-	-	-	0%	4%	0,0,0,2,0,2,1,0,1,0	-	29,24,69,27,45
-46.3	1200 FD	8%	club brugge	Joel Ordonez	shots	o 1.5	'+1200	-	'+900	-	-	-	10%	6%	0,0,1,0,2,0,0,0,0,0	-	90,90,90,90,62
-47.8	1000 365	9%	club brugge	Chemsdine Talbi	shots	o 3.5	'+850	-	'+1000	-	-	-	10%	3%	0,2,3,2,2,2,2,4,2,1	-	53,58,71,84,62
-49.7	450 365	18%	leeds	Sam Byram	shots	o 1.5	-	-	'+450	-	440/-1430	-	0%	7%	1,0,0,1,0,1,0,0,0,0	-	54,90,25,69,1
-50.5	1100 FD	8%	atletico madrid	Axel Witsel	shots	o 1.5	'+1100	-	'+900	-	-	-	-%	-%			
-51.2	800 FD	11%	aston villa	Ian Maatsen	shots	o 2.5	'+800	-	'+800	-	-	-	0%	3%	0,1,0,0,0,2,0,0,0,1	-	45,13,90,13,82
-53.7	1200 365	8%	melbourne	Harry Politidis	shots	o 4.5	'+950	-	'+1200	-	-	-	-%	-%		-	
-54.6	1000 FD	9%	melbourne	Lachlan Rose	shots	o 4.5	'+1000	-	'+900	-	-	-	-%	-%		-	
-54.6	1000 FD	9%	lille	Thomas Meunier	shots	o 2.5	'+1000	-	'+900	-	-	-	20%	8%	4,3,0,2,2,1,1,0,1,1	游리	90,90,90,90,66
-56.5	2000 365	5%	psv	Guus Til	shots	o 3.5	'+1100	-	'+2000	-	-	-	40%	22%	5,1,0,4,1,6,1,0,0,5	-	62,49,72,90,90
-56.6	950 FD	10%	melbourne	Nathaniel Atkinson	shots	o 3.5	'+950	-	'+900	-	-	-	-%	-%		-	
-56.6	950 FD	10%	atletico madrid	Samuel Lino	shots	o 4.5	'+950	-	'+900	-	-	-	-%	-%		游리	
-56.6	950 FD	10%	atletico madrid	Alexander Sorloth	shots	o 5.5	'+950	-	'+900	-	-	-	-%	-%			
-60.6	1200 FD	8%	dortmund	Emre Can	shots	o 2.5	'+1200	-	'+1000	-	-	-	0%	0%	0,0,0,1,1,0,0,0,1,0	游리	90,90,90,90,90
-60.6	1200 365	8%	aston villa	Morgan Rogers	shots	o 4.5	'+1000	-	'+1200	-	-	-	20%	5%	6,1,3,5,1,0,1,1,0,1	-	77,90,9,90,89
-60.6	1800 365	5%	aston villa	Lucas Digne	shots	o 2.5	'+1100	-	'+1800	-	-	-	0%	2%	2,0,0,0,1,0,0,0,0,0	-	77,77,8,90,90
-60.6	1200 365	8%	aston villa	Leon Bailey	shots	o 4.5	'+1000	-	'+1200	-	-	-	0%	3%	3,2,0,2,2,1,1,1,2,2	-	13,45,90,63,45
-60.6	1200 FD	8%	aston villa	Boubacar Kamara	shots	o 2.5	'+1200	-	'+1000	-	-	-	0%	0%	1,0,0,1,0,1,0,0,0,0	-	90,90,15,27,30
-60.6	1200 FD	8%	psv	Tyrell Malacia	shots	o 1.5	'+1200	-	'+1000	-	-	-	10%	8%	0,0,0,0,0,0,0,1,2,0	-	77,43,90,90,1
-62.1	700 FD	12%	stoke	Hayden Carter	shots_on_target	o 0.5	'+700	-	-	-	540/-3335	-	-%	-%		-	
-63.6	1100 FD	8%	lille	Ismaily	shots	o 2.5	'+1100	-	'+1000	-	-	-	0%	0%	1,0,1,0,1,0,0,0,0,2		17,75,11,76,45
-64.8	1600 365	6%	real madrid	Raul Asencio	shots	o 1.5	'+1100	-	'+1600	-	-	-	0%	0%	0,0,0,0,0,0,0,0,1,0	游리	90,90,45,90,90
-73.1	1200 365	8%	real madrid	Rodrygo	shots	o 4.5	'+1100	-	'+1200	-	-	-	10%	4%	1,3,1,0,3,5,0,1,2,1	游리	90,7,90,90,67
-75.0	2000 365	5%	melbourne	Mark Natta	shots	o 2.5	'+1200	-	'+2000	-	-	-	-%	-%		-	
-75.0	2000 365	5%	melbourne	Daniel Wilmering	shots	o 2.5	'+1200	-	'+2000	-	-	-	-%	-%		-	
-75.0	2000 365	5%	dortmund	Nico Schlotterbeck	shots	o 2.5	'+1200	-	'+2000	-	-	-	0%	0%	0,1,1,0,2,2,0,0,1,1	游리	90,90,90,90,90
-75.0	2000 365	5%	atletico madrid	Robin Le Normand	shots	o 2.5	'+1200	-	'+2000	-	-	-	-%	-%		游리	
-75.0	2000 365	5%	atletico madrid	Nahuel Molina	shots	o 2.5	'+1200	-	'+2000	-	-	-	-%	-%			
-75.0	2000 365	5%	real madrid	Ferland Mendy	shots	o 1.5	'+1200	-	'+2000	-	-	-	0%	0%	0,0,0,0,1,0,0,0,0,1	游리	90,90,3,84,90
-75.0	2000 365	5%	atletico madrid	Clement Lenglet	shots	o 2.5	'+1200	-	'+2000	-	-	-	-%	-%		游리	
-75.0	2000 365	5%	atletico madrid	Cesar Azpilicueta	shots	o 2.5	'+1200	-	'+2000	-	-	-	-%	-%			
-75.0	2000 365	5%	aston villa	Tyrone Mings	shots	o 2.5	'+1200	-	'+2000	-	-	-	0%	0%	0,0,0,0,0,0,1,0,0,1	-	75,90,58,90,90
-75.0	2000 365	5%	club brugge	Gustaf Nilsson	shots	o 5.5	'+1200	-	'+2000	-	-	-	10%	7%	8,1,5,0,1,0,1,3,0,1	-	5,32,90,6,18
-75.0	2000 365	5%	arsenal	William Saliba	shots	o 2.5	'+1200	-	'+2000	-	-	-	-%	-%		-	
-75.0	2000 365	5%	psv	Ryan Flamingo	shots	o 2.5	'+1200	-	'+2000	-	-	-	0%	3%	1,2,0,0,1,0,1,0,1,2	-	90,120,90,45,90
-75.0	2000 365	5%	arsenal	Jurrien Timber	shots	o 2.5	'+1200	-	'+2000	-	-	-	-%	-%		-	
-75.0	2000 365	5%	psv	Jerdy Schouten	shots	o 2.5	'+1200	-	'+2000	-	-	-	0%	0%	1,1,0,0,1,1,0,0,0,2	-	73,71,90,90,90
-77.3	1800 365	5%	dortmund	Julian Ryerson	shots	o 2.5	'+1200	-	'+1800	-	-	-	10%	3%	0,0,0,3,0,0,0,1,0,0	游리	90,90,84,82,28
-77.3	1800 FD	5%	arsenal	Gabriel Magalhaes	shots	o 3.5	'+1800	-	'+1200	-	-	-	-%	-%		-	
-79.7	1600 365	6%	real madrid	Antonio Rudiger	shots	o 2.5	'+1200	-	'+1600	-	-	-	0%	0%	1,1,2,0,0,0,0,0,0,2	游리	90,5,90,90,90
-79.7	1600 FD	6%	club brugge	Christos Tzolis	shots	o 5.5	'+1600	-	'+1200	-	-	-	0%	5%	5,4,3,3,2,3,2,1,2,1	-	45,74,54,90,72
-80.9	1500 FD	6%	aston villa	Marco Asensio	shots	o 5.5	'+1500	-	'+1200	-	-	-	0%	0%	0,0,1,0,4,0,3,0,4,1	-	66,90,23,81,27
-82.1	1400 365	7%	melbourne	Samuel Souprayen	shots	o 2.5	'+1200	-	'+1400	-	-	-	-%	-%		-	
-82.1	1400 365	7%	aston villa	Pau Torres	shots	o 2.5	'+1200	-	'+1400	-	-	-	0%	0%	0,0,1,1,1,0,0,1,1,1	-	90,90,90,90,19
-82.1	1400 365	7%	aston villa	Axel Disasi	shots	o 2.5	'+1200	-	'+1400	-	-	-	10%	5%	0,0,1,4,0,0,0,1,0,0	-	90,90,90,63,90
-82.1	1400 365	7%	club brugge	Ardon Jashari	shots	o 2.5	'+1200	-	'+1400	-	-	-	10%	6%	0,2,1,0,3,0,2,2,1,1	-	90,88,90,90,90
-82.1	1400 365	7%	psv	Noa Lang	shots	o 3.5	'+1200	-	'+1400	-	-	-	30%	12%	2,2,0,5,1,1,6,3,2,5	-	28,114,72,90,66
-83.3	1300 FD	7%	atletico madrid	Julian Alvarez	shots	o 5.5	'+1300	-	'+1200	-	-	-	-%	-%		游리	
-83.3	1300 FD	7%	club brugge	Ferran Jutgla	shots	o 4.5	'+1300	-	'+1200	-	-	-	0%	0%	0,3,1,2,3,2,3,3,1,4	-	85,88,90,84,90
-84.5	1200 FD	8%	lille	Bafode Diakite	shots	o 2.5	'+1200	-	'+1200	-	-	-	0%	0%	0,0,0,0,1,2,0,0,0,0	游리	90,90,90,90,90
-84.5	1200 FD	8%	club brugge	Maxim De Cuyper	shots	o 2.5	'+1200	-	'+1200	-	-	-	0%	5%	1,1,0,2,1,0,0,0,1,0	-	90,90,90,90,90
-84.5	1200 FD	8%	club brugge	Brandon Mechele	shots	o 1.5	'+1200	-	'+1200	-	-	-	0%	5%	0,0,1,0,0,0,0,0,1,0	-	90,90,90,90,90
-95.3	1400 365	7%	real madrid	Jude Bellingham	shots	o 4.5	'+1300	-	'+1400	-	-	-	20%	7%	1,3,1,5,5,3,0,1,4,0		90,38,90,90,85
