Player	Prop	AVG	draftkings	fanduel	cz	bet365	kambi	mgm	fpros	yahoo
Christian Mccaffrey
260.36 FPTS	rush_att	272.4	-	-	-	-	-	-	272.4	-
1.01 ADP	rush_yd	1156.0	o1150.5 -110/-110	o1100.5 -112/-112	o1150.5 -105/-125	o1125.5 -110/-110	o1150.5 100/-124	o1125.5 100/-120	1289.3	-
	rush_td	10.8	o10.5 -120/+100	o10.5 -108/-118	o11.5 115/-145	o10.5 -130/+100	o10.5 -124/100	o10.5 -105/-115	11.6	-
	rec	63.9	o62.5 -110/-110	o60.5 -112/-112	-	o62.5 -110/-110	-	-	69.9	-
	rec_yd	511.6	o500.5 -110/-110	o500.5 -112/-112	o500.5 -115/-115	o500.5 -110/-110	-	o500.5 -110/-110	567.3	-
	rec_td	4.8	o5.5 +125/-150	o4.5 -118/-108	o3.5 -170/135	-	-	o5.5 125/-150	4.8	-

Breece Hall
223.47 FPTS	rush_att	249.5	-	-	-	-	-	-	249.5	-
1.04 ADP	rush_yd	1040.3	o1050.5 -110/-110	o1050.5 -112/-112	o1050.5 -115/-115	o1025.5 -130/+100	o975.5 -124/100	o1000.5 -115/-105	1129.4	-
	rush_td	7.6	o7.5 -110/-110	o7.5 -102/-124	o7.5 -115/-115	o7.5 -105/-115	o7.5 -105/-118	o7.5 -105/-115	8.1	-
	rec	63.1	-	-	-	-	o59.5 -112/-112	-	66.8	-
	rec_yd	510.4	-	-	o500.5 -115/-115	-	o500.5 -112/-112	-	530.2	-
	rec_td	3.8	-	-	-	-	-	-	3.8	-

Bijan Robinson
222.92 FPTS	rush_att	243.8	-	-	-	-	-	-	243.8	-
1.05 ADP	rush_yd	1013.4	o1000.5 -110/-110	o1025.5 -112/-112	o1020.5 -115/-115	o1000.5 -110/-110	o950.5 -139/110	o975.5 -120/100	1120.9	-
	rush_td	6.8	o6.5 -130/+110	o6.5 -128/+100	o7.5 -105/-125	o6.5 -130/+100	o6.5 -125/102	o6.5 -130/110	7.4	-
	rec	65.8	-	-	-	-	-	-	65.8	-
	rec_yd	549.8	-	-	-	-	-	-	549.8	-
	rec_td	4.3	-	-	-	-	-	-	4.3	-

Jonathan Taylor
200.92 FPTS	rush_att	283.6	-	-	-	-	-	-	283.6	-
1.10 ADP	rush_yd	1082.0	o1075.5 -110/-110	o1050.5 -112/-112	o1050.5 -115/-115	o1025.5 -130/+100	o1075.5 100/-124	o1025.5 -115/-105	1270.7	-
	rush_td	9.2	o8.5 -115/-115	o8.5 -108/-118	o9.5 120/-150	o8.5 -105/-115	o9.5 100/-141	o9.5 105/-125	10.1	-
	rec	37.3	-	-	-	-	-	-	37.3	-
	rec_yd	279.2	-	-	-	-	-	-	279.2	-
	rec_td	1.6	-	-	-	-	-	-	1.6	-

Saquon Barkley
197.29 FPTS	rush_att	268.8	-	-	-	-	-	-	268.8	-
1.11 ADP	rush_yd	1030.9	o1000.5 -110/-110	o1000.5 -112/-112	-	o1025.5 +100/-130	o1025.5 110/-136	o1005.5 -110/-110	1127.6	-
	rush_td	7.3	o7.5 +110/-135	o6.5 -130/+102	-	o6.5 -140/+110	o7.5 103/-127	o6.5 -140/115	9.3	-
	rec	44.2	-	o40.5 -102/-126	-	-	-	-	48.0	-
	rec_yd	324.0	-	o300.5 -112/-112	-	-	-	-	347.5	-
	rec_td	3.0	-	-	-	-	-	-	3.0	-

Jahmyr Gibbs
190.85 FPTS	rush_att	202.5	-	-	-	-	-	-	202.5	-
2.01 ADP	rush_yd	883.7	-	o825.5 -112/-112	-	-	-	-	941.9	-
	rush_td	8.4	-	-	-	-	-	-	8.4	-
	rec	54.6	-	-	-	-	-	-	54.6	-
	rec_yd	388.8	-	-	-	-	-	-	388.8	-
	rec_td	2.2	-	-	-	-	-	-	2.2	-

Derrick Henry
188.29 FPTS	rush_att	269.1	-	-	-	-	-	-	269.1	-
2.06 ADP	rush_yd	993.7	o975.5 -110/-110	o950.5 -112/-112	o950.5 -115/-115	o975.5 -110/-110	o950.5 -112/-112	o950.5 -120/100	1203.1	-
	rush_td	10.6	o10.5 -110/-110	o10.5 -126/-102	o10.5 -115/-115	o10.5 -130/+100	o10.5 -125/102	o10.5 -125/105	11.2	-
	rec	24.9	-	-	-	-	-	-	24.9	-
	rec_yd	199.2	-	-	-	-	-	-	199.2	-
	rec_td	0.9	-	-	-	-	-	-	0.9	-

Kyren Williams
187.87 FPTS	rush_att	245.4	-	-	-	-	-	-	245.4	-
2.04 ADP	rush_yd	973.5	-	o925.5 -112/-112	o925.5 -105/-125	o950.5 -110/-110	o950.5 -120/-105	-	1115.5	-
	rush_td	9.0	-	o8.5 -108/-118	o9.5 130/-165	o8.5 -115/-105	o8.5 -112/-112	-	10.0	-
	rec	34.4	-	-	-	-	-	-	34.4	-
	rec_yd	251.2	-	-	-	-	-	-	251.2	-
	rec_td	1.9	-	-	-	-	-	-	1.9	-

Travis Etienne
180.29 FPTS	rush_att	250.1	-	-	-	-	-	-	250.1	-
2.05 ADP	rush_yd	934.8	o925.5 -110/-110	o925.5 -112/-112	o900.5 -115/-115	o900.5 -110/-110	o950.5 107/-132	o915.5 -115/-105	1025.4	-
	rush_td	7.3	o6.5 -110/-110	o7.5 +104/-134	o7.5 120/-150	o6.5 -130/+100	o7.5 120/-150	o7.5 135/-165	8.2	-
	rec	46.1	-	-	-	-	-	-	46.1	-
	rec_yd	358.1	-	-	-	-	-	-	358.1	-
	rec_td	1.2	-	-	-	-	-	-	1.2	-

Josh Jacobs
179.0 FPTS	rush_att	258.2	-	-	-	-	-	-	258.2	-
2.12 ADP	rush_yd	952.6	o950.5 -110/-110	o950.5 -112/-112	o950.5 -115/-115	o925.5 -110/-110	o900.5 -124/100	o925.5 -110/-110	1065.4	-
	rush_td	7.7	o7.5 +100/-120	o7.5 -142/+112	o7.5 -110/-120	o7.5 -110/-110	o7.5 105/-130	o7.5 100/-120	8.7	-
	rec	39.9	-	-	-	-	-	-	39.9	-
	rec_yd	303.4	-	-	-	-	-	-	303.4	-
	rec_td	1.2	-	-	-	-	-	-	1.2	-

James Cook
173.33 FPTS	rush_att	231.7	-	-	-	-	-	-	231.7	-
3.12 ADP	rush_yd	930.9	o925.5 -110/-110	o900.5 -112/-112	o875.5 -115/-115	o950.5 -105/-115	o900.5 100/-124	-	1033.2	-
	rush_td	4.2	o4.5 -125/+100	o4.5 +108/-138	o3.5 -135/105	o4.5 +100/-130	o3.5 -124/100	o3.5 -135/110	5.1	-
	rec	45.0	-	-	-	-	-	-	45.0	-
	rec_yd	382.4	-	-	-	-	-	-	382.4	-
	rec_td	2.8	-	-	-	-	-	-	2.8	-

Devon Achane
172.59 FPTS	rush_att	175.0	-	-	-	-	-	-	175.0	-
2.09 ADP	rush_yd	783.6	o750.5 -110/-110	o775.5 -112/-112	o775.5 -115/-115	o775.5 -110/-110	o750.5 -112/-112	o750.5 -110/-110	907.1	-
	rush_td	7.0	o7.5 +120/-145	o7.5 +124/-158	o6.5 -120/-110	o7.5 +120/-150	o6.5 -136/110	o6.5 -125/105	7.2	-
	rec	45.4	-	-	-	-	-	-	45.4	-
	rec_yd	348.3	-	-	-	-	-	-	348.3	-
	rec_td	2.9	-	-	-	-	-	-	2.9	-

Isiah Pacheco
171.72 FPTS	rush_att	238.1	-	-	-	-	-	-	238.1	-
2.08 ADP	rush_yd	931.0	o900.5 -115/-105	o925.5 -112/-112	o900.5 -115/-115	o925.5 -110/-110	o900.5 -112/-112	o900.5 -115/-105	1064.0	-
	rush_td	6.9	o6.5 -110/-110	o6.5 -116/-110	o6.5 -115/-115	o6.5 -110/-110	o6.5 -125/101	o7.5 110/-130	8.5	-
	rec	38.8	-	-	-	-	-	-	38.8	-
	rec_yd	258.2	-	-	-	-	-	-	258.2	-
	rec_td	1.9	-	-	-	-	-	-	1.9	-

Joe Mixon
170.25 FPTS	rush_att	244.8	-	-	-	-	-	-	244.8	-
4.06 ADP	rush_yd	852.1	o850.5 +100/-125	o825.5 -112/-112	o800.5 -115/-115	o850.5 -110/-110	o825.5 -112/-112	o850.5 100/-120	961.8	-
	rush_td	6.9	o6.5 -110/-110	o6.5 -124/-102	o7.5 130/-160	o6.5 -115/-105	o6.5 -137/110	-	7.6	-
	rec	40.1	-	-	-	-	-	-	40.1	-
	rec_yd	304.4	-	-	-	-	-	-	304.4	-
	rec_td	2.2	-	-	-	-	-	-	2.2	-

Rachaad White
170.2 FPTS	rush_att	235.2	-	-	-	-	-	-	235.2	-
3.11 ADP	rush_yd	823.8	o825.5 +105/-125	o800.5 -112/-112	o775.5 -115/-115	o825.5 +100/-130	o800.5 -112/-112	o825.5 100/-120	913.9	-
	rush_td	5.6	o5.5 -105/-115	o5.5 -112/-112	o5.5 110/-140	o5.5 +100/-130	o5.5 100/-124	o5.5 -105/-115	6.5	-
	rec	52.6	-	-	-	-	-	-	52.6	-
	rec_yd	398.2	-	-	o400.5 -115/-115	-	-	-	395.9	-
	rec_td	2.4	-	-	-	-	-	-	2.4	-

Kenneth Walker
169.77 FPTS	rush_att	240.9	-	-	-	-	-	-	240.9	-
4.08 ADP	rush_yd	921.5	-	o900.5 -112/-112	o925.5 -115/-115	o875.5 -110/-110	o900.5 -112/-112	-	1005.7	-
	rush_td	8.2	-	o7.5 -112/-112	o8.5 125/-155	o8.5 +110/-140	o7.5 -134/108	-	9.0	-
	rec	29.1	-	-	-	-	-	-	29.1	-
	rec_yd	224.2	-	-	-	-	-	-	224.2	-
	rec_td	1.0	-	-	-	-	-	-	1.0	-

David Montgomery
162.55 FPTS	rush_att	205.1	-	-	-	-	-	-	205.1	-
5.12 ADP	rush_yd	833.9	-	o825.5 -112/-112	o800.5 -115/-115	o825.5 -105/-115	-	o815.5 100/-120	902.4	-
	rush_td	9.6	-	o9.5 -104/-122	o9.5 110/-140	o9.5 +110/-140	-	o9.5 115/-140	9.9	-
	rec	22.4	-	-	-	-	-	-	22.4	-
	rec_yd	167.6	-	-	-	-	-	-	167.6	-
	rec_td	0.8	-	-	-	-	-	-	0.8	-

Alvin Kamara
152.3 FPTS	rush_att	204.7	-	-	-	-	-	-	204.7	-
4.09 ADP	rush_yd	668.6	o625.5 -110/-110	o650.5 -112/-112	o650.5 -115/-115	o650.5 -110/-110	o650.5 100/-124	o650.5 -110/-110	802.4	-
	rush_td	4.6	o4.5 -110/-110	o4.5 +102/-130	o4.5 100/-130	o4.5 -105/-115	o4.5 -112/-112	o4.5 -105/-115	5.3	-
	rec	65.8	-	-	-	-	o65.5 -112/-112	-	66.0	-
	rec_yd	446.4	-	-	-	-	o425.5 100/-124	-	467.3	-
	rec_td	2.2	-	-	-	-	-	-	2.2	-

Aaron Jones
147.11 FPTS	rush_att	189.3	-	-	-	-	-	-	189.3	-
5.05 ADP	rush_yd	749.6	o750.5 -105/-115	o725.5 -112/-112	o700.5 -115/-115	o750.5 -110/-110	o700.5 -112/-112	o750.5 -105/-115	869.1	-
	rush_td	4.9	o5.5 +110/-135	o5.5 +112/-142	o4.5 100/-130	o4.5 -130/+100	o4.5 -112/-112	o4.5 -115/-105	5.5	-
	rec	42.8	-	-	-	-	-	-	42.8	-
	rec_yd	313.5	-	-	-	-	-	-	313.5	-
	rec_td	1.9	-	-	-	-	-	-	1.9	-

James Conner
146.62 FPTS	rush_att	201.6	-	-	-	-	-	-	201.6	-
5.07 ADP	rush_yd	782.0	-	o775.5 -112/-112	o725.5 -115/-115	o775.5 -110/-110	o750.5 -112/-112	-	882.9	-
	rush_td	6.3	-	o6.5 +102/-130	o6.5 110/-140	o6.5 +105/-135	o5.5 -130/105	-	6.7	-
	rec	32.6	-	-	-	-	-	-	32.6	-
	rec_yd	222.2	-	-	-	-	-	-	222.2	-
	rec_td	1.4	-	-	-	-	-	-	1.4	-

Najee Harris
145.72 FPTS	rush_att	237.2	-	-	-	-	-	-	237.2	-
6.07 ADP	rush_yd	856.4	-	o800.5 -112/-112	-	o850.5 -110/-110	-	o825.5 -110/-110	949.0	-
	rush_td	5.8	-	o5.5 -118/-108	-	o5.5 -115/-105	-	o5.5 -140/115	6.6	-
	rec	28.6	-	-	-	-	-	-	28.6	-
	rec_yd	180.8	-	-	-	-	-	-	180.8	-
	rec_td	1.2	-	-	-	-	-	-	1.2	-

Raheem Mostert
143.0 FPTS	rush_att	168.7	-	-	-	-	-	-	168.7	-
6.12 ADP	rush_yd	692.8	o675.5 -115/-115	o650.5 -112/-112	o675.5 -115/-115	o675.5 -110/-110	-	o675.5 -110/-120	804.1	-
	rush_td	8.0	o7.5 +100/-120	o7.5 +112/-142	o8.5 135/-170	o7.5 +110/-140	-	o8.5 125/-150	8.5	-
	rec	25.4	-	-	-	-	-	-	25.4	-
	rec_yd	179.2	-	-	-	-	-	-	179.2	-
	rec_td	1.3	-	-	-	-	-	-	1.3	-

Rhamondre Stevenson
140.69 FPTS	rush_att	208.9	-	-	-	-	-	-	208.9	-
5.08 ADP	rush_yd	794.7	-	o775.5 -112/-112	o775.5 -115/-115	o775.5 -110/-110	o775.5 100/-124	-	871.3	-
	rush_td	4.7	-	o4.5 -146/+114	o4.5 -115/-115	o4.5 -130/+100	o4.5 -139/113	-	5.6	-
	rec	41.0	-	-	-	-	-	-	41.0	-
	rec_yd	282.2	-	-	-	-	-	-	282.2	-
	rec_td	0.8	-	-	-	-	-	-	0.8	-

Zamir White
138.97 FPTS	rush_att	235.3	-	-	-	-	-	-	235.3	-
6.10 ADP	rush_yd	823.8	o800.5 -105/-120	o800.5 -112/-112	o800.5 -115/-115	o825.5 +100/-130	o800.5 100/-124	o750.5 -150/125	988.6	-
	rush_td	4.8	o4.5 -125/+105	o5.5 +142/-182	o4.5 -150/120	o4.5 -135/+105	o4.5 -106/-118	o4.5 -125/105	5.8	-
	rec	32.9	-	-	-	-	-	-	32.9	-
	rec_yd	229.9	-	-	-	-	-	-	229.9	-
	rec_td	0.8	-	-	-	-	-	-	0.8	-

Dandre Swift
138.56 FPTS	rush_att	178.3	-	-	-	-	-	-	178.3	-
6.02 ADP	rush_yd	719.8	o725.5 -105/-115	o675.5 -112/-112	o700.5 -115/-115	o750.5 +100/-130	o675.5 -112/-112	o700.5 -115/-115	810.5	-
	rush_td	5.3	o5.5 +120/-150	o5.5 +128/-164	o4.5 -150/120	o5.5 +110/-140	o5.5 108/-134	o5.5 130/-155	5.2	-
	rec	36.5	-	-	-	-	-	-	36.5	-
	rec_yd	251.8	-	-	-	-	-	-	251.8	-
	rec_td	1.6	-	-	-	-	-	-	1.6	-

Zack Moss
138.41 FPTS	rush_att	170.3	-	-	-	-	-	-	170.3	-
8.03 ADP	rush_yd	723.4	o700.5 -115/-115	o775.5 -112/-112	-	o700.5 -135/+105	o725.5 -124/100	o700.5 -115/-115	737.6	-
	rush_td	6.2	o6.5 +125/-150	o6.5 +116/-150	-	o6.5 +120/-150	o5.5 -134/108	o6.5 125/-150	5.8	-
	rec	29.5	-	-	-	-	-	-	29.5	-
	rec_yd	204.7	-	-	-	-	-	-	204.7	-
	rec_td	1.4	-	-	-	-	-	-	1.4	-

Brian Robinson
136.9 FPTS	rush_att	185.3	-	-	-	-	-	-	185.3	-
8.06 ADP	rush_yd	725.8	-	-	-	-	o675.5 -112/-112	-	776.1	-
	rush_td	4.9	-	-	-	-	o4.5 -108/-115	-	5.3	-
	rec	28.8	-	-	-	-	-	-	28.8	-
	rec_yd	241.2	-	-	-	-	-	-	241.2	-
	rec_td	1.8	-	-	-	-	-	-	1.8	-

Tony Pollard
136.81 FPTS	rush_att	197.5	-	-	-	-	-	-	197.5	-
7.07 ADP	rush_yd	753.4	o775.5 +125/-155	o700.5 -112/-112	o700.5 -115/-115	o750.5 +100/-130	o725.5 -112/-112	o775.5 130/-155	846.1	-
	rush_td	5.4	o5.5 +110/-135	o5.5 +134/-176	o4.5 -145/115	o5.5 +110/-140	o5.5 130/-162	o5.5 110/-135	5.7	-
	rec	34.2	-	-	-	-	-	-	34.2	-
	rec_yd	236.7	-	-	-	-	-	-	236.7	-
	rec_td	0.9	-	-	-	-	-	-	0.9	-

Javonte Williams
132.55 FPTS	rush_att	204.2	-	-	-	-	-	-	204.2	-
7.08 ADP	rush_yd	742.4	-	-	-	-	o650.5 100/-124	-	834.3	-
	rush_td	4.1	-	-	-	-	o3.5 -106/-117	-	4.7	-
	rec	41.2	-	-	-	-	-	-	41.2	-
	rec_yd	247.1	-	-	-	-	-	-	247.1	-
	rec_td	1.5	-	-	-	-	-	-	1.5	-

Jaylen Warren
131.6 FPTS	rush_att	142.4	-	-	-	-	-	-	142.4	-
8.04 ADP	rush_yd	656.1	-	o615.5 -112/-112	o675.5 -115/-115	-	-	-	677.4	-
	rush_td	3.9	-	-	-	-	-	-	3.9	-
	rec	47.5	-	-	-	-	-	-	47.5	-
	rec_yd	323.9	-	-	-	-	-	-	323.9	-
	rec_td	1.7	-	-	-	-	-	-	1.7	-

Chase Brown
128.48 FPTS	rush_att	142.4	-	-	-	-	-	-	142.4	-
9.11 ADP	rush_yd	618.2	-	-	-	-	-	-	618.2	-
	rush_td	4.0	-	-	-	-	-	-	4.0	-
	rec	37.3	-	-	-	-	-	-	37.3	-
	rec_yd	312.6	-	-	-	-	-	-	312.6	-
	rec_td	1.9	-	-	-	-	-	-	1.9	-

Devin Singletary
126.18 FPTS	rush_att	196.5	-	-	-	-	-	-	196.5	-
7.11 ADP	rush_yd	742.9	o725.5 +100/-125	o750.5 -112/-112	o700.5 -115/-115	o750.5 -110/-110	o700.5 -143/116	o725.5 -110/-110	847.3	-
	rush_td	4.4	o4.5 +100/-125	o4.5 -108/-118	o3.5 -140/110	o4.5 -105/-115	o4.5 103/-127	o4.5 -105/-115	5.0	-
	rec	33.0	-	-	-	-	-	-	33.0	-
	rec_yd	212.9	-	-	-	-	-	-	212.9	-
	rec_td	0.7	-	-	-	-	-	-	0.7	-

Jerome Ford
126.08 FPTS	rush_att	168.7	-	-	-	-	-	-	168.7	-
10.02 ADP	rush_yd	663.0	-	-	-	-	-	-	663.0	-
	rush_td	4.0	-	-	-	-	-	-	4.0	-
	rec	34.2	-	-	-	-	-	-	34.2	-
	rec_yd	243.8	-	-	-	-	-	-	243.8	-
	rec_td	1.9	-	-	-	-	-	-	1.9	-

Austin Ekeler
123.55 FPTS	rush_att	126.6	-	-	-	-	-	-	126.6	-
8.09 ADP	rush_yd	479.7	-	-	o435.5 -115/-115	-	-	-	523.9	-
	rush_td	4.2	-	-	-	-	-	-	4.2	-
	rec	46.3	-	-	-	-	-	-	46.3	-
	rec_yd	383.8	-	-	o400.5 -115/-115	-	-	-	367.0	-
	rec_td	2.0	-	-	-	-	-	-	2.0	-

Tyjae Spears
123.36 FPTS	rush_att	141.6	-	-	-	-	-	-	141.6	-
9.04 ADP	rush_yd	585.6	-	-	o550.5 -115/-115	-	-	-	620.7	-
	rush_td	3.6	-	-	-	-	-	-	3.6	-
	rec	43.3	-	-	-	-	-	-	43.3	-
	rec_yd	336.0	-	-	-	-	-	-	336.0	-
	rec_td	1.6	-	-	-	-	-	-	1.6	-

Nick Chubb
120.09 FPTS	rush_att	149.7	-	-	-	-	-	-	149.7	-
8.08 ADP	rush_yd	726.7	-	-	-	-	-	-	726.7	-
	rush_td	5.0	-	-	-	-	-	-	5.0	-
	rec	17.5	-	-	-	-	-	-	17.5	-
	rec_yd	138.2	-	-	-	-	-	-	138.2	-
	rec_td	0.6	-	-	-	-	-	-	0.6	-

Ezekiel Elliott
116.5 FPTS	rush_att	170.2	-	-	-	-	-	-	170.2	-
10.01 ADP	rush_yd	563.2	o575.5 -105/-115	-	o475.5 -115/-115	o575.5 -110/-110	o525.5 -134/108	-	663.8	-
	rush_td	5.5	-	-	o5.5 100/-130	o5.5 +110/-140	o5.5 115/-143	-	5.7	-
	rec	29.2	-	-	-	-	-	-	29.2	-
	rec_yd	193.8	-	-	-	-	-	-	193.8	-
	rec_td	1.3	-	-	-	-	-	-	1.3	-

Jonathon Brooks
116.02 FPTS	rush_att	152.1	-	-	-	-	-	-	152.1	-
8.12 ADP	rush_yd	664.3	-	-	-	-	-	-	664.3	-
	rush_td	4.4	-	-	-	-	-	-	4.4	-
	rec	23.1	-	-	-	-	-	-	23.1	-
	rec_yd	177.9	-	-	-	-	-	-	177.9	-
	rec_td	0.9	-	-	-	-	-	-	0.9	-

Gus Edwards
115.06 FPTS	rush_att	183.9	-	-	-	-	-	-	183.9	-
10.05 ADP	rush_yd	677.4	-	-	o625.5 -115/-115	-	o625.5 105/-130	-	781.1	-
	rush_td	5.3	-	-	o4.5 -160/125	o4.5 -115/-105	-	-	7.0	-
	rec	15.0	-	-	-	-	-	-	15.0	-
	rec_yd	131.2	-	-	-	-	-	-	131.2	-
	rec_td	0.4	-	-	-	-	-	-	0.4	-

Chuba Hubbard
109.88 FPTS	rush_att	156.3	-	-	-	-	-	-	156.3	-
12.06 ADP	rush_yd	636.2	-	-	-	o650.5 -110/-110	-	-	622.0	-
	rush_td	4.0	-	-	-	-	-	-	4.0	-
	rec	27.7	-	-	-	-	-	-	27.7	-
	rec_yd	192.6	-	-	-	-	-	-	192.6	-
	rec_td	0.5	-	-	-	-	-	-	0.5	-

Jk Dobbins
107.08 FPTS	rush_att	133.6	-	-	-	-	-	-	133.6	-
11.09 ADP	rush_yd	570.4	-	-	o550.5 -125/-105	-	-	-	590.3	-
	rush_td	3.7	-	-	o3.5 -115/-115	-	-	-	3.9	-
	rec	24.9	-	-	-	-	-	-	24.9	-
	rec_yd	188.4	-	-	-	-	-	-	188.4	-
	rec_td	1.5	-	-	-	-	-	-	1.5	-

Ty Chandler
104.75 FPTS	rush_att	146.6	-	-	-	-	-	-	146.6	-
13.02 ADP	rush_yd	598.6	-	-	-	-	-	-	598.6	-
	rush_td	4.3	-	-	-	-	-	-	4.3	-
	rec	21.1	-	-	-	-	-	-	21.1	-
	rec_yd	154.9	-	-	-	-	-	-	154.9	-
	rec_td	0.6	-	-	-	-	-	-	0.6	-

Tyler Allgeier
101.63 FPTS	rush_att	134.3	-	-	-	-	-	-	134.3	-
14.03 ADP	rush_yd	549.2	-	-	-	-	-	-	549.2	-
	rush_td	3.8	-	-	-	-	-	-	3.8	-
	rec	21.1	-	-	-	-	-	-	21.1	-
	rec_yd	167.1	-	-	-	-	-	-	167.1	-
	rec_td	1.2	-	-	-	-	-	-	1.2	-

Blake Corum
101.48 FPTS	rush_att	138.3	-	-	-	-	-	-	138.3	-
10.11 ADP	rush_yd	544.5	-	-	-	o500.5 -110/-110	-	-	588.5	-
	rush_td	4.6	-	-	-	-	-	-	4.6	-
	rec	19.5	-	-	-	-	-	-	19.5	-
	rec_yd	152.3	-	-	-	-	-	-	152.3	-
	rec_td	0.7	-	-	-	-	-	-	0.7	-

Rico Dowdle
101.43 FPTS	rush_att	140.0	-	-	-	-	-	-	140.0	-
11.11 ADP	rush_yd	545.3	-	-	-	-	-	-	545.3	-
	rush_td	3.6	-	-	-	-	-	-	3.6	-
	rec	23.6	-	-	-	-	-	-	23.6	-
	rec_yd	181.0	-	-	-	-	-	-	181.0	-
	rec_td	1.2	-	-	-	-	-	-	1.2	-

Antonio Gibson
97.55 FPTS	rush_att	119.8	-	-	-	-	-	-	119.8	-
13.10 ADP	rush_yd	461.3	-	-	-	-	-	-	461.3	-
	rush_td	2.6	-	-	-	-	-	-	2.6	-
	rec	38.1	-	-	-	-	-	-	38.1	-
	rec_yd	286.2	-	-	-	-	-	-	286.2	-
	rec_td	1.2	-	-	-	-	-	-	1.2	-

Khalil Herbert
97.01 FPTS	rush_att	148.1	-	-	-	-	-	-	148.1	-
16.01 ADP	rush_yd	597.2	-	-	-	-	-	-	597.2	-
	rush_td	3.4	-	-	-	-	-	-	3.4	-
	rec	16.6	-	-	-	-	-	-	16.6	-
	rec_yd	114.9	-	-	-	-	-	-	114.9	-
	rec_td	0.9	-	-	-	-	-	-	0.9	-

Trey Benson
95.44 FPTS	rush_att	134.2	-	-	-	-	-	-	134.2	-
10.03 ADP	rush_yd	527.0	-	-	-	o475.5 -110/-110	-	-	578.5	-
	rush_td	3.9	-	-	-	-	-	-	3.9	-
	rec	19.1	-	-	-	-	-	-	19.1	-
	rec_yd	139.4	-	-	-	-	-	-	139.4	-
	rec_td	0.9	-	-	-	-	-	-	0.9	-

Jaleel Mclaughlin
94.75 FPTS	rush_att	102.6	-	-	-	-	-	-	102.6	-
13.05 ADP	rush_yd	498.4	-	-	-	-	-	-	498.4	-
	rush_td	2.7	-	-	-	-	-	-	2.7	-
	rec	32.8	-	-	-	-	-	-	32.8	-
	rec_yd	215.1	-	-	-	-	-	-	215.1	-
	rec_td	1.2	-	-	-	-	-	-	1.2	-

Zach Charbonnet
92.15 FPTS	rush_att	117.5	-	-	-	-	-	-	117.5	-
12.08 ADP	rush_yd	486.4	-	-	-	-	-	-	486.4	-
	rush_td	2.9	-	-	-	-	-	-	2.9	-
	rec	31.8	-	-	-	-	-	-	31.8	-
	rec_yd	213.1	-	-	-	-	-	-	213.1	-
	rec_td	0.8	-	-	-	-	-	-	0.8	-

Bucky Irving
82.94 FPTS	rush_att	116.2	-	-	-	-	-	-	116.2	-
17.04 ADP	rush_yd	436.6	-	-	-	-	-	-	436.6	-
	rush_td	2.8	-	-	-	-	-	-	2.8	-
	rec	21.0	-	-	-	-	-	-	21.0	-
	rec_yd	164.8	-	-	-	-	-	-	164.8	-
	rec_td	1.0	-	-	-	-	-	-	1.0	-

Marshawn Lloyd
78.6 FPTS	rush_att	99.7	-	-	-	-	-	-	99.7	-
14.08 ADP	rush_yd	414.5	-	-	-	-	-	-	414.5	-
	rush_td	3.1	-	-	-	-	-	-	3.1	-
	rec	16.9	-	-	-	-	-	-	16.9	-
	rec_yd	131.5	-	-	-	-	-	-	131.5	-
	rec_td	0.9	-	-	-	-	-	-	0.9	-

Jordan Mason
78.0 FPTS	rush_att	100.3	-	-	-	-	-	-	100.3	-
18.11 ADP	rush_yd	442.0	-	-	-	-	-	-	442.0	-
	rush_td	3.8	-	-	-	-	-	-	3.8	-
	rec	10.1	-	-	-	-	-	-	10.1	-
	rec_yd	74.0	-	-	-	-	-	-	74.0	-
	rec_td	0.6	-	-	-	-	-	-	0.6	-

Ray Davis
75.52 FPTS	rush_att	86.4	-	-	-	-	-	-	86.4	-
17.02 ADP	rush_yd	390.5	-	-	-	-	-	-	390.5	-
	rush_td	2.9	-	-	-	-	-	-	2.9	-
	rec	16.7	-	-	-	-	-	-	16.7	-
	rec_yd	136.7	-	-	-	-	-	-	136.7	-
	rec_td	0.9	-	-	-	-	-	-	0.9	-

Alexander Mattison
73.88 FPTS	rush_att	113.7	-	-	-	-	-	-	113.7	-
19.11 ADP	rush_yd	425.0	-	-	-	-	-	-	425.0	-
	rush_td	2.6	-	-	-	-	-	-	2.6	-
	rec	14.5	-	-	-	-	-	-	14.5	-
	rec_yd	97.8	-	-	-	-	-	-	97.8	-
	rec_td	1.0	-	-	-	-	-	-	1.0	-

Jamaal Williams
72.06 FPTS	rush_att	114.7	-	-	-	-	-	-	114.7	-
21.05 ADP	rush_yd	420.4	-	-	-	-	-	-	420.4	-
	rush_td	3.0	-	-	-	-	-	-	3.0	-
	rec	17.9	-	-	-	-	-	-	17.9	-
	rec_yd	102.2	-	-	-	-	-	-	102.2	-
	rec_td	0.3	-	-	-	-	-	-	0.3	-

Tyrone Tracy
71.39 FPTS	rush_att	102.4	-	-	-	-	-	-	102.4	-
17.10 ADP	rush_yd	396.4	-	-	-	-	-	-	396.4	-
	rush_td	2.5	-	-	-	-	-	-	2.5	-
	rec	16.3	-	-	-	-	-	-	16.3	-
	rec_yd	119.5	-	-	-	-	-	-	119.5	-
	rec_td	0.8	-	-	-	-	-	-	0.8	-

Braelon Allen
69.95 FPTS	rush_att	103.9	-	-	-	-	-	-	103.9	-
17.08 ADP	rush_yd	393.4	-	-	-	-	-	-	393.4	-
	rush_td	2.7	-	-	-	-	-	-	2.7	-
	rec	12.6	-	-	-	-	-	-	12.6	-
	rec_yd	96.1	-	-	-	-	-	-	96.1	-
	rec_td	0.8	-	-	-	-	-	-	0.8	-

Tank Bigsby
63.99 FPTS	rush_att	101.5	-	-	-	-	-	-	101.5	-
19.07 ADP	rush_yd	343.1	-	-	-	-	-	-	343.1	-
	rush_td	3.6	-	-	-	-	-	-	3.6	-
	rec	9.2	-	-	-	-	-	-	9.2	-
	rec_yd	62.8	-	-	-	-	-	-	62.8	-
	rec_td	0.3	-	-	-	-	-	-	0.3	-

Miles Sanders
57.54 FPTS	rush_att	96.9	-	-	-	-	-	-	96.9	-
23.01 ADP	rush_yd	349.6	-	-	-	-	-	-	349.6	-
	rush_td	2.0	-	-	-	-	-	-	2.0	-
	rec	16.2	-	-	-	-	-	-	16.2	-
	rec_yd	99.8	-	-	-	-	-	-	99.8	-
	rec_td	0.1	-	-	-	-	-	-	0.1	-

Kenneth Gainwell
	rush_att	72.2	-	-	-	-	-	-	72.2	-
	rush_yd	277.3	-	-	-	-	-	-	277.3	-
	rush_td	2.1	-	-	-	-	-	-	2.1	-
	rec	17.8	-	-	-	-	-	-	17.8	-
	rec_yd	124.1	-	-	-	-	-	-	124.1	-
	rec_td	0.5	-	-	-	-	-	-	0.5	-

Jaylen Wright
54.88 FPTS	rush_att	57.8	-	-	-	-	-	-	57.8	-
12.09 ADP	rush_yd	270.4	-	-	-	-	-	-	270.4	-
	rush_td	2.2	-	-	-	-	-	-	2.2	-
	rec	12.8	-	-	-	-	-	-	12.8	-
	rec_yd	104.4	-	-	-	-	-	-	104.4	-
	rec_td	0.7	-	-	-	-	-	-	0.7	-

Dameon Pierce
	rush_att	72.8	-	-	-	-	-	-	72.8	-
	rush_yd	306.2	-	-	-	-	-	-	306.2	-
	rush_td	2.2	-	-	-	-	-	-	2.2	-
	rec	10.5	-	-	-	-	-	-	10.5	-
	rec_yd	76.8	-	-	-	-	-	-	76.8	-
	rec_td	0.2	-	-	-	-	-	-	0.2	-

Roschon Johnson
52.57 FPTS	rush_att	66.9	-	-	-	-	-	-	66.9	-
19.10 ADP	rush_yd	263.2	-	-	-	-	-	-	263.2	-
	rush_td	2.0	-	-	-	-	-	-	2.0	-
	rec	17.9	-	-	-	-	-	-	17.9	-
	rec_yd	118.5	-	-	-	-	-	-	118.5	-
	rec_td	0.4	-	-	-	-	-	-	0.4	-

Audric Estime
	rush_att	68.2	-	-	-	-	-	-	68.2	-
	rush_yd	275.6	-	-	-	-	-	-	275.6	-
	rush_td	1.9	-	-	-	-	-	-	1.9	-
	rec	12.9	-	-	-	-	-	-	12.9	-
	rec_yd	96.9	-	-	-	-	-	-	96.9	-
	rec_td	0.5	-	-	-	-	-	-	0.5	-

Clyde Edwards Helaire
50.63 FPTS	rush_att	58.3	-	-	-	-	-	-	58.3	-
19.12 ADP	rush_yd	225.3	-	-	-	-	-	-	225.3	-
	rush_td	1.5	-	-	-	-	-	-	1.5	-
	rec	14.2	-	-	-	-	-	-	14.2	-
	rec_yd	119.0	-	-	-	-	-	-	119.0	-
	rec_td	1.2	-	-	-	-	-	-	1.2	-

Donta Foreman
	rush_att	64.3	-	-	-	-	-	-	64.3	-
	rush_yd	280.4	-	-	-	-	-	-	280.4	-
	rush_td	2.0	-	-	-	-	-	-	2.0	-
	rec	10.6	-	-	-	-	-	-	10.6	-
	rec_yd	78.0	-	-	-	-	-	-	78.0	-
	rec_td	0.3	-	-	-	-	-	-	0.3	-

Samaje Perine
	rush_att	46.9	-	-	-	-	-	-	46.9	-
	rush_yd	199.6	-	-	-	-	-	-	199.6	-
	rush_td	1.2	-	-	-	-	-	-	1.2	-
	rec	22.0	-	-	-	-	-	-	22.0	-
	rec_yd	172.8	-	-	-	-	-	-	172.8	-
	rec_td	0.8	-	-	-	-	-	-	0.8	-

Justice Hill
	rush_att	57.8	-	-	-	-	-	-	57.8	-
	rush_yd	231.1	-	-	-	-	-	-	231.1	-
	rush_td	1.6	-	-	-	-	-	-	1.6	-
	rec	13.8	-	-	-	-	-	-	13.8	-
	rec_yd	102.4	-	-	-	-	-	-	102.4	-
	rec_td	0.5	-	-	-	-	-	-	0.5	-

Kendre Miller
	rush_att	54.2	-	-	-	-	-	-	54.2	-
	rush_yd	221.8	-	-	-	-	-	-	221.8	-
	rush_td	1.7	-	-	-	-	-	-	1.7	-
	rec	11.9	-	-	-	-	-	-	11.9	-
	rec_yd	100.5	-	-	-	-	-	-	100.5	-
	rec_td	0.5	-	-	-	-	-	-	0.5	-

Keaton Mitchell
	rush_att	52.5	-	-	-	-	-	-	52.5	-
	rush_yd	255.0	-	-	-	-	-	-	255.0	-
	rush_td	1.6	-	-	-	-	-	-	1.6	-
	rec	8.6	-	-	-	-	-	-	8.6	-
	rec_yd	69.4	-	-	-	-	-	-	69.4	-
	rec_td	0.2	-	-	-	-	-	-	0.2	-

Kimani Vidal
	rush_att	47.0	-	-	-	-	-	-	47.0	-
	rush_yd	231.8	-	-	-	-	-	-	231.8	-
	rush_td	1.6	-	-	-	-	-	-	1.6	-
	rec	10.8	-	-	-	-	-	-	10.8	-
	rec_yd	76.5	-	-	-	-	-	-	76.5	-
	rec_td	0.2	-	-	-	-	-	-	0.2	-

Chris Rodriguez
	rush_att	0.0	-	-	-	-	-	-	0.0	-
	rush_yd	235.0	-	-	-	-	-	-	235.0	-
	rush_td	2.0	-	-	-	-	-	-	2.0	-
	rec	7.0	-	-	-	-	-	-	7.0	-
	rec_yd	51.0	-	-	-	-	-	-	51.0	-
	rec_td	0.0	-	-	-	-	-	-	0.0	-

Trey Sermon
	rush_att	52.8	-	-	-	-	-	-	52.8	-
	rush_yd	254.5	-	-	-	-	-	-	254.5	-
	rush_td	1.4	-	-	-	-	-	-	1.4	-
	rec	7.9	-	-	-	-	-	-	7.9	-
	rec_yd	54.5	-	-	-	-	-	-	54.5	-
	rec_td	0.2	-	-	-	-	-	-	0.2	-

Dalvin Cook
	rush_att	49.3	-	-	-	-	-	-	49.3	-
	rush_yd	229.6	-	-	-	-	-	-	229.6	-
	rush_td	1.6	-	-	-	-	-	-	1.6	-
	rec	8.4	-	-	-	-	-	-	8.4	-
	rec_yd	60.8	-	-	-	-	-	-	60.8	-
	rec_td	0.3	-	-	-	-	-	-	0.3	-

Isaac Guerendo
	rush_att	39.2	-	-	-	-	-	-	39.2	-
	rush_yd	226.5	-	-	-	-	-	-	226.5	-
	rush_td	1.9	-	-	-	-	-	-	1.9	-
	rec	6.5	-	-	-	-	-	-	6.5	-
	rec_yd	52.9	-	-	-	-	-	-	52.9	-
	rec_td	0.1	-	-	-	-	-	-	0.1	-

Eric Gray
	rush_att	39.5	-	-	-	-	-	-	39.5	-
	rush_yd	206.5	-	-	-	-	-	-	206.5	-
	rush_td	1.4	-	-	-	-	-	-	1.4	-
	rec	10.8	-	-	-	-	-	-	10.8	-
	rec_yd	73.4	-	-	-	-	-	-	73.4	-
	rec_td	0.5	-	-	-	-	-	-	0.5	-

Ty Johnson
	rush_att	39.7	-	-	-	-	-	-	39.7	-
	rush_yd	165.3	-	-	-	-	-	-	165.3	-
	rush_td	1.1	-	-	-	-	-	-	1.1	-
	rec	13.1	-	-	-	-	-	-	13.1	-
	rec_yd	111.2	-	-	-	-	-	-	111.2	-
	rec_td	0.7	-	-	-	-	-	-	0.7	-

Emanuel Wilson
	rush_att	40.8	-	-	-	-	-	-	40.8	-
	rush_yd	194.9	-	-	-	-	-	-	194.9	-
	rush_td	1.3	-	-	-	-	-	-	1.3	-
	rec	10.0	-	-	-	-	-	-	10.0	-
	rec_yd	72.7	-	-	-	-	-	-	72.7	-
	rec_td	0.5	-	-	-	-	-	-	0.5	-

Pierre Strong
	rush_att	51.1	-	-	-	-	-	-	51.1	-
	rush_yd	226.6	-	-	-	-	-	-	226.6	-
	rush_td	1.2	-	-	-	-	-	-	1.2	-
	rec	5.5	-	-	-	-	-	-	5.5	-
	rec_yd	42.3	-	-	-	-	-	-	42.3	-
	rec_td	0.1	-	-	-	-	-	-	0.1	-

Cam Akers
	rush_att	41.3	-	-	-	-	-	-	41.3	-
	rush_yd	192.5	-	-	-	-	-	-	192.5	-
	rush_td	1.4	-	-	-	-	-	-	1.4	-
	rec	5.7	-	-	-	-	-	-	5.7	-
	rec_yd	43.6	-	-	-	-	-	-	43.6	-
	rec_td	0.2	-	-	-	-	-	-	0.2	-

Emari Demercado
	rush_att	34.2	-	-	-	-	-	-	34.2	-
	rush_yd	149.1	-	-	-	-	-	-	149.1	-
	rush_td	1.1	-	-	-	-	-	-	1.1	-
	rec	13.4	-	-	-	-	-	-	13.4	-
	rec_yd	88.4	-	-	-	-	-	-	88.4	-
	rec_td	0.4	-	-	-	-	-	-	0.4	-

Cordarrelle Patterson
	rush_att	36.0	-	-	-	-	-	-	36.0	-
	rush_yd	155.5	-	-	-	-	-	-	155.5	-
	rush_td	1.1	-	-	-	-	-	-	1.1	-
	rec	10.4	-	-	-	-	-	-	10.4	-
	rec_yd	79.0	-	-	-	-	-	-	79.0	-
	rec_td	0.3	-	-	-	-	-	-	0.3	-

Evan Hull
	rush_att	0.0	-	-	-	-	-	-	0.0	-
	rush_yd	134.0	-	-	-	-	-	-	134.0	-
	rush_td	1.0	-	-	-	-	-	-	1.0	-
	rec	8.0	-	-	-	-	-	-	8.0	-
	rec_yd	59.0	-	-	-	-	-	-	59.0	-
	rec_td	1.0	-	-	-	-	-	-	1.0	-

Will Shipley
	rush_att	30.0	-	-	-	-	-	-	30.0	-
	rush_yd	167.6	-	-	-	-	-	-	167.6	-
	rush_td	1.4	-	-	-	-	-	-	1.4	-
	rec	5.2	-	-	-	-	-	-	5.2	-
	rec_yd	40.6	-	-	-	-	-	-	40.6	-
	rec_td	0.3	-	-	-	-	-	-	0.3	-

Deuce Vaughn
	rush_att	40.0	-	-	-	-	-	-	40.0	-
	rush_yd	148.0	-	-	-	-	-	-	148.0	-
	rush_td	1.2	-	-	-	-	-	-	1.2	-
	rec	9.1	-	-	-	-	-	-	9.1	-
	rec_yd	68.5	-	-	-	-	-	-	68.5	-
	rec_td	0.2	-	-	-	-	-	-	0.2	-

Isaiah Davis
	rush_att	45.7	-	-	-	-	-	-	45.7	-
	rush_yd	168.4	-	-	-	-	-	-	168.4	-
	rush_td	1.3	-	-	-	-	-	-	1.3	-
	rec	5.6	-	-	-	-	-	-	5.6	-
	rec_yd	41.0	-	-	-	-	-	-	41.0	-
	rec_td	0.1	-	-	-	-	-	-	0.1	-

Dylan Laube
	rush_att	27.0	-	-	-	-	-	-	27.0	-
	rush_yd	145.4	-	-	-	-	-	-	145.4	-
	rush_td	1.1	-	-	-	-	-	-	1.1	-
	rec	7.7	-	-	-	-	-	-	7.7	-
	rec_yd	57.2	-	-	-	-	-	-	57.2	-
	rec_td	0.1	-	-	-	-	-	-	0.1	-

Tyler Goodson
	rush_att	25.1	-	-	-	-	-	-	25.1	-
	rush_yd	130.9	-	-	-	-	-	-	130.9	-
	rush_td	0.9	-	-	-	-	-	-	0.9	-
	rec	7.5	-	-	-	-	-	-	7.5	-
	rec_yd	54.4	-	-	-	-	-	-	54.4	-
	rec_td	0.4	-	-	-	-	-	-	0.4	-

Rasheen Ali
	rush_att	26.4	-	-	-	-	-	-	26.4	-
	rush_yd	149.1	-	-	-	-	-	-	149.1	-
	rush_td	1.2	-	-	-	-	-	-	1.2	-
	rec	3.9	-	-	-	-	-	-	3.9	-
	rec_yd	31.0	-	-	-	-	-	-	31.0	-
	rec_td	0.1	-	-	-	-	-	-	0.1	-

Jase Mcclellan
	rush_att	31.2	-	-	-	-	-	-	31.2	-
	rush_yd	129.1	-	-	-	-	-	-	129.1	-
	rush_td	1.0	-	-	-	-	-	-	1.0	-
	rec	5.4	-	-	-	-	-	-	5.4	-
	rec_yd	43.7	-	-	-	-	-	-	43.7	-
	rec_td	0.4	-	-	-	-	-	-	0.4	-

Michael Carter
	rush_att	0.0	-	-	-	-	-	-	0.0	-
	rush_yd	111.0	-	-	-	-	-	-	111.0	-
	rush_td	1.0	-	-	-	-	-	-	1.0	-
	rec	10.0	-	-	-	-	-	-	10.0	-
	rec_yd	69.0	-	-	-	-	-	-	69.0	-
	rec_td	0.0	-	-	-	-	-	-	0.0	-

Kevin Harris
	rush_att	4.5	-	-	-	-	-	-	4.5	-
	rush_yd	134.1	-	-	-	-	-	-	134.1	-
	rush_td	1.1	-	-	-	-	-	-	1.1	-
	rec	5.0	-	-	-	-	-	-	5.0	-
	rec_yd	36.6	-	-	-	-	-	-	36.6	-
	rec_td	0.0	-	-	-	-	-	-	0.0	-

Kyle Juszczyk
	rush_att	5.6	-	-	-	-	-	-	5.6	-
	rush_yd	20.2	-	-	-	-	-	-	20.2	-
	rush_td	0.1	-	-	-	-	-	-	0.1	-
	rec	15.0	-	-	-	-	-	-	15.0	-
	rec_yd	143.7	-	-	-	-	-	-	143.7	-
	rec_td	1.1	-	-	-	-	-	-	1.1	-

Chase Edmonds
	rush_att	0.0	-	-	-	-	-	-	0.0	-
	rush_yd	88.0	-	-	-	-	-	-	88.0	-
	rush_td	1.0	-	-	-	-	-	-	1.0	-
	rec	11.0	-	-	-	-	-	-	11.0	-
	rec_yd	83.0	-	-	-	-	-	-	83.0	-
	rec_td	0.0	-	-	-	-	-	-	0.0	-

Jamycal Hasty
	rush_att	24.0	-	-	-	-	-	-	24.0	-
	rush_yd	105.2	-	-	-	-	-	-	105.2	-
	rush_td	0.8	-	-	-	-	-	-	0.8	-
	rec	9.6	-	-	-	-	-	-	9.6	-
	rec_yd	64.5	-	-	-	-	-	-	64.5	-
	rec_td	0.1	-	-	-	-	-	-	0.1	-

Jawhar Jordan
	rush_att	0.0	-	-	-	-	-	-	0.0	-
	rush_yd	121.0	-	-	-	-	-	-	121.0	-
	rush_td	1.0	-	-	-	-	-	-	1.0	-
	rec	4.0	-	-	-	-	-	-	4.0	-
	rec_yd	27.0	-	-	-	-	-	-	27.0	-
	rec_td	0.0	-	-	-	-	-	-	0.0	-

Ronnie Rivers
	rush_att	29.7	-	-	-	-	-	-	29.7	-
	rush_yd	116.7	-	-	-	-	-	-	116.7	-
	rush_td	0.8	-	-	-	-	-	-	0.8	-
	rec	4.6	-	-	-	-	-	-	4.6	-
	rec_yd	33.3	-	-	-	-	-	-	33.3	-
	rec_td	0.1	-	-	-	-	-	-	0.1	-

Deneric Prince
	rush_att	0.0	-	-	-	-	-	-	0.0	-
	rush_yd	113.0	-	-	-	-	-	-	113.0	-
	rush_td	1.0	-	-	-	-	-	-	1.0	-
	rec	4.0	-	-	-	-	-	-	4.0	-
	rec_yd	29.0	-	-	-	-	-	-	29.0	-
	rec_td	0.0	-	-	-	-	-	-	0.0	-

Carson Steele
	rush_att	16.5	-	-	-	-	-	-	16.5	-
	rush_yd	106.8	-	-	-	-	-	-	106.8	-
	rush_td	0.9	-	-	-	-	-	-	0.9	-
	rec	4.6	-	-	-	-	-	-	4.6	-
	rec_yd	35.2	-	-	-	-	-	-	35.2	-
	rec_td	0.1	-	-	-	-	-	-	0.1	-

Trayveon Williams
	rush_att	41.6	-	-	-	-	-	-	41.6	-
	rush_yd	111.4	-	-	-	-	-	-	111.4	-
	rush_td	0.7	-	-	-	-	-	-	0.7	-
	rec	6.1	-	-	-	-	-	-	6.1	-
	rec_yd	39.8	-	-	-	-	-	-	39.8	-
	rec_td	0.1	-	-	-	-	-	-	0.1	-

Ameer Abdullah
	rush_att	26.8	-	-	-	-	-	-	26.8	-
	rush_yd	102.5	-	-	-	-	-	-	102.5	-
	rush_td	0.2	-	-	-	-	-	-	0.2	-
	rec	10.7	-	-	-	-	-	-	10.7	-
	rec_yd	78.4	-	-	-	-	-	-	78.4	-
	rec_td	0.1	-	-	-	-	-	-	0.1	-

Craig Reynolds
	rush_att	21.6	-	-	-	-	-	-	21.6	-
	rush_yd	102.6	-	-	-	-	-	-	102.6	-
	rush_td	0.8	-	-	-	-	-	-	0.8	-
	rec	4.1	-	-	-	-	-	-	4.1	-
	rec_yd	33.3	-	-	-	-	-	-	33.3	-
	rec_td	0.1	-	-	-	-	-	-	0.1	-

Dernest Johnson
	rush_att	31.8	-	-	-	-	-	-	31.8	-
	rush_yd	114.0	-	-	-	-	-	-	114.0	-
	rush_td	0.5	-	-	-	-	-	-	0.5	-
	rec	5.5	-	-	-	-	-	-	5.5	-
	rec_yd	39.2	-	-	-	-	-	-	39.2	-
	rec_td	0.1	-	-	-	-	-	-	0.1	-

Jeremy Mcnichols
	rush_att	18.4	-	-	-	-	-	-	18.4	-
	rush_yd	72.5	-	-	-	-	-	-	72.5	-
	rush_td	0.2	-	-	-	-	-	-	0.2	-
	rec	9.2	-	-	-	-	-	-	9.2	-
	rec_yd	69.5	-	-	-	-	-	-	69.5	-
	rec_td	0.4	-	-	-	-	-	-	0.4	-

Kenny Mcintosh
	rush_att	26.9	-	-	-	-	-	-	26.9	-
	rush_yd	89.4	-	-	-	-	-	-	89.4	-
	rush_td	0.6	-	-	-	-	-	-	0.6	-
	rec	4.1	-	-	-	-	-	-	4.1	-
	rec_yd	32.2	-	-	-	-	-	-	32.2	-
	rec_td	0.1	-	-	-	-	-	-	0.1	-

Blake Watson
	rush_att	14.6	-	-	-	-	-	-	14.6	-
	rush_yd	84.1	-	-	-	-	-	-	84.1	-
	rush_td	0.7	-	-	-	-	-	-	0.7	-
	rec	4.0	-	-	-	-	-	-	4.0	-
	rec_yd	28.6	-	-	-	-	-	-	28.6	-
	rec_td	0.1	-	-	-	-	-	-	0.1	-

Hunter Luepke
	rush_att	7.4	-	-	-	-	-	-	7.4	-
	rush_yd	26.3	-	-	-	-	-	-	26.3	-
	rush_td	1.4	-	-	-	-	-	-	1.4	-
	rec	4.0	-	-	-	-	-	-	4.0	-
	rec_yd	27.1	-	-	-	-	-	-	27.1	-
	rec_td	0.2	-	-	-	-	-	-	0.2	-

Jeff Wilson
	rush_att	15.0	-	-	-	-	-	-	15.0	-
	rush_yd	80.2	-	-	-	-	-	-	80.2	-
	rush_td	0.6	-	-	-	-	-	-	0.6	-
	rec	3.2	-	-	-	-	-	-	3.2	-
	rec_yd	23.6	-	-	-	-	-	-	23.6	-
	rec_td	0.1	-	-	-	-	-	-	0.1	-

Sean Tucker
	rush_att	25.5	-	-	-	-	-	-	25.5	-
	rush_yd	80.6	-	-	-	-	-	-	80.6	-
	rush_td	0.6	-	-	-	-	-	-	0.6	-
	rec	2.8	-	-	-	-	-	-	2.8	-
	rec_yd	21.4	-	-	-	-	-	-	21.4	-
	rec_td	0.1	-	-	-	-	-	-	0.1	-

Dare Ogunbowale
	rush_att	16.7	-	-	-	-	-	-	16.7	-
	rush_yd	56.9	-	-	-	-	-	-	56.9	-
	rush_td	0.4	-	-	-	-	-	-	0.4	-
	rec	7.3	-	-	-	-	-	-	7.3	-
	rec_yd	54.7	-	-	-	-	-	-	54.7	-
	rec_td	0.1	-	-	-	-	-	-	0.1	-

Julius Chestnut
	rush_att	20.7	-	-	-	-	-	-	20.7	-
	rush_yd	74.0	-	-	-	-	-	-	74.0	-
	rush_td	0.5	-	-	-	-	-	-	0.5	-
	rec	3.9	-	-	-	-	-	-	3.9	-
	rec_yd	31.4	-	-	-	-	-	-	31.4	-
	rec_td	0.1	-	-	-	-	-	-	0.1	-

Jordan Mims
	rush_att	14.6	-	-	-	-	-	-	14.6	-
	rush_yd	60.8	-	-	-	-	-	-	60.8	-
	rush_td	0.6	-	-	-	-	-	-	0.6	-
	rec	3.5	-	-	-	-	-	-	3.5	-
	rec_yd	25.3	-	-	-	-	-	-	25.3	-
	rec_td	0.1	-	-	-	-	-	-	0.1	-

Cody Schrader
	rush_att	31.0	-	-	-	-	-	-	31.0	-
	rush_yd	77.0	-	-	-	-	-	-	77.0	-
	rush_td	0.5	-	-	-	-	-	-	0.5	-
	rec	2.0	-	-	-	-	-	-	2.0	-
	rec_yd	14.0	-	-	-	-	-	-	14.0	-
	rec_td	0.0	-	-	-	-	-	-	0.0	-

Carlos Washington
	rush_att	0.0	-	-	-	-	-	-	0.0	-
	rush_yd	37.0	-	-	-	-	-	-	37.0	-
	rush_td	1.0	-	-	-	-	-	-	1.0	-
	rec	4.0	-	-	-	-	-	-	4.0	-
	rec_yd	22.0	-	-	-	-	-	-	22.0	-
	rec_td	0.0	-	-	-	-	-	-	0.0	-

Boston Scott
	rush_att	2.6	-	-	-	-	-	-	2.6	-
	rush_yd	54.8	-	-	-	-	-	-	54.8	-
	rush_td	0.5	-	-	-	-	-	-	0.5	-
	rec	2.4	-	-	-	-	-	-	2.4	-
	rec_yd	17.5	-	-	-	-	-	-	17.5	-
	rec_td	0.1	-	-	-	-	-	-	0.1	-

Israel Abanikanda
	rush_att	14.9	-	-	-	-	-	-	14.9	-
	rush_yd	57.4	-	-	-	-	-	-	57.4	-
	rush_td	0.3	-	-	-	-	-	-	0.3	-
	rec	2.7	-	-	-	-	-	-	2.7	-
	rec_yd	19.0	-	-	-	-	-	-	19.0	-
	rec_td	0.1	-	-	-	-	-	-	0.1	-

Sione Vaki
	rush_att	12.6	-	-	-	-	-	-	12.6	-
	rush_yd	60.0	-	-	-	-	-	-	60.0	-
	rush_td	0.2	-	-	-	-	-	-	0.2	-
	rec	2.5	-	-	-	-	-	-	2.5	-
	rec_yd	18.7	-	-	-	-	-	-	18.7	-
	rec_td	0.0	-	-	-	-	-	-	0.0	-

Avery Williams
	rush_att	7.6	-	-	-	-	-	-	7.6	-
	rush_yd	35.0	-	-	-	-	-	-	35.0	-
	rush_td	0.4	-	-	-	-	-	-	0.4	-
	rec	3.9	-	-	-	-	-	-	3.9	-
	rec_yd	23.1	-	-	-	-	-	-	23.1	-
	rec_td	0.1	-	-	-	-	-	-	0.1	-

Raheem Blackshear
	rush_att	7.2	-	-	-	-	-	-	7.2	-
	rush_yd	38.6	-	-	-	-	-	-	38.6	-
	rush_td	0.2	-	-	-	-	-	-	0.2	-
	rec	4.7	-	-	-	-	-	-	4.7	-
	rec_yd	34.6	-	-	-	-	-	-	34.6	-
	rec_td	0.0	-	-	-	-	-	-	0.0	-

Malik Davis
	rush_att	0.0	-	-	-	-	-	-	0.0	-
	rush_yd	55.0	-	-	-	-	-	-	55.0	-
	rush_td	0.0	-	-	-	-	-	-	0.0	-
	rec	3.0	-	-	-	-	-	-	3.0	-
	rec_yd	23.0	-	-	-	-	-	-	23.0	-
	rec_td	0.0	-	-	-	-	-	-	0.0	-

Alec Ingold
	rush_att	1.1	-	-	-	-	-	-	1.1	-
	rush_yd	4.4	-	-	-	-	-	-	4.4	-
	rush_td	0.0	-	-	-	-	-	-	0.0	-
	rec	7.6	-	-	-	-	-	-	7.6	-
	rec_yd	55.5	-	-	-	-	-	-	55.5	-
	rec_td	0.3	-	-	-	-	-	-	0.3	-

Hassan Haskins
	rush_att	9.5	-	-	-	-	-	-	9.5	-
	rush_yd	42.1	-	-	-	-	-	-	42.1	-
	rush_td	0.1	-	-	-	-	-	-	0.1	-
	rec	2.7	-	-	-	-	-	-	2.7	-
	rec_yd	17.4	-	-	-	-	-	-	17.4	-
	rec_td	0.1	-	-	-	-	-	-	0.1	-

Emani Bailey
	rush_att	0.0	-	-	-	-	-	-	0.0	-
	rush_yd	47.0	-	-	-	-	-	-	47.0	-
	rush_td	0.0	-	-	-	-	-	-	0.0	-
	rec	2.0	-	-	-	-	-	-	2.0	-
	rec_yd	18.0	-	-	-	-	-	-	18.0	-
	rec_td	0.0	-	-	-	-	-	-	0.0	-

Travis Homer
	rush_att	2.3	-	-	-	-	-	-	2.3	-
	rush_yd	32.3	-	-	-	-	-	-	32.3	-
	rush_td	0.0	-	-	-	-	-	-	0.0	-
	rec	3.1	-	-	-	-	-	-	3.1	-
	rec_yd	22.1	-	-	-	-	-	-	22.1	-
	rec_td	0.1	-	-	-	-	-	-	0.1	-

Patrick Taylor
	rush_att	7.9	-	-	-	-	-	-	7.9	-
	rush_yd	28.0	-	-	-	-	-	-	28.0	-
	rush_td	0.2	-	-	-	-	-	-	0.2	-
	rec	1.9	-	-	-	-	-	-	1.9	-
	rec_yd	13.5	-	-	-	-	-	-	13.5	-
	rec_td	0.1	-	-	-	-	-	-	0.1	-

Deejay Dallas
	rush_att	2.5	-	-	-	-	-	-	2.5	-
	rush_yd	28.0	-	-	-	-	-	-	28.0	-
	rush_td	0.0	-	-	-	-	-	-	0.0	-
	rec	3.5	-	-	-	-	-	-	3.5	-
	rec_yd	24.0	-	-	-	-	-	-	24.0	-
	rec_td	0.0	-	-	-	-	-	-	0.0	-

Reggie Gilliam
	rush_att	0.0	-	-	-	-	-	-	0.0	-
	rush_yd	0.0	-	-	-	-	-	-	0.0	-
	rush_td	0.0	-	-	-	-	-	-	0.0	-
	rec	4.4	-	-	-	-	-	-	4.4	-
	rec_yd	33.2	-	-	-	-	-	-	33.2	-
	rec_td	0.3	-	-	-	-	-	-	0.3	-

Nyheim Hines
	rush_att	1.3	-	-	-	-	-	-	1.3	-
	rush_yd	17.1	-	-	-	-	-	-	17.1	-
	rush_td	0.0	-	-	-	-	-	-	0.0	-
	rec	4.5	-	-	-	-	-	-	4.5	-
	rec_yd	32.3	-	-	-	-	-	-	32.3	-
	rec_td	0.0	-	-	-	-	-	-	0.0	-

Patrick Ricard
	rush_att	2.7	-	-	-	-	-	-	2.7	-
	rush_yd	10.9	-	-	-	-	-	-	10.9	-
	rush_td	0.0	-	-	-	-	-	-	0.0	-
	rec	3.7	-	-	-	-	-	-	3.7	-
	rec_yd	26.2	-	-	-	-	-	-	26.2	-
	rec_td	0.2	-	-	-	-	-	-	0.2	-

Adam Prentice
	rush_att	3.3	-	-	-	-	-	-	3.3	-
	rush_yd	14.0	-	-	-	-	-	-	14.0	-
	rush_td	0.1	-	-	-	-	-	-	0.1	-
	rec	3.3	-	-	-	-	-	-	3.3	-
	rec_yd	23.0	-	-	-	-	-	-	23.0	-
	rec_td	0.1	-	-	-	-	-	-	0.1	-

Keilan Robinson
	rush_att	0.0	-	-	-	-	-	-	0.0	-
	rush_yd	33.0	-	-	-	-	-	-	33.0	-
	rush_td	0.0	-	-	-	-	-	-	0.0	-
	rec	2.0	-	-	-	-	-	-	2.0	-
	rec_yd	15.0	-	-	-	-	-	-	15.0	-
	rec_td	0.0	-	-	-	-	-	-	0.0	-

Michael Burton
	rush_att	2.4	-	-	-	-	-	-	2.4	-
	rush_yd	9.4	-	-	-	-	-	-	9.4	-
	rush_td	0.0	-	-	-	-	-	-	0.0	-
	rec	3.7	-	-	-	-	-	-	3.7	-
	rec_yd	24.5	-	-	-	-	-	-	24.5	-
	rec_td	0.2	-	-	-	-	-	-	0.2	-

Keaontay Ingram
	rush_att	0.0	-	-	-	-	-	-	0.0	-
	rush_yd	30.0	-	-	-	-	-	-	30.0	-
	rush_td	0.0	-	-	-	-	-	-	0.0	-
	rec	2.0	-	-	-	-	-	-	2.0	-
	rec_yd	10.0	-	-	-	-	-	-	10.0	-
	rec_td	0.0	-	-	-	-	-	-	0.0	-

Myles Gaskin
	rush_att	0.0	-	-	-	-	-	-	0.0	-
	rush_yd	26.0	-	-	-	-	-	-	26.0	-
	rush_td	0.0	-	-	-	-	-	-	0.0	-
	rec	2.0	-	-	-	-	-	-	2.0	-
	rec_yd	11.0	-	-	-	-	-	-	11.0	-
	rec_td	0.0	-	-	-	-	-	-	0.0	-

Cj Ham
	rush_att	2.0	-	-	-	-	-	-	2.0	-
	rush_yd	8.3	-	-	-	-	-	-	8.3	-
	rush_td	0.0	-	-	-	-	-	-	0.0	-
	rec	3.3	-	-	-	-	-	-	3.3	-
	rec_yd	22.4	-	-	-	-	-	-	22.4	-
	rec_td	0.1	-	-	-	-	-	-	0.1	-

Lamical Perine
	rush_att	0.0	-	-	-	-	-	-	0.0	-
	rush_yd	25.0	-	-	-	-	-	-	25.0	-
	rush_td	0.0	-	-	-	-	-	-	0.0	-
	rec	2.0	-	-	-	-	-	-	2.0	-
	rec_yd	11.0	-	-	-	-	-	-	11.0	-
	rec_td	0.0	-	-	-	-	-	-	0.0	-

Tyrion Davis Price
	rush_att	0.0	-	-	-	-	-	-	0.0	-
	rush_yd	17.0	-	-	-	-	-	-	17.0	-
	rush_td	0.0	-	-	-	-	-	-	0.0	-
	rec	1.0	-	-	-	-	-	-	1.0	-
	rec_yd	3.0	-	-	-	-	-	-	3.0	-
	rec_td	0.0	-	-	-	-	-	-	0.0	-

