NAME	POS	ML	A/H	TEAM	OPP	PROP	LINE	SZN AVG	W-L Splits	A-H Splits	% OVER	L5 % OVER	LAST 7 GAMES ➡️	OVER	UNDER
Allen Flanigan	G	-125	A	AUB	IOWA	reb	4.5	4.8	5.05 - 4.33	4.93 - 4.65	48%	40%	3,8,1,6,1,3,6,6,8,1	-120	-110
Allen Flanigan	G	-125	A	AUB	IOWA	ast	1.5	1.4	1.58 - 1.08	1.36 - 1.41	39%	60%	1,2,0,5,2,0,0,1,1,1	-120	-110
Allen Flanigan	G	-125	A	AUB	IOWA	3ptm	1.5	1.2	1.21 - 0.92	0.93 - 1.24	29%	40%	2,3,0,1,1,1,0,1,1,3	'+160	-215
Allen Flanigan	G	-125	A	AUB	IOWA	pts	12.5	10.4	9.89 - 9.83	9.14 - 10.47	26%	40%	15,17,7,11,5,16,7,12,9,22	-115	-115
Amari Bailey	G	-2100	H	UCLA	UNCA	ast	1.5	2.0	2.04 - 1.5	1.22 - 2.33	56%	60%	1,2,3,1,2,0,2,3,2,0	-120	-110
Amari Bailey	G	-2100	H	UCLA	UNCA	3ptm	0.5	0.6	0.61 - 0.75	0.56 - 0.67	44%	40%	1,0,2,0,0,0,1,1,0,0	-170	'+130
Amari Bailey	G	-2100	H	UCLA	UNCA	reb	4.5	3.7	3.61 - 4.5	2.56 - 4.33	33%	80%	7,6,3,5,9,3,1,9,3,2	-145	'+110
Amari Bailey	G	-2100	H	UCLA	UNCA	pts	13.5	10.6	10.83 - 9.0	10.22 - 10.72	30%	40%	19,9,26,6,2,11,7,16,0,8	-120	-110
Andrew Funk	G	'+130	A	PSU	TA&M	pts	11.5	12.1	13.45 - 9.85	12.29 - 11.94	54%	60%	8,9,14,20,14,17,3,0,11,10	'+100	-130
Andrew Funk	G	'+130	A	PSU	TA&M	3ptm	2.5	2.9	3.5 - 1.92	2.76 - 3.06	51%	60%	0,3,2,6,4,4,1,0,3,2	-130	-105
Andrew Funk	G	'+130	A	PSU	TA&M	reb	3.5	2.9	3.0 - 2.85	3.24 - 2.67	37%	60%	4,4,7,1,3,8,4,1,3,2	'+100	-130
Andrew Funk	G	'+130	A	PSU	TA&M	ast	1.5	1.1	1.27 - 0.77	0.94 - 1.22	31%	0%	1,1,0,0,0,2,1,0,1,2	'+140	-190
Ante Brzovic	F	'+190	A	COFC	SDSU	ast	0.5	0.9	0.97 - 0.67	1.0 - 0.9	56%	80%	3,0,2,4,1,0,0,4,0,1	-245	'+175
Ante Brzovic	F	'+190	A	COFC	SDSU	pts	11.5	11.6	11.52 - 12.67	10.31 - 12.43	47%	80%	16,19,15,7,12,9,23,7,23,7	-125	-105
Ante Brzovic	F	'+190	A	COFC	SDSU	reb	6.5	5.9	6.06 - 4.0	6.38 - 5.57	41%	60%	8,9,7,5,6,11,5,7,7,9	-140	'+105
Ante Brzovic	F	'+190	A	COFC	SDSU	3ptm	1.5	0.9	0.84 - 1.33	0.92 - 0.86	21%	0%	0,1,1,0,0,1,1,0,2,0	'+180	-250
Anthony Black	G	-130	H	ARK	ILL	reb	4.5	5.1	4.75 - 5.62	5.38 - 4.9	64%	60%	4,6,8,5,2,4,5,3,5,4	-145	'+110
Anthony Black	G	-130	H	ARK	ILL	ast	3.5	4.2	4.35 - 3.85	3.85 - 4.35	58%	40%	2,6,4,1,2,8,3,8,5,5	-135	'+100
Anthony Black	G	-130	H	ARK	ILL	3ptm	0.5	0.8	0.85 - 0.77	0.46 - 1.05	55%	60%	1,0,1,1,0,0,1,1,2,0	-140	'+105
Anthony Black	G	-130	H	ARK	ILL	pts	13.5	12.8	12.4 - 13.54	13.38 - 12.5	45%	40%	9,19,14,13,7,10,14,9,23,19	'+100	-130
Armaan Franklin	G	-250	H	UVA	FUR	3ptm	1.5	1.9	2.16 - 1.14	1.92 - 1.95	62%	60%	2,1,1,2,2,1,0,2,1,3	-115	-115
Armaan Franklin	G	-250	H	UVA	FUR	pts	13.5	12.5	13.84 - 7.86	12.33 - 12.65	47%	60%	7,16,14,16,12,14,4,12,14,23	-105	-125
Armaan Franklin	G	-250	H	UVA	FUR	ast	1.5	1.4	1.48 - 1.29	1.42 - 1.45	44%	80%	2,2,2,5,0,1,1,2,3,0	-130	'+100
Armaan Franklin	G	-250	H	UVA	FUR	reb	4.5	4.2	4.24 - 3.86	4.0 - 4.25	31%	20%	6,3,3,4,4,4,3,4,5,3	'+120	-160
Azuolas Tubelis	F	-1050	H	ARIZ	PRIN	ast	1.5	2.0	2.07 - 1.83	1.64 - 2.22	56%	60%	0,3,4,1,3,2,1,1,3,1	-145	'+110
Azuolas Tubelis	F	-1050	H	ARIZ	PRIN	pts	19.5	19.8	20.14 - 18.0	19.82 - 19.74	50%	60%	19,17,20,24,25,17,13,11,4,23	-125	-105
Azuolas Tubelis	F	-1050	H	ARIZ	PRIN	reb	9.5	9.3	9.64 - 7.5	9.18 - 9.3	41%	60%	14,9,8,10,10,9,4,9,0,14	-120	-110
Boo Buie	G	-125	H	NU	BOIS	3ptm	1.5	1.9	1.86 - 2.0	2.0 - 1.86	47%	80%	2,3,2,1,6,3,1,1,2,1	-155	'+115
Boo Buie	G	-125	H	NU	BOIS	ast	4.5	4.5	4.33 - 4.91	3.64 - 5.0	47%	40%	4,2,8,8,0,8,4,3,5,4	-105	-125
Boo Buie	G	-125	H	NU	BOIS	pts	18.5	17.1	17.57 - 16.27	18.36 - 16.48	44%	40%	16,14,20,4,35,23,21,26,19,13	-120	-110
Boo Buie	G	-125	H	NU	BOIS	reb	3.5	3.3	3.52 - 3.0	2.82 - 3.62	41%	20%	1,1,5,2,3,4,6,4,2,3	'+130	-175
Braeden Smith	G	'+675	A	COLG	TEX	3ptm	0.5	1.1	1.19 - 0.62	1.0 - 1.11	76%	80%	1,0,3,1,1,2,2,1,0,1	-235	'+170
Braeden Smith	G	'+675	A	COLG	TEX	ast	3.5	4.5	5.04 - 2.75	3.94 - 5.0	65%	60%	6,5,3,7,2,8,6,6,7,0	-175	'+130
Braeden Smith	G	'+675	A	COLG	TEX	pts	10.5	11.9	11.88 - 11.75	12.38 - 11.39	53%	60%	11,9,19,11,7,12,20,4,4,9	'+110	-145
Braeden Smith	G	'+675	A	COLG	TEX	reb	3.5	3.9	3.77 - 4.12	3.44 - 4.22	47%	60%	6,4,6,3,1,4,3,6,6,2	-150	'+115
Brandon Miller	F	-12500	H	ALA	AMCC	3ptm	2.5	3.0	3.03 - 3.0	2.69 - 3.24	59%	60%	4,3,4,2,1,1,6,3,3,0	-180	'+135
Brandon Miller	F	-12500	H	ALA	AMCC	reb	8.5	8.3	8.28 - 8.4	8.15 - 8.38	44%	80%	12,12,9,10,8,6,8,3,10,6	-125	-105
Brandon Miller	F	-12500	H	ALA	AMCC	ast	2.5	2.1	2.1 - 1.8	1.69 - 2.29	44%	60%	4,4,5,2,2,0,1,1,0,3	'+105	-140
Brandon Miller	F	-12500	H	ALA	AMCC	pts	20.5	19.6	19.62 - 19.8	18.38 - 20.43	35%	20%	23,20,18,19,17,24,41,21,15,13	-125	-105
Caden Pierce	F	'+700	A	PRIN	ARIZ	3ptm	1.5	1.3	1.24 - 1.38	1.21 - 1.33	38%	80%	2,2,3,1,2,0,3,1,1,0	-155	'+115
Caden Pierce	F	'+700	A	PRIN	ARIZ	reb	8.5	7.1	7.86 - 5.12	6.64 - 7.53	34%	60%	10,12,10,8,7,9,5,8,10,5	'+105	-140
Caden Pierce	F	'+700	A	PRIN	ARIZ	ast	1.5	1.2	1.1 - 1.62	1.29 - 1.2	34%	20%	1,4,1,1,0,2,4,0,1,1	'+155	-210
Caden Pierce	F	'+700	A	PRIN	ARIZ	pts	9.5	8.3	9.0 - 6.62	7.36 - 9.27	31%	60%	12,14,17,9,6,9,12,3,13,2	-110	-120
Camren Wynter	G	'+130	A	PSU	TA&M	ast	2.5	2.0	2.36 - 1.38	1.82 - 2.17	40%	40%	4,3,1,1,1,3,3,1,5,0	-175	'+130
Camren Wynter	G	'+130	A	PSU	TA&M	pts	10.5	8.9	9.55 - 7.92	8.94 - 8.94	37%	40%	14,7,3,18,6,24,16,18,14,4	-120	-110
Camren Wynter	G	'+130	A	PSU	TA&M	reb	3.5	2.9	3.36 - 2.08	2.88 - 2.89	31%	60%	4,1,6,5,3,4,4,6,4,2	-115	-115
Camren Wynter	G	'+130	A	PSU	TA&M	3ptm	1.5	1.0	1.05 - 0.92	1.06 - 0.94	26%	0%	1,1,0,0,0,4,3,4,2,0	'+180	-250
Carlos Jurgens	G	'+225	A	ORU	DUKE	ast	1.5	2.4	2.37 - 2.25	2.13 - 2.53	59%	40%	0,1,0,2,3,1,0,2,4,1	'+125	-170
Carlos Jurgens	G	'+225	A	ORU	DUKE	pts	8.5	9.2	9.33 - 8.25	9.4 - 9.05	47%	60%	5,7,21,12,15,10,14,7,21,4	-110	-120
Carlos Jurgens	G	'+225	A	ORU	DUKE	reb	4.5	4.1	4.13 - 3.75	4.8 - 3.53	35%	60%	5,3,5,4,10,4,3,2,7,2	'+100	-135
Carlos Jurgens	G	'+225	A	ORU	DUKE	3ptm	1.5	1.0	1.1 - 0.5	1.0 - 1.05	26%	40%	1,1,2,1,3,1,0,1,2,1	'+120	-160
Cedric Henderson Jr	G	-1050	H	ARIZ	PRIN	3ptm	0.5	1.1	1.18 - 0.67	0.82 - 1.22	65%	60%	0,2,3,0,1,2,1,1,2,3	-215	'+155
Cedric Henderson Jr	G	-1050	H	ARIZ	PRIN	ast	1.5	1.1	1.18 - 0.83	1.0 - 1.17	29%	40%	2,0,3,1,1,1,0,2,2,2	'+160	-215
Cedric Henderson Jr	G	-1050	H	ARIZ	PRIN	reb	4.5	3.5	3.61 - 2.83	3.73 - 3.35	26%	20%	1,5,3,1,4,1,1,5,5,8	'+115	-150
Cedric Henderson Jr	G	-1050	H	ARIZ	PRIN	pts	11.5	8.3	8.61 - 6.67	6.0 - 9.35	24%	40%	2,14,23,2,7,19,15,9,12,11	-105	-125
Chase Audige	G	-125	H	NU	BOIS	pts	11.5	13.8	15.33 - 10.91	13.0 - 14.24	62%	20%	6,8,6,16,7,7,14,15,12,11	-125	-110
Chase Audige	G	-125	H	NU	BOIS	3ptm	1.5	1.9	2.24 - 1.36	1.82 - 2.0	53%	20%	0,1,1,2,1,1,4,3,3,1	-115	-115
Chase Audige	G	-125	H	NU	BOIS	ast	2.5	2.8	3.24 - 1.91	3.18 - 2.57	50%	40%	2,3,3,1,2,2,2,2,4,3	'+125	-170
Chase Audige	G	-125	H	NU	BOIS	reb	3.5	3.4	3.57 - 3.0	3.73 - 3.19	44%	60%	4,6,5,2,3,4,1,2,3,7	-170	'+130
Chibuzo Agbo	G	'+105	A	BOIS	NU	3ptm	1.5	1.9	2.04 - 1.67	2.5 - 1.53	58%	60%	1,3,4,0,4,2,0,2,0,0	-130	-105
Chibuzo Agbo	G	'+105	A	BOIS	NU	ast	0.5	0.8	0.88 - 0.67	0.79 - 0.84	55%	80%	1,2,1,0,1,0,1,0,0,0	-205	'+150
Chibuzo Agbo	G	'+105	A	BOIS	NU	pts	10.5	11.5	12.08 - 10.0	13.79 - 9.84	55%	60%	8,16,18,5,17,12,2,15,10,9	-115	-115
Chibuzo Agbo	G	'+105	A	BOIS	NU	reb	4.5	4.7	4.88 - 4.22	5.29 - 4.26	42%	40%	2,6,4,5,2,7,4,2,7,5	-125	-105
Chris Brandon	F	'+1300	A	NKU	HOU	reb	8.5	9.8	10.23 - 9.0	10.0 - 9.61	62%	100%	9,17,13,11,12,5,13,5,4,10	-115	-115
Chris Brandon	F	'+1300	A	NKU	HOU	ast	0.5	0.8	1.05 - 0.25	0.62 - 0.89	47%	60%	0,2,1,1,0,1,2,0,0,1	-125	-110
Coleman Hawkins	F	'+110	A	ILL	ARK	3ptm	0.5	1.1	1.15 - 1.0	1.0 - 1.17	59%	40%	0,1,0,2,0,3,0,2,1,0	-200	'+145
Coleman Hawkins	F	'+110	A	ILL	ARK	ast	2.5	3.0	3.45 - 2.33	2.57 - 3.39	53%	40%	4,6,2,2,0,3,1,2,4,1	'+115	-155
Coleman Hawkins	F	'+110	A	ILL	ARK	reb	6.5	6.3	6.75 - 5.67	5.64 - 6.89	50%	40%	5,4,7,7,4,7,7,5,8,9	-110	-120
Coleman Hawkins	F	'+110	A	ILL	ARK	pts	9.5	9.9	10.0 - 9.67	8.43 - 11.0	47%	40%	17,6,6,14,6,16,6,12,18,6	-120	-110
Connor Mccaffery	G	'+105	H	IOWA	AUB	3ptm	1.5	1.2	1.42 - 0.83	0.79 - 1.53	42%	20%	0,1,0,3,0,0,1,1,1,0	'+185	-260
Connor Mccaffery	G	'+105	H	IOWA	AUB	reb	4.5	4.0	3.68 - 4.42	4.14 - 3.82	32%	60%	1,8,5,3,8,4,6,10,3,1	-145	'+110
Connor Mccaffery	G	'+105	H	IOWA	AUB	ast	4.5	3.7	3.89 - 3.33	2.93 - 4.29	26%	40%	1,9,3,6,1,5,13,4,8,2	'+105	-140
Connor Vanover	F	'+225	A	ORU	DUKE	reb	7.5	7.2	7.17 - 7.75	7.4 - 7.11	52%	60%	10,11,6,4,9,9,9,14,2,8	'+105	-140
Connor Vanover	F	'+225	A	ORU	DUKE	pts	12.5	12.9	12.66 - 14.5	12.07 - 13.56	48%	80%	10,17,19,14,19,5,8,12,2,8	'+100	-135
Connor Vanover	F	'+225	A	ORU	DUKE	3ptm	1.5	1.4	1.17 - 2.75	1.67 - 1.11	45%	40%	0,1,1,2,2,0,1,2,0,1	'+120	-160
Courtney Ramey	G	-1050	H	ARIZ	PRIN	ast	3.5	3.6	3.52 - 3.83	4.27 - 3.2	52%	40%	1,6,1,3,4,4,5,6,5,5	'+100	-135
Courtney Ramey	G	-1050	H	ARIZ	PRIN	3ptm	2.5	2.7	2.56 - 3.17	2.73 - 2.65	48%	60%	1,3,4,0,3,4,2,3,8,2	'+115	-155
Courtney Ramey	G	-1050	H	ARIZ	PRIN	reb	4.5	3.8	3.8 - 4.0	3.91 - 3.8	39%	20%	7,3,0,4,2,5,5,7,6,5	-105	-125
Courtney Ramey	G	-1050	H	ARIZ	PRIN	pts	12.5	10.6	10.4 - 11.5	10.36 - 10.75	35%	40%	3,9,15,4,16,14,9,13,26,7	-120	-110
Dain Dainja	F	'+110	A	ILL	ARK	reb	4.5	5.5	5.65 - 5.33	5.36 - 5.67	59%	40%	7,2,4,1,5,4,5,4,7,9	-135	'+105
Dain Dainja	F	'+110	A	ILL	ARK	pts	8.5	9.7	10.35 - 8.58	8.64 - 10.5	56%	20%	13,7,8,0,3,12,11,9,15,17	-105	-125
Dajuan Harris Jr	G	-5000	H	KU	HOW	ast	5.5	6.2	6.41 - 5.57	6.27 - 6.22	59%	60%	4,6,8,7,5,6,8,9,9,3	-155	'+115
Dajuan Harris Jr	G	-5000	H	KU	HOW	3ptm	0.5	0.8	0.96 - 0.29	1.27 - 0.61	47%	40%	0,0,0,1,2,2,0,2,1,1	-145	'+110
Dajuan Harris Jr	G	-5000	H	KU	HOW	reb	2.5	2.4	2.52 - 2.14	2.82 - 2.26	44%	40%	1,2,4,5,0,1,5,1,5,3	-130	-105
Dajuan Harris Jr	G	-5000	H	KU	HOW	pts	10.5	8.7	10.26 - 2.86	7.45 - 9.35	41%	60%	6,11,13,5,16,17,6,14,5,16	-110	-120
Dalton Bolon	G	'+190	A	COFC	SDSU	ast	0.5	1.3	1.35 - 0.67	1.38 - 1.24	76%	100%	1,1,3,2,1,2,2,3,0,1	-140	'+105
Dalton Bolon	G	'+190	A	COFC	SDSU	pts	9.5	12.3	12.13 - 14.0	13.38 - 11.62	74%	80%	0,12,12,10,12,12,14,8,3,18	-120	-110
Dalton Bolon	G	'+190	A	COFC	SDSU	reb	3.5	4.2	4.19 - 4.0	4.69 - 3.86	56%	20%	1,2,8,2,1,3,2,5,6,5	'+110	-145
Dalton Bolon	G	'+190	A	COFC	SDSU	3ptm	1.5	1.8	1.84 - 1.33	1.85 - 1.76	53%	60%	0,2,2,2,0,4,3,1,1,4	-135	'+105
Darrion Trammell	G	-225	H	SDSU	COFC	3ptm	0.5	1.2	1.38 - 0.67	1.18 - 1.29	69%	60%	0,2,0,1,1,4,1,0,0,1	-215	'+160
Darrion Trammell	G	-225	H	SDSU	COFC	ast	2.5	3.3	3.58 - 2.33	3.27 - 3.38	59%	0%	1,1,2,2,2,3,5,2,6,1	-120	-110
Darrion Trammell	G	-225	H	SDSU	COFC	pts	8.5	9.5	9.31 - 10.33	10.82 - 8.81	44%	20%	4,15,0,3,7,18,11,4,0,5	-105	-125
Darrion Trammell	G	-225	H	SDSU	COFC	reb	2.5	2.2	2.35 - 1.33	1.91 - 2.29	31%	20%	1,2,5,2,0,2,2,1,1,1	'+145	-195
David Singleton	G	-2100	H	UCLA	UNCA	3ptm	1.5	2.0	1.97 - 2.0	2.0 - 1.95	68%	60%	0,3,2,5,0,0,1,1,2,2	-140	'+105
David Singleton	G	-2100	H	UCLA	UNCA	ast	0.5	1.1	1.07 - 1.0	0.77 - 1.24	65%	80%	1,1,2,1,0,0,0,1,0,2	-235	'+170
David Singleton	G	-2100	H	UCLA	UNCA	reb	2.5	2.7	2.62 - 3.0	2.38 - 2.86	44%	0%	1,2,2,0,1,2,3,1,2,3	'+110	-145
David Singleton	G	-2100	H	UCLA	UNCA	pts	9.5	9.1	9.41 - 7.4	9.54 - 8.86	38%	40%	0,12,6,17,8,0,3,5,8,9	'+105	-140
Davonte Davis	G	-130	H	ARK	ILL	ast	1.5	2.7	3.0 - 2.15	2.62 - 2.68	78%	40%	1,3,0,2,0,3,1,3,2,7	-175	'+130
Davonte Davis	G	-130	H	ARK	ILL	pts	10.5	10.5	9.21 - 12.46	12.38 - 9.26	47%	40%	5,7,8,13,21,4,0,14,7,15	-120	-110
Davonte Davis	G	-130	H	ARK	ILL	reb	4.5	4.2	3.79 - 4.85	4.69 - 3.89	44%	80%	6,10,2,6,5,1,1,3,6,3	-120	-110
Davonte Davis	G	-130	H	ARK	ILL	3ptm	1.5	1.3	1.0 - 1.85	1.85 - 1.0	41%	60%	1,1,2,3,3,0,0,4,1,1	'+120	-155
Deandre Gholston	G	'+110	H	MIZ	USU	3ptm	0.5	0.9	1.0 - 0.67	1.0 - 0.86	61%	40%	1,0,0,2,0,0,1,0,4,0	-190	'+140
Deandre Gholston	G	'+110	H	MIZ	USU	ast	1.5	1.8	1.88 - 1.56	1.5 - 1.95	58%	60%	2,1,4,1,2,2,3,3,2,3	-185	'+135
Deandre Gholston	G	'+110	H	MIZ	USU	pts	12.5	10.7	10.92 - 10.0	11.17 - 10.38	33%	60%	17,10,15,20,10,0,7,10,18,5	-105	-130
Deandre Gholston	G	'+110	H	MIZ	USU	reb	3.5	2.3	2.25 - 2.56	2.42 - 2.29	18%	20%	2,2,4,2,2,2,3,2,2,3	'+125	-170
Dereck Lively Ii	C	-265	H	DUKE	ORU	pts	6.5	5.4	5.88 - 3.71	4.13 - 6.53	31%	40%	4,8,13,2,6,13,10,6,6,2	-155	'+115
Dereck Lively Ii	C	-265	H	DUKE	ORU	reb	6.5	5.0	5.32 - 4.0	4.4 - 5.59	22%	20%	4,6,4,6,12,7,4,8,6,3	'+100	-130
Dexter Dennis	G	-150	H	TA&M	PSU	pts	10.5	9.2	9.62 - 8.0	9.0 - 9.29	42%	60%	14,9,11,11,9,4,17,14,13,9	-125	-105
Dexter Dennis	G	-150	H	TA&M	PSU	ast	1.5	1.2	1.12 - 1.56	1.33 - 1.19	36%	40%	2,3,0,0,1,2,2,0,2,0	-105	-125
Dexter Dennis	G	-150	H	TA&M	PSU	3ptm	1.5	1.2	1.29 - 1.0	1.25 - 1.19	36%	40%	3,0,1,1,2,0,3,2,3,0	'+110	-145
Dexter Dennis	G	-150	H	TA&M	PSU	reb	6.5	5.7	6.0 - 4.89	5.58 - 5.76	30%	60%	5,7,5,7,7,4,10,11,2,6	-120	-110
Dmoi Hodge	G	'+110	H	MIZ	USU	3ptm	2.5	2.9	3.29 - 1.78	3.0 - 2.81	64%	80%	3,4,1,5,6,3,3,1,4,4	-120	-110
Dmoi Hodge	G	'+110	H	MIZ	USU	ast	1.5	1.6	2.0 - 0.67	1.42 - 1.76	45%	60%	2,3,0,1,2,2,1,0,1,1	'+110	-145
Dmoi Hodge	G	'+110	H	MIZ	USU	pts	16.5	14.8	16.5 - 10.33	14.5 - 15.0	39%	80%	21,26,14,23,18,16,12,7,14,12	-105	-125
Dmoi Hodge	G	'+110	H	MIZ	USU	reb	4.5	3.8	3.42 - 4.78	4.25 - 3.52	27%	20%	9,4,2,3,2,4,2,3,3,4	'+120	-160
Donta Scott	F	'+135	H	MD	WVU	ast	1.5	1.6	1.81 - 1.33	1.42 - 1.76	52%	100%	4,3,2,2,2,0,1,2,4,1	-135	'+100
Donta Scott	F	'+135	H	MD	WVU	reb	5.5	5.9	6.1 - 5.67	5.42 - 6.24	52%	20%	5,8,5,3,3,5,7,5,10,2	-115	-115
Donta Scott	F	'+135	H	MD	WVU	pts	10.5	11.5	13.52 - 8.0	8.83 - 13.05	48%	40%	10,20,1,9,11,18,5,5,9,10	-110	-120
Donta Scott	F	'+135	H	MD	WVU	3ptm	1.5	1.3	1.57 - 0.92	1.17 - 1.43	39%	40%	2,4,0,1,1,1,1,1,1,1	'+125	-170
Drew Pember	F	'+1100	A	UNCA	UCLA	ast	1.5	2.3	2.48 - 1.71	2.65 - 2.0	71%	80%	2,2,1,2,3,4,3,4,1,2	-190	'+145
Drew Pember	F	'+1100	A	UNCA	UCLA	reb	8.5	9.4	9.78 - 7.71	9.0 - 9.71	53%	60%	8,10,16,3,10,10,9,5,8,8	-110	-120
Drew Pember	F	'+1100	A	UNCA	UCLA	pts	20.5	21.2	22.07 - 17.71	19.47 - 22.88	44%	80%	29,31,29,19,23,22,19,15,23,29	'+100	-130
Drew Pember	F	'+1100	A	UNCA	UCLA	3ptm	1.5	1.6	1.7 - 1.43	1.82 - 1.47	38%	40%	1,4,1,3,1,1,1,1,2,2	-120	-110
Dylan Disu	F	-975	H	TEX	COLG	ast	1.5	1.0	1.04 - 1.0	0.83 - 1.14	33%	20%	2,1,1,1,1,2,1,1,0,2	'+175	-240
Dylan Disu	F	-975	H	TEX	COLG	pts	10.5	8.3	8.44 - 7.75	10.0 - 7.29	30%	60%	18,15,11,9,10,24,2,12,11,8	-130	'+100
Dylan Disu	F	-975	H	TEX	COLG	reb	5.5	4.2	4.28 - 3.75	4.33 - 4.05	18%	60%	6,8,11,5,5,4,3,4,9,2	-125	-105
Elijah Hawkins	G	'+1700	A	HOW	KU	ast	4.5	5.9	6.65 - 4.4	5.15 - 6.47	70%	100%	5,6,6,5,7,5,4,9,6,6	'+110	-150
Elijah Hawkins	G	'+1700	A	HOW	KU	pts	10.5	13.0	12.45 - 14.0	12.92 - 13.0	67%	20%	9,8,10,9,15,11,16,20,16,9	-140	'+105
Elijah Hawkins	G	'+1700	A	HOW	KU	3ptm	1.5	1.7	1.75 - 1.7	1.92 - 1.59	53%	20%	1,0,1,1,2,2,3,5,3,1	'+120	-160
Elijah Hawkins	G	'+1700	A	HOW	KU	reb	3.5	3.7	4.1 - 2.9	3.23 - 4.06	47%	40%	6,6,1,2,0,5,3,3,7,4	-140	'+105
Emmitt Matthews Jr	F	-155	A	WVU	MD	ast	0.5	1.2	1.31 - 1.07	0.92 - 1.41	67%	60%	1,1,0,0,2,2,3,1,1,2	-170	'+125
Emmitt Matthews Jr	F	-155	A	WVU	MD	pts	11.5	10.8	10.5 - 9.64	11.15 - 9.29	40%	60%	10,13,13,13,9,4,17,13,20,2	-115	-115
Emmitt Matthews Jr	F	-155	A	WVU	MD	reb	4.5	4.1	3.75 - 4.07	3.38 - 4.29	37%	40%	4,4,4,6,5,4,5,5,5,4	-150	'+115
Erik Stevenson	G	-155	A	WVU	MD	ast	2.5	2.6	2.89 - 1.86	2.15 - 2.63	50%	40%	2,6,1,4,1,1,0,0,3,3	-125	-105
Erik Stevenson	G	-155	A	WVU	MD	pts	16.5	16.0	16.83 - 13.07	13.54 - 16.32	38%	80%	13,18,23,23,23,27,5,3,8,34	-130	-105
Erik Stevenson	G	-155	A	WVU	MD	3ptm	2.5	2.4	2.78 - 1.57	1.62 - 2.68	38%	60%	1,3,4,2,5,6,1,1,0,6	'+100	-130
Erik Stevenson	G	-155	A	WVU	MD	reb	3.5	3.6	3.78 - 3.0	3.38 - 3.47	38%	40%	3,3,2,6,5,2,1,6,1,6	-170	'+125
Filip Rebraca	F	'+105	H	IOWA	AUB	ast	1.5	2.1	2.42 - 1.54	1.57 - 2.44	69%	60%	2,1,2,5,1,0,2,2,3,2	-160	'+120
Filip Rebraca	F	'+105	H	IOWA	AUB	reb	7.5	7.6	7.79 - 7.23	8.07 - 7.17	53%	20%	7,7,8,3,7,7,2,8,5,2	-120	-110
Filip Rebraca	F	'+105	H	IOWA	AUB	pts	14.5	14.1	14.05 - 14.08	13.29 - 14.67	44%	60%	20,10,16,18,13,10,10,16,17,13	-130	'+100
Gradey Dick	G	-5000	H	KU	HOW	reb	4.5	4.9	5.07 - 4.29	4.82 - 4.96	65%	60%	8,5,3,2,5,6,6,5,3,5	-135	'+100
Gradey Dick	G	-5000	H	KU	HOW	3ptm	1.5	2.3	2.56 - 1.43	2.0 - 2.48	65%	60%	0,2,4,2,0,5,3,2,4,0	-205	'+150
Gradey Dick	G	-5000	H	KU	HOW	pts	14.5	14.1	15.07 - 10.57	14.73 - 13.87	53%	40%	6,15,18,6,4,16,19,16,26,8	-115	-115
Gradey Dick	G	-5000	H	KU	HOW	ast	1.5	1.6	1.78 - 0.86	1.64 - 1.57	44%	20%	1,1,1,0,4,3,2,0,3,0	'+140	-190
Hakim Hart	G	'+135	H	MD	WVU	reb	3.5	4.2	4.29 - 4.08	3.75 - 4.48	70%	40%	2,3,4,1,5,4,4,4,5,6	-145	'+110
Hakim Hart	G	'+135	H	MD	WVU	pts	10.5	11.5	13.29 - 8.42	8.33 - 13.33	52%	20%	16,8,3,5,10,20,14,13,23,12	-130	'+100
Hakim Hart	G	'+135	H	MD	WVU	ast	3.5	2.5	3.05 - 1.67	2.25 - 2.71	27%	40%	4,3,2,1,7,6,1,3,4,4	'+135	-180
Hakim Hart	G	'+135	H	MD	WVU	3ptm	1.5	1.2	1.29 - 1.08	1.08 - 1.29	27%	40%	3,1,1,0,2,2,4,2,2,1	'+130	-175
Henry Coleman Iii	F	-150	H	TA&M	PSU	pts	7.5	9.2	9.72 - 7.89	9.31 - 9.19	56%	20%	2,6,16,4,5,11,2,9,7,8	-110	-120
Henry Coleman Iii	F	-150	H	TA&M	PSU	reb	5.5	5.7	5.72 - 5.67	5.77 - 5.67	41%	40%	9,4,11,2,5,1,3,3,5,4	-135	'+105
Isaac Mushila	F	'+2500	A	AMCC	ALA	reb	8.5	9.7	9.96 - 9.2	9.6 - 9.84	56%	60%	12,9,6,17,8,7,7,7,11,12	-115	-115
Isaac Mushila	F	'+2500	A	AMCC	ALA	pts	13.5	14.4	15.38 - 12.2	12.0 - 16.37	53%	60%	15,10,5,21,28,14,6,6,12,24	-120	-110
Issac Mcbride	G	'+225	A	ORU	DUKE	ast	1.5	2.6	2.73 - 2.0	2.73 - 2.58	82%	100%	3,2,3,2,3,2,0,4,3,1	-165	'+125
Issac Mcbride	G	'+225	A	ORU	DUKE	3ptm	1.5	1.8	1.77 - 2.25	1.87 - 1.79	59%	60%	2,0,2,3,0,2,2,0,1,3	-125	-105
Issac Mcbride	G	'+225	A	ORU	DUKE	pts	11.5	11.9	12.23 - 9.75	10.87 - 12.79	59%	20%	10,14,8,11,4,12,12,12,16,13	'+105	-140
Issac Mcbride	G	'+225	A	ORU	DUKE	reb	2.5	2.7	2.87 - 1.75	2.73 - 2.74	56%	100%	4,3,3,4,4,4,1,2,3,2	-180	'+135
Jaedon Ledee	F	-225	H	SDSU	COFC	ast	0.5	1.0	1.04 - 0.83	0.55 - 1.23	61%	80%	1,1,3,1,0,0,0,0,1,1	-140	'+105
Jaedon Ledee	F	-225	H	SDSU	COFC	reb	5.5	5.1	5.44 - 3.67	5.0 - 5.18	42%	60%	10,0,8,8,2,0,6,5,3,10	'+115	-150
Jaedon Ledee	F	-225	H	SDSU	COFC	pts	8.5	7.9	8.56 - 5.17	7.0 - 8.41	39%	60%	13,2,10,21,8,4,14,6,6,14	-135	'+100
Jahmir Young	G	'+135	H	MD	WVU	ast	2.5	3.2	3.05 - 3.33	3.17 - 3.14	55%	20%	2,3,1,2,2,3,6,4,4,6	-170	'+130
Jahmir Young	G	'+135	H	MD	WVU	reb	4.5	4.7	4.9 - 4.42	4.5 - 4.86	45%	40%	2,6,8,3,3,2,6,5,4,3	-155	'+115
Jahmir Young	G	'+135	H	MD	WVU	pts	17.5	16.1	17.38 - 13.83	14.5 - 17.0	42%	40%	12,15,26,9,18,11,16,20,18,17	'+100	-135
Jahmir Young	G	'+135	H	MD	WVU	3ptm	1.5	1.2	1.24 - 1.25	1.33 - 1.19	27%	40%	1,0,3,1,4,1,1,1,2,1	'+115	-155
Jahvon Quinerly	G	-12500	H	ALA	AMCC	ast	4.5	3.8	4.0 - 2.4	1.85 - 5.05	38%	40%	3,7,4,3,6,7,2,6,3,0	-120	-110
Jahvon Quinerly	G	-12500	H	ALA	AMCC	reb	2.5	1.9	2.07 - 1.0	1.54 - 2.16	31%	40%	3,3,2,1,2,3,2,2,3,1	'+105	-140
Jahvon Quinerly	G	-12500	H	ALA	AMCC	pts	12.5	8.1	8.44 - 6.4	5.69 - 9.79	19%	40%	22,1,10,12,24,16,2,3,3,2	-120	-110
Jahvon Quinerly	G	-12500	H	ALA	AMCC	3ptm	2.5	1.2	1.37 - 0.6	0.69 - 1.63	19%	20%	4,0,2,2,2,1,0,1,1,0	'+125	-165
Jaime Jaquez Jr	G	-2100	H	UCLA	UNCA	ast	1.5	2.3	2.24 - 2.8	2.46 - 2.24	76%	60%	2,0,2,3,0,2,3,2,3,3	-170	'+130
Jaime Jaquez Jr	G	-2100	H	UCLA	UNCA	pts	19.5	17.3	17.72 - 15.0	16.92 - 17.57	35%	40%	13,18,16,22,26,17,23,20,26,25	-105	-130
Jaime Jaquez Jr	G	-2100	H	UCLA	UNCA	reb	9.5	8.1	8.21 - 7.8	7.85 - 8.33	32%	60%	10,10,9,10,7,5,8,8,9,12	-105	-125
Jaime Jaquez Jr	G	-2100	H	UCLA	UNCA	3ptm	1.5	0.9	0.93 - 0.6	0.85 - 0.9	21%	20%	0,2,1,0,1,0,2,2,1,2	'+160	-220
Jalen Pickett	G	'+130	A	PSU	TA&M	ast	5.5	6.7	7.0 - 6.15	5.71 - 7.61	69%	40%	4,4,2,8,7,11,5,4,8,8	-115	-115
Jalen Pickett	G	'+130	A	PSU	TA&M	reb	6.5	7.3	6.82 - 8.23	7.35 - 7.33	63%	80%	6,8,9,8,7,6,9,3,9,2	-105	-125
Jalen Pickett	G	'+130	A	PSU	TA&M	pts	17.5	17.9	18.77 - 16.31	17.53 - 18.17	43%	20%	11,28,15,12,16,7,11,23,32,41	-110	-120
Jalen Pickett	G	'+130	A	PSU	TA&M	3ptm	1.5	1.3	1.36 - 1.08	1.0 - 1.5	31%	20%	0,1,1,0,2,0,1,2,4,5	'+130	-175
Jalen Slawson	F	'+210	A	FUR	UVA	pts	12.5	15.7	16.11 - 14.14	14.36 - 16.65	71%	60%	20,15,12,7,27,11,22,17,11,16	-115	-115
Jalen Slawson	F	'+210	A	FUR	UVA	reb	6.5	7.1	7.41 - 6.14	6.29 - 7.75	59%	60%	5,9,4,10,7,11,5,8,4,9	-105	-125
Jalen Slawson	F	'+210	A	FUR	UVA	ast	2.5	3.2	3.22 - 3.29	3.29 - 3.2	59%	40%	4,1,0,3,1,4,2,3,4,1	-105	-125
Jalen Slawson	F	'+210	A	FUR	UVA	3ptm	1.5	1.1	1.11 - 1.29	1.21 - 1.1	38%	60%	2,2,1,0,3,0,3,0,2,2	'+135	-185
Jalen Wilson	F	-5000	H	KU	HOW	ast	1.5	2.3	2.48 - 1.57	2.27 - 2.3	71%	40%	0,0,2,1,2,2,3,1,2,5	-170	'+130
Jalen Wilson	F	-5000	H	KU	HOW	reb	7.5	8.4	8.74 - 7.14	8.45 - 8.39	59%	60%	6,10,11,10,5,6,13,13,4,5	-145	'+110
Jalen Wilson	F	-5000	H	KU	HOW	3ptm	1.5	2.0	1.78 - 2.71	2.36 - 1.78	59%	60%	2,3,1,3,0,0,0,0,1,3	'+105	-140
Jalen Wilson	F	-5000	H	KU	HOW	pts	20.5	20.1	18.7 - 25.43	20.45 - 19.91	53%	100%	24,25,22,23,21,11,7,21,14,18	-110	-120
Jamal Shead	G	-2800	H	HOU	NKU	reb	2.5	3.0	2.94 - 4.0	2.42 - 3.36	62%	40%	0,4,1,1,3,3,1,3,1,7	-180	'+135
Jamal Shead	G	-2800	H	HOU	NKU	ast	5.5	5.4	5.68 - 2.67	5.83 - 5.18	44%	40%	4,9,4,7,1,3,6,2,8,12	'+105	-140
Jamal Shead	G	-2800	H	HOU	NKU	pts	12.5	10.3	9.77 - 16.0	10.67 - 10.14	38%	80%	16,16,12,16,25,4,10,10,13,3	-115	-115
Jamal Shead	G	-2800	H	HOU	NKU	3ptm	1.5	1.3	1.19 - 2.0	1.17 - 1.32	38%	80%	2,2,1,2,4,0,1,0,1,1	-125	-105
Jarace Walker	F	-2800	H	HOU	NKU	ast	1.5	1.7	1.8 - 1.0	2.08 - 1.52	58%	40%	1,3,1,1,2,2,1,3,2,1	-105	-125
Jarace Walker	F	-2800	H	HOU	NKU	pts	10.5	11.0	11.1 - 10.0	14.08 - 9.24	42%	60%	13,13,5,10,11,7,9,4,14,6	-155	'+115
Jarace Walker	F	-2800	H	HOU	NKU	reb	7.5	6.6	6.6 - 6.67	6.0 - 6.95	36%	40%	3,8,5,7,9,6,13,8,4,8	-125	-105
Jarace Walker	F	-2800	H	HOU	NKU	3ptm	1.5	1.0	1.0 - 0.67	1.67 - 0.57	30%	40%	2,1,0,2,1,1,1,0,2,0	'+115	-155
Jayden Gardner	F	-250	H	UVA	FUR	ast	0.5	0.7	0.68 - 0.71	0.92 - 0.55	53%	60%	0,2,0,1,1,1,2,2,0,1	-205	'+150
Jayden Gardner	F	-250	H	UVA	FUR	reb	7.5	5.8	5.72 - 6.0	5.33 - 6.05	31%	60%	4,12,10,4,9,12,5,12,3,1	-115	-115
Jayden Gardner	F	-250	H	UVA	FUR	pts	16.5	12.1	12.04 - 12.43	11.25 - 12.65	25%	40%	7,23,17,16,12,19,16,8,10,6	-105	-130
Jelani Williams	G	'+1700	A	HOW	KU	ast	1.5	2.1	2.14 - 2.17	2.44 - 1.89	53%	100%	2,3,2,5,2,5,1,0,1,1	-105	-125
Jelani Williams	G	'+1700	A	HOW	KU	3ptm	0.5	0.8	0.73 - 0.83	1.12 - 0.44	53%	40%	1,0,0,0,3,1,1,0,1,2	-115	-115
Jelani Williams	G	'+1700	A	HOW	KU	pts	7.5	9.2	8.95 - 9.75	12.19 - 6.61	50%	40%	20,6,2,4,23,10,11,3,6,19	-130	'+100
Jelani Williams	G	'+1700	A	HOW	KU	reb	4.5	4.4	4.73 - 3.92	5.06 - 3.89	47%	80%	6,5,5,4,7,4,5,5,0,12	-110	-120
Jeremy Roach	G	-265	H	DUKE	ORU	ast	2.5	3.1	3.39 - 2.14	2.07 - 4.0	53%	20%	1,1,6,0,2,10,6,2,3,2	-135	'+100
Jeremy Roach	G	-265	H	DUKE	ORU	reb	2.5	2.5	2.65 - 2.14	2.57 - 2.5	47%	60%	4,3,4,2,1,5,1,2,2,0	-135	'+105
Jeremy Roach	G	-265	H	DUKE	ORU	pts	13.5	13.3	14.09 - 10.71	12.71 - 13.81	47%	40%	23,13,9,10,20,19,14,17,9,16	-125	-105
Jeremy Roach	G	-265	H	DUKE	ORU	3ptm	1.5	1.4	1.61 - 0.71	1.43 - 1.38	47%	40%	2,1,1,2,0,2,0,3,0,2	'+105	-140
Joe Toussaint	G	-155	A	WVU	MD	3ptm	0.5	1.0	0.94 - 1.0	1.08 - 0.89	66%	60%	1,1,3,0,0,1,2,0,0,0	-200	'+150
Joe Toussaint	G	-155	A	WVU	MD	pts	7.5	9.8	10.33 - 8.79	10.85 - 8.84	66%	40%	11,5,19,2,3,5,11,4,8,9	-125	-105
Joe Toussaint	G	-155	A	WVU	MD	reb	2.5	2.9	2.83 - 2.86	3.77 - 2.21	56%	60%	2,1,7,5,3,0,4,1,0,2	-105	-125
Joe Toussaint	G	-155	A	WVU	MD	ast	2.5	2.8	2.83 - 2.57	2.62 - 2.79	50%	60%	4,2,3,1,4,4,4,2,2,1	'+115	-155
Johni Broome	F	-125	A	AUB	IOWA	reb	8.5	8.6	9.17 - 7.25	7.71 - 9.0	43%	0%	7,5,1,8,6,10,9,10,9,18	-110	-120
Johni Broome	F	-125	A	AUB	IOWA	pts	15.5	14.5	13.61 - 14.33	14.86 - 13.06	40%	40%	13,10,12,19,20,20,8,18,11,19	-120	-110
Johni Broome	F	-125	A	AUB	IOWA	ast	1.5	1.4	1.44 - 1.33	1.57 - 1.25	37%	60%	0,4,1,3,2,2,2,1,0,1	'+105	-140
Josiah Jordan James	G	-645	H	TENN	LAF	reb	4.5	4.9	4.73 - 5.2	4.5 - 5.0	50%	40%	1,7,3,2,5,14,7,7,7,7	-115	-115
Josiah Jordan James	G	-645	H	TENN	LAF	ast	1.5	1.8	1.47 - 2.2	1.67 - 1.64	50%	40%	3,2,1,1,1,1,1,2,0,1	-155	'+120
Josiah Jordan James	G	-645	H	TENN	LAF	pts	11.5	10.7	11.67 - 5.8	9.33 - 10.57	45%	40%	3,20,11,18,2,15,4,14,6,22	-110	-120
Josiah Jordan James	G	-645	H	TENN	LAF	3ptm	1.5	1.8	1.93 - 1.0	1.5 - 1.79	45%	40%	0,4,1,4,0,1,0,1,0,4	-115	-115
Jp Pegues	G	'+210	A	FUR	UVA	ast	3.5	4.0	4.04 - 3.71	3.79 - 4.1	62%	80%	4,2,4,4,5,2,5,7,2,7	-105	-125
Jp Pegues	G	'+210	A	FUR	UVA	reb	3.5	3.8	4.07 - 2.71	3.86 - 3.75	53%	80%	6,5,4,4,3,0,3,9,1,3	-115	-115
Jp Pegues	G	'+210	A	FUR	UVA	3ptm	1.5	1.9	1.89 - 2.0	2.07 - 1.8	50%	60%	0,3,4,4,1,2,0,0,3,3	-185	'+135
Jp Pegues	G	'+210	A	FUR	UVA	pts	12.5	12.0	12.15 - 11.57	12.07 - 12.0	47%	100%	17,24,22,20,18,13,10,7,13,13	'+115	-155
Julian Phillips	F	-645	H	TENN	LAF	reb	4.5	5.2	5.57 - 3.29	5.73 - 4.53	57%	60%	8,6,5,2,4,3,4,2,1,4	-110	-120
Julian Phillips	F	-645	H	TENN	LAF	pts	8.5	9.3	10.1 - 5.57	9.36 - 8.71	46%	40%	10,8,7,4,10,2,6,4,5,10	'+100	-135
Julian Phillips	F	-645	H	TENN	LAF	ast	1.5	1.6	1.86 - 0.57	1.09 - 1.82	43%	40%	0,1,3,0,2,0,1,1,6,1	'+160	-215
Julian Reese	F	'+135	H	MD	WVU	ast	0.5	1.0	1.0 - 0.92	1.17 - 0.85	56%	100%	1,1,2,2,2,0,0,0,0,0	-190	'+140
Julian Reese	F	'+135	H	MD	WVU	pts	11.5	11.2	11.8 - 10.17	11.0 - 11.3	38%	60%	5,10,12,17,12,21,16,10,11,11	-110	-120
Julian Reese	F	'+135	H	MD	WVU	reb	7.5	7.3	7.7 - 6.58	6.67 - 7.65	38%	60%	7,8,5,12,10,12,16,9,5,5	-110	-120
Jwan Roberts	F	-2800	H	HOU	NKU	pts	10.5	10.4	10.42 - 9.67	11.08 - 9.95	47%	40%	12,16,0,1,6,17,26,20,8,6	-120	-110
Jwan Roberts	F	-2800	H	HOU	NKU	reb	8.5	7.7	7.39 - 11.33	7.92 - 7.64	35%	40%	20,8,12,6,3,12,7,12,10,10	-125	-105
Kareem Thompson	G	'+225	A	ORU	DUKE	ast	2.5	3.1	3.37 - 0.75	3.0 - 3.11	59%	80%	0,3,5,3,4,1,6,1,4,4	-115	-115
Kareem Thompson	G	'+225	A	ORU	DUKE	3ptm	0.5	0.9	0.77 - 2.0	1.07 - 0.79	59%	60%	0,0,1,1,2,1,0,0,1,0	-120	-110
Kareem Thompson	G	'+225	A	ORU	DUKE	reb	5.5	5.7	5.93 - 4.0	5.53 - 5.84	53%	80%	7,9,5,6,7,6,8,6,4,8	-150	'+115
Kareem Thompson	G	'+225	A	ORU	DUKE	pts	7.5	8.6	8.5 - 9.0	8.87 - 8.32	50%	60%	6,2,15,11,16,7,6,4,3,10	-115	-115
Kd Johnson	G	-125	A	AUB	IOWA	pts	9.5	9.1	8.44 - 9.92	8.07 - 9.88	43%	40%	20,21,7,4,6,15,12,5,10,13	-115	-115
Kedrian Johnson	G	-155	A	WVU	MD	ast	2.5	3.3	3.28 - 2.77	2.69 - 3.33	58%	20%	1,2,5,0,1,4,6,3,6,3	-135	'+105
Kedrian Johnson	G	-155	A	WVU	MD	3ptm	0.5	0.8	0.83 - 0.77	0.38 - 1.11	55%	60%	0,2,0,1,1,2,0,0,3,0	-200	'+150
Kedrian Johnson	G	-155	A	WVU	MD	pts	11.5	11.6	11.5 - 9.92	7.46 - 13.28	39%	60%	8,20,8,15,12,20,4,5,22,16	-115	-115
Kedrian Johnson	G	-155	A	WVU	MD	reb	2.5	2.3	2.22 - 2.23	2.69 - 1.89	32%	60%	5,6,4,1,2,2,1,2,1,3	-110	-125
Keegan Records	F	'+675	A	COLG	TEX	pts	12.5	13.0	13.38 - 11.75	13.62 - 12.44	50%	80%	21,20,13,25,8,16,10,17,19,10	-115	-115
Keegan Records	F	'+675	A	COLG	TEX	ast	1.5	1.4	1.5 - 0.88	1.06 - 1.61	41%	60%	3,3,2,0,0,3,2,1,3,2	'+160	-215
Keegan Records	F	'+675	A	COLG	TEX	reb	6.5	6.0	6.35 - 4.88	6.12 - 5.89	35%	20%	6,5,4,9,4,6,11,4,9,6	-145	'+110
Keshad Johnson	F	-225	H	SDSU	COFC	pts	7.5	7.7	7.67 - 8.0	6.73 - 8.23	52%	40%	4,15,8,4,4,9,1,7,14,6	-135	'+100
Keshad Johnson	F	-225	H	SDSU	COFC	ast	0.5	0.6	0.67 - 0.33	0.09 - 0.86	45%	40%	0,1,1,0,0,0,1,0,2,1	-110	-120
Keshad Johnson	F	-225	H	SDSU	COFC	reb	5.5	5.1	5.19 - 4.83	5.18 - 5.09	36%	40%	3,4,8,6,2,10,6,10,4,4	-145	'+110
Kihei Clark	G	-250	H	UVA	FUR	ast	4.5	5.4	5.68 - 4.57	5.33 - 5.5	59%	40%	1,4,3,6,6,5,3,4,6,5	-145	'+110
Kihei Clark	G	-250	H	UVA	FUR	pts	11.5	10.9	10.84 - 11.14	12.33 - 10.05	47%	20%	6,13,8,6,5,9,7,15,14,16	-110	-120
Kihei Clark	G	-250	H	UVA	FUR	3ptm	1.5	1.2	1.12 - 1.29	1.42 - 1.0	34%	20%	0,3,0,1,0,1,1,1,1,1	'+150	-205
Kihei Clark	G	-250	H	UVA	FUR	reb	3.5	2.6	2.6 - 2.71	3.17 - 2.3	28%	40%	1,3,5,4,0,2,1,1,4,2	'+135	-185
Kj Adams Jr	F	-5000	H	KU	HOW	ast	1.5	2.0	1.93 - 2.14	1.82 - 2.04	59%	60%	2,4,2,0,1,5,2,3,1,1	-135	'+100
Kj Adams Jr	F	-5000	H	KU	HOW	reb	4.5	4.4	4.52 - 3.86	3.64 - 4.74	44%	20%	4,4,3,2,8,6,6,4,4,3	-110	-120
Kj Adams Jr	F	-5000	H	KU	HOW	pts	10.5	10.4	11.19 - 7.29	12.0 - 9.61	41%	20%	6,8,13,9,7,13,6,17,15,10	-110	-120
Kobe Brown	G	'+110	H	MIZ	USU	pts	15.5	15.8	17.17 - 11.88	11.42 - 18.5	56%	40%	6,24,17,8,8,17,24,7,21,19	-135	'+100
Kobe Brown	G	'+110	H	MIZ	USU	ast	2.5	2.5	2.83 - 1.5	2.0 - 2.8	38%	20%	2,3,1,1,2,2,0,5,2,6	'+150	-200
Kobe Brown	G	'+110	H	MIZ	USU	3ptm	1.5	1.4	1.58 - 1.0	1.0 - 1.7	38%	20%	0,3,1,0,0,1,5,1,3,2	'+145	-195
Kobe Brown	G	'+110	H	MIZ	USU	reb	7.5	6.3	6.54 - 5.5	5.5 - 6.75	28%	40%	7,9,7,6,9,6,6,5,5,8	-155	'+115
Kris Murray	F	'+105	H	IOWA	AUB	pts	19.5	20.4	22.82 - 16.64	18.14 - 22.64	54%	60%	17,22,26,26,5,14,20,28,24,19	-105	-125
Kris Murray	F	'+105	H	IOWA	AUB	3ptm	2.5	2.2	2.59 - 1.73	2.0 - 2.5	50%	40%	2,3,5,2,1,0,3,3,1,2	'+130	-175
Kris Murray	F	'+105	H	IOWA	AUB	reb	7.5	7.9	8.65 - 6.73	8.0 - 7.79	46%	20%	6,7,7,8,5,5,5,14,2,7	'+100	-135
Kris Murray	F	'+105	H	IOWA	AUB	ast	2.5	2.0	1.76 - 2.45	1.71 - 2.36	36%	80%	5,4,3,4,1,1,1,2,1,3	'+125	-165
Kyle Filipowski	C	-265	H	DUKE	ORU	reb	8.5	9.0	9.0 - 9.0	9.5 - 8.56	53%	80%	10,11,0,13,14,3,7,11,6,6	-145	'+110
Kyle Filipowski	C	-265	H	DUKE	ORU	ast	1.5	1.5	1.69 - 1.0	1.5 - 1.56	47%	20%	1,5,1,1,1,1,3,3,3,1	-105	-130
Kyle Filipowski	C	-265	H	DUKE	ORU	pts	16.5	15.4	15.92 - 13.75	15.44 - 15.39	41%	80%	20,17,22,22,11,12,13,14,22,0	-135	'+100
Kyle Filipowski	C	-265	H	DUKE	ORU	3ptm	1.5	1.0	1.0 - 1.12	1.06 - 1.0	21%	20%	1,1,4,1,0,0,1,2,0,0	'+115	-150
Lamont Butler	G	-225	H	SDSU	COFC	3ptm	0.5	1.0	1.11 - 0.5	1.36 - 0.82	67%	60%	0,1,2,0,1,2,0,0,1,0	-185	'+140
Lamont Butler	G	-225	H	SDSU	COFC	pts	7.5	8.5	9.0 - 6.5	9.0 - 8.32	55%	20%	4,7,16,0,3,10,11,2,7,4	-110	-120
Lamont Butler	G	-225	H	SDSU	COFC	ast	3.5	3.2	3.44 - 2.17	2.27 - 3.68	45%	40%	3,4,1,6,1,2,5,1,7,5	'+130	-175
Lamont Butler	G	-225	H	SDSU	COFC	reb	3.5	2.6	2.7 - 2.0	1.91 - 2.91	21%	60%	4,3,5,3,4,4,3,2,7,2	'+130	-170
Marcus Carr	G	-975	H	TEX	COLG	3ptm	1.5	2.1	2.12 - 2.25	2.0 - 2.23	59%	20%	1,1,1,0,2,2,3,0,5,2	-170	'+125
Marcus Carr	G	-975	H	TEX	COLG	pts	16.5	15.9	15.77 - 16.38	15.58 - 16.09	44%	20%	17,10,11,6,10,11,13,17,23,16	-110	-120
Marcus Carr	G	-975	H	TEX	COLG	ast	4.5	4.1	4.0 - 4.38	3.67 - 4.32	38%	20%	3,3,3,6,3,6,5,4,6,4	-160	'+120
Marcus Carr	G	-975	H	TEX	COLG	reb	3.5	3.0	2.88 - 3.5	2.42 - 3.36	32%	20%	3,4,3,3,3,5,2,6,2,4	-135	'+100
Marcus Dockery	G	'+1700	A	HOW	KU	pts	8.5	9.6	11.86 - 4.22	8.17 - 10.5	63%	80%	5,10,9,12,14,3,8,12,13,14	-120	-110
Marcus Dockery	G	'+1700	A	HOW	KU	3ptm	1.5	2.1	2.76 - 0.67	1.83 - 2.33	57%	80%	1,2,3,4,4,1,1,3,1,2	-170	'+130
Marcus Dockery	G	'+1700	A	HOW	KU	reb	2.5	2.4	2.95 - 1.11	2.08 - 2.61	50%	80%	3,4,3,1,3,0,5,4,1,4	-140	'+105
Marcus Foster	G	'+210	A	FUR	UVA	pts	7.5	10.6	11.7 - 6.43	9.64 - 11.3	71%	60%	8,1,9,16,6,15,6,17,5,8	-120	-110
Marcus Foster	G	'+210	A	FUR	UVA	reb	4.5	5.2	5.56 - 3.71	4.93 - 5.35	65%	60%	9,6,1,4,5,6,7,7,6,3	-155	'+120
Marcus Foster	G	'+210	A	FUR	UVA	ast	0.5	1.1	1.26 - 0.43	0.93 - 1.2	56%	40%	0,1,1,0,0,3,0,2,3,1	-210	'+155
Marcus Foster	G	'+210	A	FUR	UVA	3ptm	1.5	1.8	1.93 - 1.14	2.0 - 1.6	53%	40%	2,0,1,2,0,1,2,3,1,0	'+120	-160
Marcus Shaver Jr	G	'+105	A	BOIS	NU	ast	3.5	3.8	3.81 - 3.71	3.92 - 3.69	61%	40%	3,5,5,2,3,1,2,2,4,0	'+110	-150
Marcus Shaver Jr	G	'+105	A	BOIS	NU	reb	5.5	6.1	6.0 - 6.29	5.67 - 6.38	57%	80%	8,8,7,7,3,4,5,5,4,5	-150	'+110
Marcus Shaver Jr	G	'+105	A	BOIS	NU	pts	13.5	13.5	13.24 - 14.14	13.17 - 13.69	54%	60%	14,17,13,9,14,9,19,15,17,12	-105	-125
Marcus Shaver Jr	G	'+105	A	BOIS	NU	3ptm	1.5	1.0	1.33 - 0.14	0.92 - 1.12	25%	20%	0,3,0,1,0,0,1,1,3,1	'+155	-210
Mark Sears	G	-12500	H	ALA	AMCC	pts	10.5	12.5	13.62 - 6.2	11.31 - 13.29	62%	20%	3,9,3,5,17,13,8,17,2,15	-125	-105
Mark Sears	G	-12500	H	ALA	AMCC	ast	2.5	2.6	2.79 - 1.4	2.54 - 2.62	53%	20%	1,2,4,0,0,2,2,3,3,3	'+100	-130
Mark Sears	G	-12500	H	ALA	AMCC	reb	2.5	3.4	3.38 - 3.4	3.92 - 3.05	50%	40%	0,2,1,7,3,2,3,1,1,6	-140	'+105
Mark Sears	G	-12500	H	ALA	AMCC	3ptm	2.5	1.9	2.14 - 0.8	1.54 - 2.19	29%	20%	1,1,1,1,3,0,1,5,0,2	'+140	-190
Marques Warrick	G	'+1300	A	NKU	HOU	pts	15.5	19.1	21.0 - 15.67	18.25 - 19.89	76%	80%	18,22,22,14,20,26,22,21,27,6	-130	-105
Marques Warrick	G	'+1300	A	NKU	HOU	ast	1.5	2.7	2.59 - 2.83	2.31 - 3.0	74%	40%	0,0,1,3,3,0,4,6,2,5	-135	'+105
Marques Warrick	G	'+1300	A	NKU	HOU	reb	2.5	2.4	2.23 - 2.75	2.38 - 2.44	53%	40%	6,1,1,0,3,3,3,1,4,0	'+100	-130
Marques Warrick	G	'+1300	A	NKU	HOU	3ptm	2.5	2.5	2.95 - 1.75	2.31 - 2.72	41%	60%	1,1,5,3,3,5,3,5,5,0	'+105	-135
Matt Allocco	G	'+700	A	PRIN	ARIZ	reb	3.5	4.9	5.0 - 4.75	5.14 - 4.73	66%	80%	7,5,6,5,3,3,4,4,5,2	-170	'+130
Matt Allocco	G	'+700	A	PRIN	ARIZ	ast	1.5	2.0	1.81 - 2.62	1.86 - 2.2	55%	20%	1,2,1,0,1,1,0,3,6,2	'+105	-135
Matt Allocco	G	'+700	A	PRIN	ARIZ	pts	11.5	11.0	11.19 - 10.62	13.0 - 9.2	48%	60%	15,4,12,8,13,20,7,12,16,6	'+100	-135
Matt Allocco	G	'+700	A	PRIN	ARIZ	3ptm	1.5	1.5	1.38 - 1.88	2.0 - 1.07	45%	40%	3,0,0,1,2,2,0,1,1,2	'+110	-145
Matt Bradley	G	-225	H	SDSU	COFC	reb	3.5	3.8	3.59 - 4.67	4.36 - 3.5	58%	40%	2,5,2,1,6,5,2,3,4,6	-145	'+110
Matt Bradley	G	-225	H	SDSU	COFC	ast	1.5	2.1	2.22 - 1.5	2.36 - 1.95	52%	20%	0,1,2,1,1,7,1,3,2,1	-170	'+130
Matt Bradley	G	-225	H	SDSU	COFC	pts	13.5	12.9	12.59 - 14.5	13.73 - 12.55	48%	40%	16,8,13,11,16,11,13,10,17,18	-115	-115
Matt Bradley	G	-225	H	SDSU	COFC	3ptm	1.5	1.6	1.63 - 1.33	1.82 - 1.45	42%	40%	1,2,1,1,2,1,2,2,3,2	'+150	-200
Matthew Mayer	F	'+110	A	ILL	ARK	ast	0.5	1.2	1.25 - 1.0	1.36 - 1.0	66%	80%	1,1,0,1,2,2,0,3,0,4	-245	'+180
Matthew Mayer	F	'+110	A	ILL	ARK	3ptm	1.5	2.1	2.2 - 1.92	2.71 - 1.61	62%	60%	0,1,4,3,2,2,4,2,1,4	-180	'+135
Matthew Mayer	F	'+110	A	ILL	ARK	reb	6.5	5.5	5.85 - 4.83	5.07 - 5.78	41%	60%	8,6,7,3,8,7,8,7,8,5	'+105	-140
Matthew Mayer	F	'+110	A	ILL	ARK	pts	15.5	12.8	13.4 - 11.92	14.93 - 11.22	41%	40%	7,16,24,11,14,22,24,11,8,21	'+100	-135
Max Abmas	G	'+225	A	ORU	DUKE	ast	3.5	4.0	4.0 - 4.0	3.87 - 4.11	67%	80%	11,4,6,3,4,5,4,2,2,3	-150	'+110
Max Abmas	G	'+225	A	ORU	DUKE	reb	3.5	4.4	4.34 - 4.75	4.0 - 4.72	58%	20%	3,7,2,1,1,3,2,4,7,2	'+135	-180
Max Abmas	G	'+225	A	ORU	DUKE	pts	21.5	22.2	23.14 - 15.0	20.53 - 23.5	55%	40%	26,23,14,12,18,27,19,29,27,21	-125	-105
Max Abmas	G	'+225	A	ORU	DUKE	3ptm	3.5	3.5	3.79 - 1.75	3.0 - 4.0	48%	20%	3,3,4,1,2,4,3,5,4,4	'+135	-180
Max Rice	G	'+105	A	BOIS	NU	reb	4.5	4.6	4.96 - 3.56	4.21 - 4.84	55%	40%	3,1,5,3,6,7,8,4,0,1	'+110	-145
Max Rice	G	'+105	A	BOIS	NU	ast	1.5	1.7	1.83 - 1.44	1.64 - 1.79	45%	60%	1,4,2,0,5,2,2,4,0,2	-200	'+150
Max Rice	G	'+105	A	BOIS	NU	pts	13.5	13.9	15.12 - 10.67	13.0 - 14.58	45%	20%	1,12,13,26,12,30,17,7,10,16	-105	-125
Max Rice	G	'+105	A	BOIS	NU	3ptm	2.5	2.2	2.58 - 1.0	1.57 - 2.58	33%	40%	0,3,2,5,2,5,2,1,1,0	'+135	-180
Max Shulga	G	-130	A	USU	MIZ	ast	3.5	4.1	4.19 - 3.62	3.71 - 4.29	60%	80%	3,5,5,6,4,3,4,3,5,1	-170	'+125
Max Shulga	G	-130	A	USU	MIZ	reb	4.5	4.5	4.85 - 3.12	3.43 - 5.14	43%	40%	6,2,3,4,5,4,10,7,0,3	-105	-125
Max Shulga	G	-130	A	USU	MIZ	pts	13.5	12.3	12.77 - 10.0	11.64 - 12.71	31%	40%	4,19,12,11,19,11,13,29,13,7	'+110	-145
Max Shulga	G	-130	A	USU	MIZ	3ptm	2.5	1.6	1.73 - 1.25	1.79 - 1.48	23%	40%	0,3,2,0,3,2,2,5,3,0	'+135	-180
Micah Parrish	G	-225	H	SDSU	COFC	reb	3.5	3.4	3.52 - 2.67	3.45 - 3.32	52%	80%	4,7,4,6,3,1,2,3,4,6	-125	-105
Micah Parrish	G	-225	H	SDSU	COFC	ast	0.5	0.7	0.74 - 0.33	0.64 - 0.68	52%	80%	1,0,1,2,1,2,1,0,1,0	-150	'+110
Micah Parrish	G	-225	H	SDSU	COFC	pts	7.5	7.6	7.78 - 7.0	8.36 - 7.27	42%	40%	5,9,6,6,11,7,12,6,9,12	-115	-115
Micah Parrish	G	-225	H	SDSU	COFC	3ptm	1.5	1.3	1.33 - 1.0	1.45 - 1.18	39%	40%	0,1,1,2,2,1,3,2,1,2	'+170	-230
Mike Bothwell	G	'+210	A	FUR	UVA	pts	13.5	18.0	17.52 - 19.71	18.0 - 17.95	71%	60%	16,26,13,35,9,9,6,16,14,10	-110	-125
Mike Bothwell	G	'+210	A	FUR	UVA	ast	1.5	3.0	2.93 - 3.29	2.5 - 3.35	71%	20%	1,4,0,0,1,4,4,3,1,2	-165	'+125
Mike Bothwell	G	'+210	A	FUR	UVA	reb	3.5	3.5	3.41 - 3.86	2.71 - 4.05	41%	20%	4,3,1,2,3,3,4,3,3,5	'+105	-135
Mike Bothwell	G	'+210	A	FUR	UVA	3ptm	1.5	1.4	1.22 - 2.14	1.79 - 1.15	32%	40%	0,2,1,5,1,0,1,0,3,0	'+120	-160
Naje Smith	F	'+105	A	BOIS	NU	pts	9.5	10.1	10.54 - 9.0	8.0 - 11.68	58%	60%	14,18,5,10,8,7,13,17,18,2	-135	'+105
Naje Smith	F	'+105	A	BOIS	NU	3ptm	0.5	0.7	0.79 - 0.56	0.64 - 0.79	52%	100%	2,2,1,2,1,0,0,1,1,0	-140	'+105
Naje Smith	F	'+105	A	BOIS	NU	ast	1.5	1.3	1.25 - 1.33	1.43 - 1.16	45%	60%	2,2,0,1,2,2,0,2,4,2	'+100	-130
Naje Smith	F	'+105	A	BOIS	NU	reb	5.5	5.5	5.42 - 5.67	5.5 - 5.47	39%	60%	4,6,2,6,11,5,4,7,10,5	-150	'+115
Nathan Mensah	F	-225	H	SDSU	COFC	reb	5.5	5.8	6.15 - 4.5	5.73 - 5.91	55%	40%	8,8,4,3,3,6,3,8,11,3	-160	'+120
Nathan Mensah	F	-225	H	SDSU	COFC	ast	0.5	0.6	0.63 - 0.5	0.82 - 0.5	42%	80%	1,2,0,1,2,1,0,2,0,1	-135	'+100
Nick Honor	G	'+110	H	MIZ	USU	ast	2.5	2.8	3.04 - 2.33	2.25 - 3.19	48%	60%	2,4,5,2,4,5,2,1,1,2	-120	-110
Nick Honor	G	'+110	H	MIZ	USU	reb	1.5	1.6	1.83 - 1.11	1.5 - 1.71	48%	20%	1,3,0,1,1,4,0,1,1,1	-160	'+120
Nick Honor	G	'+110	H	MIZ	USU	3ptm	1.5	1.6	1.83 - 0.89	1.67 - 1.52	42%	40%	1,2,1,1,5,2,0,1,1,2	'+135	-180
Nick Honor	G	'+110	H	MIZ	USU	pts	8.5	8.0	8.62 - 6.44	7.58 - 8.29	42%	20%	3,8,7,5,17,10,0,7,3,14	'+100	-135
Nick Smith Jr	G	-130	H	ARK	ILL	ast	1.5	2.0	1.75 - 2.33	1.8 - 2.11	50%	80%	4,2,6,2,1,2,1,0,1,0	-175	'+130
Nick Smith Jr	G	-130	H	ARK	ILL	pts	15.5	14.0	14.25 - 13.67	13.2 - 14.44	50%	60%	16,14,25,12,24,26,10,0,5,5	-125	-105
Nick Smith Jr	G	-130	H	ARK	ILL	3ptm	1.5	1.6	1.62 - 1.5	1.4 - 1.67	43%	80%	2,2,3,1,2,5,0,0,1,1	-135	'+100
Nick Smith Jr	G	-130	H	ARK	ILL	reb	2.5	1.8	1.75 - 1.83	2.0 - 1.67	29%	60%	1,3,3,0,6,1,1,0,1,1	'+100	-130
Noah Carter	F	'+110	H	MIZ	USU	reb	3.5	3.9	3.91 - 4.0	3.5 - 4.2	56%	40%	3,3,5,7,1,2,3,5,3,4	-160	'+120
Noah Carter	F	'+110	H	MIZ	USU	ast	1.5	1.8	2.04 - 1.0	1.42 - 1.95	53%	60%	0,2,3,1,4,1,3,0,3,2	'+100	-130
Noah Carter	F	'+110	H	MIZ	USU	pts	10.5	9.5	10.39 - 7.11	8.67 - 9.95	34%	60%	10,8,17,13,12,10,6,4,5,8	'+100	-135
Noah Carter	F	'+110	H	MIZ	USU	3ptm	1.5	1.1	1.35 - 0.44	0.83 - 1.25	31%	60%	2,1,2,1,2,2,0,0,0,1	'+145	-195
Noah Clowney	F	-12500	H	ALA	AMCC	reb	7.5	8.0	7.89 - 8.6	8.77 - 7.5	58%	40%	11,3,5,7,8,13,8,5,11,7	-125	-105
Noah Clowney	F	-12500	H	ALA	AMCC	pts	11.5	10.1	10.29 - 9.2	10.85 - 9.65	30%	40%	9,19,5,11,17,10,8,12,7,6	-110	-120
Noah Clowney	F	-12500	H	ALA	AMCC	3ptm	1.5	0.9	1.0 - 0.6	0.85 - 1.0	21%	20%	1,3,1,1,1,0,0,2,1,0	'+120	-155
Oliver Lynch Daniels	G	'+675	A	COLG	TEX	3ptm	1.5	2.5	2.54 - 2.29	2.5 - 2.47	77%	80%	2,4,3,1,4,2,7,0,2,3	-125	-105
Oliver Lynch Daniels	G	'+675	A	COLG	TEX	ast	1.5	2.2	2.21 - 2.0	1.86 - 2.41	71%	40%	0,1,3,0,2,2,2,3,6,1	-115	-115
Oliver Lynch Daniels	G	'+675	A	COLG	TEX	reb	3.5	3.5	3.29 - 4.29	4.07 - 3.06	45%	40%	2,2,2,5,7,5,0,4,7,8	-155	'+115
Oliver Lynch Daniels	G	'+675	A	COLG	TEX	pts	12.5	12.3	12.5 - 11.43	11.79 - 12.65	42%	80%	14,21,15,5,14,12,23,7,12,13	'+100	-135
Olivier Nkamhoua	F	-645	H	TENN	LAF	reb	5.5	5.2	4.96 - 5.67	6.23 - 4.42	44%	60%	10,2,7,8,4,4,4,3,5,2	'+105	-140
Olivier Nkamhoua	F	-645	H	TENN	LAF	pts	10.5	10.9	11.43 - 8.78	10.15 - 11.05	38%	60%	11,9,16,10,13,6,9,6,10,9	-125	-105
Oumar Ballo	C	-1050	H	ARIZ	PRIN	reb	7.5	8.5	9.21 - 5.33	8.36 - 8.61	59%	40%	8,10,6,5,5,3,16,7,4,9	-145	'+110
Oumar Ballo	C	-1050	H	ARIZ	PRIN	pts	13.5	14.2	14.96 - 10.67	12.0 - 15.26	53%	40%	13,14,24,6,10,7,18,8,8,14	-115	-115
Oumar Ballo	C	-1050	H	ARIZ	PRIN	ast	1.5	1.6	1.79 - 0.83	1.73 - 1.57	53%	40%	0,3,0,0,3,2,3,3,3,3	'+105	-140
Patrick Mccaffery	F	'+105	H	IOWA	AUB	pts	7.5	10.0	10.67 - 9.18	6.64 - 12.53	62%	40%	9,23,2,7,0,4,9,6,9,3	-110	-125
Patrick Mccaffery	F	'+105	H	IOWA	AUB	reb	3.5	3.6	3.47 - 3.73	2.36 - 4.47	46%	40%	3,4,0,4,0,3,5,2,2,0	'+135	-180
Patrick Mccaffery	F	'+105	H	IOWA	AUB	3ptm	1.5	1.3	1.33 - 1.36	0.64 - 1.87	27%	20%	1,6,0,1,0,1,1,0,1,0	'+165	-225
Payton Sandfort	F	'+105	H	IOWA	AUB	reb	3.5	4.0	4.58 - 3.15	2.79 - 4.94	53%	40%	3,5,3,5,3,4,5,2,2,6	-145	'+110
Payton Sandfort	F	'+105	H	IOWA	AUB	pts	8.5	10.0	12.63 - 6.08	6.93 - 12.33	47%	60%	4,8,16,22,10,9,10,3,6,9	-130	'+100
Payton Sandfort	F	'+105	H	IOWA	AUB	3ptm	1.5	1.8	2.32 - 0.92	1.21 - 2.17	47%	60%	0,2,5,6,1,1,2,0,2,3	-150	'+115
Reece Beekman	G	-250	H	UVA	FUR	reb	2.5	3.0	2.62 - 4.14	3.42 - 2.68	65%	60%	1,3,3,0,3,4,2,4,0,6	-150	'+110
Reece Beekman	G	-250	H	UVA	FUR	3ptm	0.5	0.9	0.96 - 0.57	1.08 - 0.74	58%	60%	0,0,1,1,1,0,0,2,0,0	-130	'+100
Reece Beekman	G	-250	H	UVA	FUR	pts	8.5	9.4	9.29 - 9.57	9.42 - 9.32	52%	40%	12,4,15,5,7,8,6,11,3,4	-135	'+100
Reece Beekman	G	-250	H	UVA	FUR	ast	5.5	5.3	5.38 - 4.86	4.83 - 5.53	39%	60%	4,7,5,11,8,6,2,5,2,7	'+105	-140
Reyne Smith	G	'+190	A	COFC	SDSU	3ptm	2.5	2.7	2.87 - 0.67	2.54 - 2.76	44%	40%	1,4,2,4,2,5,3,1,2,4	-105	-130
Reyne Smith	G	'+190	A	COFC	SDSU	ast	1.5	1.4	1.39 - 1.33	1.23 - 1.48	41%	40%	0,2,0,3,1,2,2,1,2,2	'+175	-245
Reyne Smith	G	'+190	A	COFC	SDSU	reb	2.5	2.1	2.19 - 1.0	1.85 - 2.24	38%	80%	3,1,5,6,3,3,3,3,3,1	-110	-120
Reyne Smith	G	'+190	A	COFC	SDSU	pts	11.5	10.9	11.48 - 4.67	9.62 - 11.67	38%	60%	7,20,10,12,13,15,9,4,6,12	-110	-125
Ricky Council Iv	G	-130	H	ARK	ILL	pts	12.5	15.9	16.3 - 15.31	14.38 - 16.9	73%	40%	5,7,16,11,20,22,15,6,13,20	-125	-105
Ricky Council Iv	G	-130	H	ARK	ILL	3ptm	0.5	0.9	0.9 - 1.0	1.0 - 0.9	58%	20%	0,0,0,2,0,3,0,0,0,2	-185	'+140
Ricky Council Iv	G	-130	H	ARK	ILL	ast	1.5	2.3	2.7 - 1.62	1.69 - 2.65	58%	0%	1,0,1,1,0,4,1,4,3,4	'+115	-155
Ricky Council Iv	G	-130	H	ARK	ILL	reb	3.5	3.4	3.4 - 3.31	3.0 - 3.6	30%	40%	3,2,4,4,1,3,7,5,6,3	-115	-115
Ryan Langborg	G	'+700	A	PRIN	ARIZ	3ptm	1.5	2.0	1.86 - 2.38	1.86 - 2.13	62%	80%	2,2,1,2,2,1,3,2,1,2	-195	'+145
Ryan Langborg	G	'+700	A	PRIN	ARIZ	pts	11.5	12.1	12.1 - 12.12	11.36 - 12.8	52%	100%	14,12,13,18,14,5,15,10,5,10	-110	-120
Ryan Langborg	G	'+700	A	PRIN	ARIZ	reb	2.5	3.0	3.14 - 2.75	2.5 - 3.53	52%	60%	2,2,3,6,3,3,0,4,1,2	-140	'+105
Ryan Langborg	G	'+700	A	PRIN	ARIZ	ast	1.5	1.6	1.48 - 1.75	0.86 - 2.2	34%	60%	4,1,3,0,5,0,0,0,5,1	-155	'+115
Ryan Larson	G	'+190	A	COFC	SDSU	ast	2.5	4.1	4.16 - 3.33	4.15 - 4.05	76%	60%	1,1,5,5,4,5,4,6,3,5	-180	'+135
Ryan Larson	G	'+190	A	COFC	SDSU	pts	9.5	10.6	10.68 - 9.67	10.0 - 10.95	65%	80%	23,12,11,2,12,13,2,17,6,6	-125	-105
Ryan Larson	G	'+190	A	COFC	SDSU	3ptm	1.5	1.7	1.74 - 1.0	1.85 - 1.57	50%	40%	4,0,3,0,1,3,0,3,2,2	-160	'+120
Ryan Larson	G	'+190	A	COFC	SDSU	reb	3.5	3.3	3.29 - 3.0	3.85 - 2.9	44%	20%	3,2,2,1,5,5,5,3,2,4	'+120	-160
Ryan Moffatt	F	'+675	A	COLG	TEX	ast	1.5	1.8	1.71 - 2.12	1.79 - 1.83	56%	60%	1,2,2,2,1,2,1,2,1,0	'+145	-195
Ryan Moffatt	F	'+675	A	COLG	TEX	3ptm	1.5	1.9	2.25 - 1.0	1.86 - 2.0	53%	60%	1,2,3,0,5,2,1,1,5,2	'+100	-135
Ryan Moffatt	F	'+675	A	COLG	TEX	pts	11.5	10.5	11.33 - 8.12	10.0 - 10.94	44%	80%	10,20,14,12,17,8,9,4,19,13	'+100	-135
Ryan Moffatt	F	'+675	A	COLG	TEX	reb	4.5	4.2	4.42 - 3.38	4.64 - 3.78	41%	60%	8,9,4,6,3,8,5,2,5,2	-155	'+115
Sam Vinson	G	'+1300	A	NKU	HOU	pts	11.5	11.7	12.4 - 10.45	11.67 - 11.75	55%	80%	16,17,12,19,11,9,9,9,19,18	'+100	-130
Sam Vinson	G	'+1300	A	NKU	HOU	ast	2.5	2.9	3.15 - 2.45	2.27 - 3.5	55%	60%	2,2,3,3,5,3,4,2,3,2	-120	-110
Sam Vinson	G	'+1300	A	NKU	HOU	3ptm	1.5	1.5	1.7 - 1.18	1.53 - 1.5	48%	60%	1,1,2,3,2,1,2,3,3,3	-160	'+120
Sam Vinson	G	'+1300	A	NKU	HOU	reb	4.5	4.2	4.45 - 3.73	4.13 - 4.25	45%	80%	5,6,4,5,5,4,3,1,8,5	-110	-120
Santiago Vescovi	G	-645	H	TENN	LAF	ast	2.5	3.1	3.05 - 2.67	3.08 - 2.82	62%	80%	2,3,5,4,7,3,1,1,2,1	-180	'+135
Santiago Vescovi	G	-645	H	TENN	LAF	3ptm	2.5	2.9	2.65 - 2.78	2.67 - 2.71	55%	80%	5,3,3,1,4,3,3,4,4,1	-125	-105
Santiago Vescovi	G	-645	H	TENN	LAF	reb	4.5	4.8	4.95 - 3.89	4.17 - 4.94	48%	60%	3,6,6,4,10,2,8,5,1,3	-105	-125
Santiago Vescovi	G	-645	H	TENN	LAF	pts	14.5	13.4	12.25 - 13.56	13.0 - 12.41	34%	40%	17,15,14,7,14,17,15,16,14,7	-105	-125
Sean Bairstow	G	-130	A	USU	MIZ	pts	10.5	10.5	9.81 - 12.12	9.93 - 10.81	51%	40%	7,12,6,12,7,6,5,11,10,9	'+100	-135
Sean Bairstow	G	-130	A	USU	MIZ	reb	6.5	5.2	5.27 - 4.75	5.14 - 5.24	26%	40%	5,6,5,7,10,5,10,5,7,6	'+105	-135
Sean Bairstow	G	-130	A	USU	MIZ	ast	3.5	2.7	2.77 - 2.12	2.64 - 2.76	26%	20%	3,3,3,4,0,3,1,3,2,4	'+130	-175
Sean Bairstow	G	-130	A	USU	MIZ	3ptm	1.5	0.9	0.77 - 1.5	1.07 - 0.81	26%	0%	0,1,0,0,1,2,0,1,2,1	'+155	-210
Seth Lundy	G	'+130	A	PSU	TA&M	pts	14.5	14.4	14.71 - 13.85	14.88 - 13.88	56%	80%	19,16,16,17,7,14,7,19,9,15	-110	-120
Seth Lundy	G	'+130	A	PSU	TA&M	3ptm	2.5	2.6	2.52 - 2.69	2.65 - 2.53	53%	40%	3,2,3,1,0,4,0,4,1,3	-160	'+120
Seth Lundy	G	'+130	A	PSU	TA&M	reb	6.5	6.3	6.14 - 6.62	6.65 - 6.0	50%	60%	8,6,7,10,5,6,8,5,4,7	'+110	-150
Seth Lundy	G	'+130	A	PSU	TA&M	ast	0.5	0.9	1.19 - 0.46	0.76 - 1.06	50%	60%	1,0,0,2,2,0,0,2,1,2	-245	'+180
Shy Odom	F	'+1700	A	HOW	KU	pts	10.5	10.8	11.45 - 9.5	10.85 - 10.76	50%	60%	9,16,13,5,17,15,22,7,12,13	-105	-125
Shy Odom	F	'+1700	A	HOW	KU	ast	1.5	1.4	1.7 - 0.7	0.85 - 1.76	43%	80%	0,2,4,2,2,2,1,2,3,0	'+170	-230
Shy Odom	F	'+1700	A	HOW	KU	reb	5.5	4.5	4.7 - 4.0	4.62 - 4.35	43%	60%	7,10,1,2,6,7,10,7,7,5	'+100	-130
Steve Settle Iii	F	'+1700	A	HOW	KU	3ptm	0.5	1.0	0.86 - 1.2	1.23 - 0.78	68%	100%	1,1,1,1,4,0,0,1,0,0	-185	'+135
Steve Settle Iii	F	'+1700	A	HOW	KU	pts	8.5	11.0	10.14 - 12.8	12.54 - 9.89	65%	60%	9,16,3,7,14,8,11,14,7,14	'+100	-135
Steve Settle Iii	F	'+1700	A	HOW	KU	reb	5.5	5.7	5.76 - 5.7	6.92 - 4.89	48%	20%	2,5,1,8,5,7,11,5,8,7	'+100	-135
Steven Ashworth	G	-130	A	USU	MIZ	3ptm	2.5	3.2	3.5 - 2.25	2.71 - 3.52	63%	80%	2,3,4,3,5,1,2,2,1,2	-185	'+135
Steven Ashworth	G	-130	A	USU	MIZ	ast	4.5	4.5	4.65 - 4.12	4.21 - 4.71	49%	60%	1,2,5,8,7,3,6,3,5,6	-150	'+115
Steven Ashworth	G	-130	A	USU	MIZ	reb	3.5	3.2	3.12 - 3.62	3.79 - 2.76	49%	40%	1,1,4,4,2,7,1,1,6,5	'+100	-135
Steven Ashworth	G	-130	A	USU	MIZ	pts	17.5	16.3	17.38 - 12.88	14.43 - 17.57	37%	60%	13,14,22,19,27,19,20,8,14,18	-105	-125
Tajion Jones	G	'+1100	A	UNCA	UCLA	ast	0.5	1.2	1.15 - 1.43	1.24 - 1.18	74%	60%	0,1,1,1,0,2,1,0,1,2	-155	'+120
Tajion Jones	G	'+1100	A	UNCA	UCLA	reb	4.5	5.2	5.63 - 3.43	5.18 - 5.18	59%	60%	8,6,6,1,3,6,6,8,3,2	-130	'+100
Tajion Jones	G	'+1100	A	UNCA	UCLA	pts	13.5	15.0	15.59 - 12.71	15.35 - 14.65	50%	60%	24,10,19,10,30,16,12,21,15,5	'+100	-130
Tajion Jones	G	'+1100	A	UNCA	UCLA	3ptm	2.5	2.9	3.04 - 2.29	3.0 - 2.76	44%	60%	5,1,4,2,8,2,2,2,2,1	'+135	-180
Taylor Funk	F	-130	A	USU	MIZ	ast	1.5	1.6	1.88 - 1.12	1.29 - 1.9	47%	40%	3,2,1,1,0,1,0,3,0,0	-150	'+110
Taylor Funk	F	-130	A	USU	MIZ	reb	6.5	5.6	5.56 - 5.0	4.71 - 6.15	38%	60%	7,10,2,8,4,3,6,5,2,9	-105	-130
Taylor Funk	F	-130	A	USU	MIZ	pts	13.5	13.1	14.08 - 10.75	11.93 - 13.85	38%	40%	5,7,32,24,2,9,11,5,4,11	-115	-115
Taylor Funk	F	-130	A	USU	MIZ	3ptm	2.5	2.3	2.52 - 2.0	2.21 - 2.4	38%	40%	1,1,6,4,0,1,0,1,0,2	'+110	-150
Terrence Shannon Jr	G	'+110	A	ILL	ARK	reb	3.5	4.7	5.32 - 3.73	5.0 - 4.53	63%	60%	5,1,7,4,1,3,4,2,2,2	-145	'+110
Terrence Shannon Jr	G	'+110	A	ILL	ARK	ast	2.5	2.9	2.63 - 3.36	3.23 - 2.65	60%	40%	4,2,4,2,0,4,1,1,5,1	'+135	-180
Terrence Shannon Jr	G	'+110	A	ILL	ARK	pts	17.5	17.1	18.53 - 14.73	15.38 - 18.47	43%	60%	19,13,21,10,26,20,15,11,13,6	'+100	-135
Terrence Shannon Jr	G	'+110	A	ILL	ARK	3ptm	1.5	1.7	1.89 - 1.27	1.46 - 1.82	43%	60%	2,2,0,0,4,1,2,2,2,0	'+120	-155
Timmy Allen	F	-975	H	TEX	COLG	ast	3.5	3.5	3.39 - 3.88	2.82 - 3.9	42%	60%	3,6,3,4,4,5,4,0,4,4	'+115	-155
Timmy Allen	F	-975	H	TEX	COLG	pts	12.5	10.5	10.57 - 10.5	8.45 - 11.7	39%	20%	6,6,12,6,15,2,14,18,10,18	-105	-125
Timmy Allen	F	-975	H	TEX	COLG	reb	6.5	5.5	5.78 - 4.75	5.18 - 5.7	32%	60%	6,4,9,8,9,5,9,4,3,6	-155	'+115
Tony Perkins	G	'+105	H	IOWA	AUB	3ptm	0.5	0.7	0.83 - 0.54	0.36 - 1.0	48%	60%	1,0,1,4,0,0,2,0,0,1	-155	'+115
Tony Perkins	G	'+105	H	IOWA	AUB	pts	14.5	12.5	13.72 - 10.77	10.71 - 13.94	39%	60%	16,6,23,24,13,11,24,7,8,32	-110	-120
Tony Perkins	G	'+105	H	IOWA	AUB	reb	4.5	4.1	4.17 - 4.0	4.07 - 4.12	39%	60%	6,4,10,9,2,5,2,7,2,3	-150	'+115
Tony Perkins	G	'+105	H	IOWA	AUB	ast	3.5	2.8	3.5 - 1.85	2.43 - 3.12	29%	60%	1,4,8,6,0,3,3,6,1,2	'+125	-170
Tosan Evbuomwan	F	'+700	A	PRIN	ARIZ	reb	5.5	6.2	6.05 - 6.5	6.79 - 5.6	62%	60%	5,6,7,5,10,9,9,6,3,5	-160	'+120
Tosan Evbuomwan	F	'+700	A	PRIN	ARIZ	ast	4.5	4.8	4.48 - 5.75	4.93 - 4.73	59%	60%	4,4,6,5,6,8,6,4,6,6	-155	'+115
Tosan Evbuomwan	F	'+700	A	PRIN	ARIZ	pts	15.5	15.0	14.71 - 15.62	15.36 - 14.6	41%	60%	21,21,15,6,22,17,23,19,17,15	-115	-115
Tramon Mark	G	-2800	H	HOU	NKU	3ptm	0.5	1.1	1.13 - 0.67	1.42 - 0.91	68%	40%	0,0,1,2,0,2,3,1,1,2	-255	'+185
Tramon Mark	G	-2800	H	HOU	NKU	pts	9.5	9.7	9.84 - 8.67	11.75 - 8.64	53%	40%	10,8,4,16,2,20,13,6,11,9	-110	-120
Tramon Mark	G	-2800	H	HOU	NKU	reb	5.5	4.7	4.65 - 5.33	5.83 - 4.09	35%	40%	8,5,5,8,1,9,3,1,9,9	-110	-120
Tre Mitchell	F	-155	A	WVU	MD	ast	1.5	1.9	1.83 - 1.93	2.0 - 1.79	66%	80%	2,2,2,2,1,2,3,1,1,2	'+120	-160
Tre Mitchell	F	-155	A	WVU	MD	3ptm	0.5	1.1	1.0 - 1.21	1.08 - 1.11	66%	60%	1,3,0,3,0,1,1,0,3,0	-230	'+170
Tre Mitchell	F	-155	A	WVU	MD	pts	10.5	12.0	11.56 - 11.57	11.0 - 11.95	59%	80%	11,17,0,20,22,3,9,4,9,4	-130	-105
Tre Mitchell	F	-155	A	WVU	MD	reb	5.5	5.7	4.61 - 6.57	5.23 - 5.63	47%	60%	7,9,2,7,3,9,3,5,2,5	-115	-115
Trevian Tennyson	G	'+2500	A	AMCC	ALA	pts	14.5	15.6	16.58 - 13.3	14.2 - 16.74	59%	40%	12,14,16,13,20,22,23,17,18,18	-105	-125
Trevian Tennyson	G	'+2500	A	AMCC	ALA	3ptm	2.5	2.9	2.83 - 3.0	2.67 - 3.05	53%	20%	2,0,2,1,5,5,3,5,2,2	'+120	-165
Trevian Tennyson	G	'+2500	A	AMCC	ALA	reb	2.5	2.3	2.54 - 1.8	2.53 - 2.16	41%	40%	1,3,3,2,1,2,2,5,3,2	-110	-125
Trey Robinson	G	'+1300	A	NKU	HOU	pts	7.5	6.9	7.05 - 6.67	6.8 - 7.0	52%	60%	12,7,11,12,4,4,8,7,3,11	'+115	-155
Trey Robinson	G	'+1300	A	NKU	HOU	ast	1.5	1.6	1.67 - 1.42	1.33 - 1.78	39%	20%	0,1,1,5,1,5,1,2,1,0	'+160	-215
Trey Robinson	G	'+1300	A	NKU	HOU	reb	4.5	3.7	4.0 - 3.17	3.27 - 4.06	33%	40%	2,4,5,9,3,3,6,2,7,2	-105	-125
Trey Robinson	G	'+1300	A	NKU	HOU	3ptm	1.5	1.0	1.1 - 0.83	1.13 - 0.89	30%	60%	2,0,2,3,0,0,2,0,1,1	'+100	-130
Tucker Richardson	G	'+675	A	COLG	TEX	pts	11.5	13.8	13.77 - 13.88	13.94 - 13.67	65%	40%	14,11,11,7,17,19,4,19,13,12	-135	'+105
Tucker Richardson	G	'+675	A	COLG	TEX	ast	5.5	5.8	5.96 - 5.12	5.0 - 6.44	47%	80%	11,12,11,3,9,5,9,4,4,6	'+100	-130
Tucker Richardson	G	'+675	A	COLG	TEX	3ptm	1.5	1.5	1.46 - 1.62	1.62 - 1.39	38%	20%	2,1,0,1,1,2,0,1,1,1	'+170	-230
Tucker Richardson	G	'+675	A	COLG	TEX	reb	6.5	5.2	5.69 - 3.62	4.38 - 5.94	18%	40%	12,6,8,4,4,6,7,4,5,3	-105	-130
Ty Berry	G	-125	H	NU	BOIS	reb	4.5	4.7	5.24 - 3.73	5.27 - 4.43	53%	80%	3,7,5,6,7,3,3,7,2,5	-145	'+110
Ty Berry	G	-125	H	NU	BOIS	pts	7.5	8.5	9.38 - 6.82	8.36 - 8.57	50%	40%	5,12,10,6,2,16,9,5,3,0	-130	-105
Ty Berry	G	-125	H	NU	BOIS	ast	1.5	1.2	1.43 - 0.64	0.73 - 1.38	44%	20%	3,1,0,0,0,3,0,2,0,0	'+170	-230
Ty Berry	G	-125	H	NU	BOIS	3ptm	1.5	1.4	1.67 - 1.0	1.64 - 1.33	41%	20%	1,1,2,1,0,3,1,0,1,0	'+125	-165
Tyger Campbell	G	-2100	H	UCLA	UNCA	ast	4.5	4.6	4.52 - 5.2	4.77 - 4.52	47%	40%	2,6,7,4,4,3,5,5,2,4	-110	-120
Tyger Campbell	G	-2100	H	UCLA	UNCA	reb	2.5	2.6	2.59 - 2.6	2.46 - 2.67	41%	80%	4,3,2,5,3,6,2,2,2,1	-175	'+130
Tyger Campbell	G	-2100	H	UCLA	UNCA	3ptm	1.5	1.5	1.45 - 1.8	1.54 - 1.48	41%	40%	1,4,1,0,2,1,3,1,1,1	-105	-130
Tyger Campbell	G	-2100	H	UCLA	UNCA	pts	16.5	13.6	13.31 - 15.4	13.62 - 13.62	32%	80%	16,28,18,21,18,14,18,7,7,9	-120	-110
Tyrece Radford	G	-150	H	TA&M	PSU	reb	5.5	5.4	5.48 - 5.22	5.54 - 5.33	50%	60%	3,4,8,7,7,7,5,4,3,6	-145	'+110
Tyrece Radford	G	-150	H	TA&M	PSU	pts	13.5	13.2	13.92 - 11.33	14.54 - 12.43	41%	40%	12,16,11,21,13,4,10,12,12,12	-125	-105
Tyrece Radford	G	-150	H	TA&M	PSU	ast	2.5	2.4	2.28 - 2.78	2.15 - 2.57	38%	60%	0,5,2,4,4,4,2,2,2,2	-155	'+115
Tyrece Radford	G	-150	H	TA&M	PSU	3ptm	1.5	1.1	1.28 - 0.78	1.38 - 1.0	32%	40%	0,2,0,1,3,0,1,2,0,0	'+110	-145
Tyrese Hunter	G	-975	H	TEX	COLG	reb	2.5	2.9	3.19 - 2.0	2.5 - 3.14	56%	40%	4,2,3,2,1,0,3,2,1,1	-125	-105
Tyrese Hunter	G	-975	H	TEX	COLG	ast	2.5	2.5	2.5 - 2.5	2.17 - 2.68	47%	40%	1,3,1,3,2,4,1,2,2,0	-110	-120
Tyrese Hunter	G	-975	H	TEX	COLG	3ptm	1.5	1.5	1.27 - 2.12	0.92 - 1.77	41%	60%	0,1,3,3,2,3,3,0,1,1	'+105	-135
Tyrese Hunter	G	-975	H	TEX	COLG	pts	10.5	10.2	9.58 - 12.38	8.58 - 11.14	35%	60%	2,9,11,20,15,13,15,5,9,7	-125	-105
Tyrese Proctor	G	-265	H	DUKE	ORU	pts	10.5	9.3	9.04 - 10.0	8.69 - 9.78	44%	80%	5,15,11,13,12,10,12,8,6,14	'+100	-130
Tyrese Proctor	G	-265	H	DUKE	ORU	3ptm	1.5	1.3	1.38 - 1.12	1.19 - 1.44	41%	40%	1,3,3,0,0,2,4,2,0,2	'+100	-130
Tyrese Proctor	G	-265	H	DUKE	ORU	reb	3.5	3.1	3.08 - 3.38	2.62 - 3.61	35%	0%	2,3,3,2,3,4,4,2,3,4	'+110	-145
Tyrese Proctor	G	-265	H	DUKE	ORU	ast	3.5	3.3	3.46 - 2.62	3.19 - 3.33	32%	40%	3,5,10,3,1,5,3,6,4,4	-110	-120
Tyson Degenhart	F	'+105	A	BOIS	NU	pts	13.5	14.3	14.54 - 13.78	13.71 - 14.79	52%	60%	13,16,14,14,13,13,11,19,20,9	-105	-125
Tyson Degenhart	F	'+105	A	BOIS	NU	ast	1.5	1.8	1.96 - 1.22	2.14 - 1.47	48%	20%	0,1,2,1,1,1,1,0,1,1	'+135	-180
Tyson Degenhart	F	'+105	A	BOIS	NU	reb	5.5	5.4	5.71 - 4.44	5.07 - 5.58	45%	40%	4,8,6,3,3,7,6,6,5,4	'+110	-145
Tyson Degenhart	F	'+105	A	BOIS	NU	3ptm	1.5	1.2	1.08 - 1.33	1.21 - 1.11	30%	40%	1,2,0,1,3,0,1,3,2,1	'+140	-185
Wendell Green Jr	G	-125	A	AUB	IOWA	pts	15.5	14.3	14.95 - 11.25	10.71 - 15.82	45%	20%	11,9,9,23,5,5,24,20,9,18	-105	-125
Wendell Green Jr	G	-125	A	AUB	IOWA	reb	3.5	3.4	3.53 - 3.17	4.14 - 2.76	42%	40%	0,4,2,2,8,4,3,4,7,2	'+120	-160
Wendell Green Jr	G	-125	A	AUB	IOWA	3ptm	1.5	1.3	1.37 - 1.08	0.79 - 1.65	39%	20%	2,1,1,0,0,0,4,1,2,3	'+110	-150
Wendell Green Jr	G	-125	A	AUB	IOWA	ast	4.5	4.3	4.68 - 3.33	4.21 - 4.12	35%	0%	4,2,2,4,1,9,2,6,3,6	-110	-120