EV	EV Book	Game	Player	Prop	O/U	FD	DK	MGM	Bet365	ESPN	PN	Kambi	CZ	AVG	% Over	Splits
32.8	830 FD	KC @ PHI	Patrick Mahomes	pass_td	o 3.5	'+830	-	-	-	-	-	-	420	1.6	0%	1,2,2,1,0,0,2,3,1,3,3,1,1,2,1,3
32.7	730 FD	KC @ PHI	Noah Gray	rec_yd	o 39.5	'+730	-	-	-	-	-	-	380	27.3	25%	37,13,40,29,66,23,0,18,23,66,58,26,21,10,6,1
29.5	710 FD	KC @ PHI	Xavier Worthy	rec_yd	o 99.5	'+710	-	-	-	-	-	-	380	39.9	0%	47,17,17,73,25,19,37,0,11,61,46,54,41,46,65,79
26.1	470 FD	KC @ PHI	Xavier Worthy	rec_yd	o 89.5	'+470	-	-	-	-	-	-	275	39.9	0%	47,17,17,73,25,19,37,0,11,61,46,54,41,46,65,79
24.6	980 FD	KC @ PHI	Xavier Worthy	rec_yd	o 109.5	'+980	-	-	-	-	-	-	500	39.9	0%	47,17,17,73,25,19,37,0,11,61,46,54,41,46,65,79
19.4	154 FD	KC @ PHI	Travis Kelce	rec_yd	o 69.5	'+154	-	-	-	-	-	-	-103	51.4	31%	34,5,30,89,70,17,90,100,64,8,62,68,45,27,30,84
18.8	300 FD	KC @ PHI	Xavier Worthy	rec_yd	o 79.5	'+300	-	-	-	-	-	-	195	39.9	0%	47,17,17,73,25,19,37,0,11,61,46,54,41,46,65,79
17.8	-127 BR	KC @ PHI	Jalen Hurts	pass_cmp	o 17.5	-	-	-	-	-	-	-127/-103	-240	16.5	46%	20,23,29,18,16,10,16,18,14,18,15,11,14,25,1
16.2	470 FD	KC @ PHI	Juju Smith Schuster	rec_yd	o 39.5	'+470	-	-	-	-	-	-	300	21.0	9%	0,17,130,8,6,10,31,7,0,18,4
15.0	360 FD	KC @ PHI	Kareem Hunt	rush+rec	o 79.5	'+360	-	-	-	-	-	-	240	69.5	45%	85,117,83,63,117,100,79,68,28,20,69
13.1	880 FD	KC @ PHI	Dallas Goedert	rec_yd	o 99.5	'+880	-	-	-	-	-	-	500	49.6	10%	31,38,170,62,0,25,61,19,35,55
12.8	235 FD	KC @ PHI	Travis Kelce	rec_yd	o 79.5	'+235	-	-	-	-	-	-	165	51.4	25%	34,5,30,89,70,17,90,100,64,8,62,68,45,27,30,84
12.6	198 FD	KC @ PHI	Xavier Worthy	rec_yd	o 69.5	'+198	-	-	-	-	-	-	140	39.9	12%	47,17,17,73,25,19,37,0,11,61,46,54,41,46,65,79
12.2	390 FD	KC @ PHI	Dallas Goedert	rec_yd	o 79.5	'+390	-	-	-	-	-	-	265	49.6	10%	31,38,170,62,0,25,61,19,35,55
11.8	820 FD	KC @ PHI	Juju Smith Schuster	rec_yd	o 49.5	'+820	-	-	-	-	-	-	480	21.0	9%	0,17,130,8,6,10,31,7,0,18,4
11.5	150 365	KC @ PHI	Jalen Carter	tackles+ast	o 3.5	-	-	-	'+150	-	-	108/-141	-	2.6	37%	3,1,4,1,1,4,0,4,4,7,1,4,3,2,3,0
11.0	360 FD	KC @ PHI	Travis Kelce	rec_yd	o 89.5	'+360	-	-	-	-	-	-	250	51.4	12%	34,5,30,89,70,17,90,100,64,8,62,68,45,27,30,84
10.4	165 365	KC @ PHI	Jalen Hurts	pass_att	o 29.5	-	-	-	'+165	-	-	-	120	24.1	33%	34,30,38,30,25,14,20,24,20,28,22,19,21,32,4
10.3	590 FD	KC @ PHI	Deandre Hopkins	rec_yd	o 39.5	'+590	-	-	-	-	-	-	380	38.1	31%	8,9,73,31,54,-2,29,86,56,29,35,90,32,36,37,7
10.2	570 FD	KC @ PHI	Dallas Goedert	rec_yd	o 89.5	'+570	-	-	-	-	-	-	370	49.6	10%	31,38,170,62,0,25,61,19,35,55
8.5	126 FD	KC @ PHI	Xavier Worthy	rec_yd	o 59.5	'+126	-	-	-	-	-	-	-107	39.9	25%	47,17,17,73,25,19,37,0,11,61,46,54,41,46,65,79
8.5	280 BR	KC @ PHI	Saquon Barkley	rush+rec	o 159.5	-	-	-	-	-	-	280/-420	205	142.7	31%	132,116,156,116,54,187,111,199,78,198,302,117,124,74,150,169
8.4	390 FD	KC @ PHI	Marquise Brown	rec_yd	o 69.5	'+390	-	-	-	-	-	-	275	-	-	-
8.0	163 BR	KC @ PHI	Kareem Hunt	rush+rec	o 59.5	'+145	-	-	-	-	-	163/-220	100	69.5	81%	85,117,83,63,117,100,79,68,28,20,69
7.8	220 FD	KC @ PHI	Kareem Hunt	rush+rec	o 69.5	'+220	-	-	-	-	-	-	165	69.5	54%	85,117,83,63,117,100,79,68,28,20,69
7.5	-121 BR	KC @ PHI	Jalen Hurts	pass_yd	o 199.5	-158	-	-	-	-	-	-121/-108	-185	193.5	53%	278,183,311,158,264,114,236,230,202,221,179,118,108,290,11
7.2	590 FD	KC @ PHI	Marquise Brown	rec_yd	o 79.5	'+590	-	-	-	-	-	-	390	-	-	-
6.6	200 BR	KC @ PHI	Isiah Pacheco	rush+rec	o 39.5	'+160	-	-	-	-	-	200/-278	145	55.6	83%	78,111,49,61,47,25
6.3	-105 FD	KC @ PHI	Samaje Perine	rec_yd	o 7.5	-105/-115	-	-140/+105	-	-	-	-	-	18.9	93%	10,3,15,24,22,30,25,37,8,11,15,16,23,50,20,13
6.3	155 CZ	KC @ PHI	Patrick Mahomes	pass+rush	o 299.5	'+120	-	-	-	-	-	-	155	264.7	20%	294,180,234,257,353,193,279,300,285,256,273,323,224,192,272
6.2	340 FD	KC @ PHI	Jalen Hurts	rush_yd	o 59.5	'+340	-	-	-	-	-	-	250	42.0	13%	33,85,25,20,33,22,37,67,56,39,39,29,59,45,41
5.5	130 365	KC @ PHI	Jalen Hurts	pass_cmp	o 19.5	-	-	-	'+130	-	-	-	102	16.5	26%	20,23,29,18,16,10,16,18,14,18,15,11,14,25,1
5.1	240 FD	KC @ PHI	Marquise Brown	rec_yd	o 59.5	'+240	-	-	-	-	-	-	185	-	-	-
5.0	110 365	KC @ PHI	Reed Blankenship	tackles+ast	o 6.5	-	-	-	'+110/-140	-	-	-114/-114	-	5.2	26%	8,10,2,5,3,4,9,5,4,10,3,4,3,5,3
4.8	260 BR	KC @ PHI	Patrick Mahomes	pass_td	o 2.5	'+240	-	-	-	-	-	260/-375	160	1.6	25%	1,2,2,1,0,0,2,3,1,3,3,1,1,2,1,3
4.7	105 MGM	KC @ PHI	Samaje Perine	rec_yd	u 7.5	-105/-115	-	-140/+105	-	-	-	-	-	18.9	6%	10,3,15,24,22,30,25,37,8,11,15,16,23,50,20,13
4.6	245 FD	KC @ PHI	Dallas Goedert	rec_yd	o 69.5	'+245	-	-	-	-	-	-	190	49.6	10%	31,38,170,62,0,25,61,19,35,55
4.1	-152 BR	KC @ PHI	Saquon Barkley	rush+rec	o 119.5	-	-	-	-	-	-	-152/117	-205	142.7	56%	132,116,156,116,54,187,111,199,78,198,302,117,124,74,150,169
4.0	-110 FD	KC @ PHI	Saquon Barkley	longest_rush	o 23.5	-110/-110	-	-140/+105	-	-	-	-	-	34.5	50%	34,11,65,59,10,55,19,21,11,39,72,25,18,22,68,23
4.0	-110 FD	KC @ PHI	Aj Brown	rec_yd	o 69.5	-110/-110	-	-	-	-	-	-	-140	83.0	61%	119,116,89,84,36,109,65,109,66,43,110,97,36
3.9	158 FD	KC @ PHI	Dallas Goedert	rec_yd	o 59.5	'+158	-	-	-	-	-	-	127	49.6	30%	31,38,170,62,0,25,61,19,35,55
3.9	260 365	KC @ PHI	Aj Brown	rec	o 6.5	'+210	-	-	'+260	-	-	200/-275	220	5.2	15%	5,6,5,5,2,5,5,6,5,4,8,8,3
3.6	920 FD	KC @ PHI	Marquise Brown	rec_yd	o 89.5	'+920	-	-	-	-	-	-	550	-	-	-
3.6	133 BR	KC @ PHI	Drue Tranquill	tackles+ast	o 7.5	-	-	-	'+110/-140	-	-	133/-175	-	5.9	18%	4,7,3,10,5,3,6,7,4,8,4,5,7,5,7,9
3.4	-114 BR	KC @ PHI	Reed Blankenship	tackles+ast	u 6.5	-	-	-	'+110/-140	-	-	-114/-114	-	5.2	73%	8,10,2,5,3,4,9,5,4,10,3,4,3,5,3
3.0	-115 BR	KC @ PHI	Kareem Hunt	rush+rec	o 49.5	-120	-	-	-	-	-	-115/-113	-180	69.5	81%	85,117,83,63,117,100,79,68,28,20,69
2.8	260 CZ	KC @ PHI	Patrick Mahomes	pass+rush	o 324.5	'+205	-	-	-	-	-	-	260	264.7	6%	294,180,234,257,353,193,279,300,285,256,273,323,224,192,272
2.7	120 FD	KC @ PHI	Xavier Worthy	rush+rec	o 69.5	'+120	'+101/-126	-	-	-	-	-	105	46.4	12%	68,22,30,76,30,9,44,5,16,91,56,64
2.6	140 BR	KC @ PHI	Saquon Barkley	rush+rec	o 139.5	-	-	-	-	-	-	140/-182	115	142.7	43%	132,116,156,116,54,187,111,199,78,198,302,117,124,74,150,169
2.6	120 365	KC @ PHI	Isiah Pacheco	rush_att	o 6.5	-	-	'+100/-130	'+120/-150	-	-	-	-	11.9	85%	15,19,7,14,13,9,6
2.5	105 MGM	KC @ PHI	Saquon Barkley	longest_rush	u 23.5	-110/-110	-	-140/+105	-	-	-	-	-	34.5	50%	34,11,65,59,10,55,19,21,11,39,72,25,18,22,68,23
2.5	105 MGM	KC @ PHI	Kenneth Gainwell	rush_yd	u 6.5	-110/-110	-	-140/+105	-	-	-	-	-115/-115	17.1	20%	2,6,9,23,56,19,9,30,43,22,26,20,7,4,14
2.4	-140 365	KC @ PHI	Drue Tranquill	tackles+ast	u 7.5	-	-	-	'+110/-140	-	-	133/-175	-	5.9	81%	4,7,3,10,5,3,6,7,4,8,4,5,7,5,7,9
2.3	540 FD	KC @ PHI	Travis Kelce	rec_yd	o 99.5	'+540	-	-	-	-	-	-	380	51.4	6%	34,5,30,89,70,17,90,100,64,8,62,68,45,27,30,84
1.9	-115 BR	KC @ PHI	Isiah Pacheco	rush_yd	o 20.5	-	-	-	-	-	-133/110	-115/-113	-	44.3	85%	45,90,44,55,32,26,18
1.8	-110 FD	KC @ PHI	Saquon Barkley	rec_yd	o 13.5	-110/-110	-117/-104	-140/+105	-	-	-131/108	-	-	17.4	37%	23,21,9,32,7,11,3,40,12,52,47,10,0,9,0,2
1.8	138 FD	KC @ PHI	Aj Brown	rec_yd	o 79.5	'+138	-	-	-	-	-	-	115	83.0	61%	119,116,89,84,36,109,65,109,66,43,110,97,36
1.6	-117 BR	KC @ PHI	Isiah Pacheco	rush_att	o 5.5	-138/+106	-141/+114	-	-	-	-138/113	-117/-112	-135/105	11.9	100%	15,19,7,14,13,9,6
1.6	165 BR	KC @ PHI	Kareem Hunt	rec	o 1.5	'+142/-188	'+147/-184	'+135/-185	'+140/-170	-	-	165/-220	140/-170	1.8	54%	2,1,2,1,1,7,3,2,1,1,2
1.6	-110 FD	KC @ PHI	Juju Smith Schuster	rec_yd	o 16.5	-110/-110	-	-135/+100	-	-	-	-	-130/100	21.0	36%	0,17,130,8,6,10,31,7,0,18,4
1.6	102 FD	KC @ PHI	Devonta Smith	rec	o 4.5	'+102/-132	-111/-112	-125/-105	-120/-110	-	-	-118/-110	-105/-125	5.2	53%	7,7,7,3,1,6,4,2,4,4,11,6,6
1.5	-132 FD	KC @ PHI	Xavier Worthy	rec_yd	o 49.5	-132	-	-	-	-	-	-159/120	-170	39.9	31%	47,17,17,73,25,19,37,0,11,61,46,54,41,46,65,79
1.4	-104 FD	KC @ PHI	Dallas Goedert	rec_yd	o 49.5	-104	-	-130/-105	-	-	-	-127/-103	-115/-115	49.6	40%	31,38,170,62,0,25,61,19,35,55
1.2	-109 BR	KC @ PHI	Saquon Barkley	rush_att	o 21.5	-128/-102	-122/-102	-130/+100	-130/+100	-	-	-109/-120	-130/100	21.6	56%	24,22,17,10,18,17,22,27,14,26,26,23,20,19,29,31
1.2	-210 FD	KC @ PHI	Saquon Barkley	rush+rec	o 109.5	-210	-	-	-	-	-	-	-275	142.7	81%	132,116,156,116,54,187,111,199,78,198,302,117,124,74,150,169
1.2	-440 FD	KC @ PHI	Patrick Mahomes	pass_yd	o 199.5	-440	-	-	-	-	-	-	-750	245.5	75%	291,151,217,245,331,154,262,291,266,196,269,306,210,159,260,320
1.2	160 BR	KC @ PHI	Marquise Brown	rec_yd	o 49.5	'+152	-	-	-	-	-	160/-210	117	-	-	-
1.0	115 365	KC @ PHI	Xavier Worthy	rush_att	o 1.5	-	-101/-123	'+105/-140	'+115/-145	-	-	-103/-127	-105/-125	1.2	41%	1,1,3,1,1,2,1,1,1,3,3,2
1.0	102 BR	KC @ PHI	Samaje Perine	longest_rec	o 7.5	-	-115/-115	-	-	-	-	102/-134	-	15.4	93%	10,3,8,15,22,21,11,35,11,13,10,16,23,36,14,13
1.0	150 MGM	KC @ PHI	Patrick Mahomes	pass_td	u 1.5	-154/+126	-168/+137	-200/+150	-	-	-	-159/123	-170/140	1.6	50%	1,2,2,1,0,0,2,3,1,3,3,1,1,2,1,3
1.0	550 FD	KC @ PHI	Kareem Hunt	rush+rec	o 89.5	'+550	-	-	-	-	-	-	390	69.5	27%	85,117,83,63,117,100,79,68,28,20,69
0.9	-140 FD	KC @ PHI	Travis Kelce	rec	o 5.5	-140	-	-	-180	-	-	-165/125	-180	6.1	50%	3,1,4,7,9,4,10,14,8,2,6,7,5,4,5,8
0.8	-122 FD	KC @ PHI	Xavier Worthy	rush_yd	o 5.5	-122/+100	-	-145/+110	-	-	-	-	-	6.5	50%	21,5,13,3,5,-10,7,5,5,30,10,10
0.7	-130 MGM	KC @ PHI	Isiah Pacheco	rush_att	u 6.5	-	-	'+100/-130	'+120/-150	-	-	-	-	11.9	14%	15,19,7,14,13,9,6
0.6	-102 FD	KC @ PHI	Travis Kelce	longest_rec	o 19.5	-102/-128	-115/-115	-120/-110	-	-	-	-125/-105	-115/-115	18.1	56%	23,5,17,38,21,7,25,20,22,6,27,24,13,8,14,20
0.5	-230 FD	KC @ PHI	Xavier Worthy	rec_yd	o 39.5	-230	-	-	-	-	-	-	-300	39.9	56%	47,17,17,73,25,19,37,0,11,61,46,54,41,46,65,79
0.5	125 365	KC @ PHI	Aj Brown	rec	o 5.5	'+116	'+111/-138	-	'+125	-	-	104/-136	111	5.2	30%	5,6,5,5,2,5,5,6,5,4,8,8,3
0.4	-168 FD	KC @ PHI	Aj Brown	rec_yd	o 59.5	-168	-	-	-	-	-	-	-207	83.0	76%	119,116,89,84,36,109,65,109,66,43,110,97,36
0.3	-115 DK	KC @ PHI	Samaje Perine	longest_rec	u 7.5	-	-115/-115	-	-	-	-	102/-134	-	15.4	6%	10,3,8,15,22,21,11,35,11,13,10,16,23,36,14,13
0.3	215 BR	KC @ PHI	Jalen Hurts	rush_yd	o 49.5	'+205	-	-	-	-	-	215/-305	150	42.0	26%	33,85,25,20,33,22,37,67,56,39,39,29,59,45,41
0.3	-110 FD	KC @ PHI	Isiah Pacheco	rush+rec	u 30.5	-110/-110	'+100/-124	-	-	-	-	-	-	55.6	16%	78,111,49,61,47,25
0.2	100 CZ	KC @ PHI	Juju Smith Schuster	longest_rec	u 11.5	-108/-120	-	-120/-110	-	-	-	-	-130/100	12.5	63%	0,13,50,8,6,10,26,7,0,13,4
0.2	-108 FD	KC @ PHI	Juju Smith Schuster	longest_rec	o 11.5	-108/-120	-	-120/-110	-	-	-	-	-130/100	12.5	36%	0,13,50,8,6,10,26,7,0,13,4
0.2	150 BR	KC @ PHI	Aj Brown	rec	u 4.5	-168/+128	-	-165/+130	-160/+130	-	-	-200/150	-170/140	5.2	23%	5,6,5,5,2,5,5,6,5,4,8,8,3
0.1	-105 FD	KC @ PHI	Travis Kelce	rec_yd	o 59.5	-105	-	-	-	-	-	-113/-115	-150	51.4	50%	34,5,30,89,70,17,90,100,64,8,62,68,45,27,30,84
0.0	100 CZ	KC @ PHI	Patrick Mahomes	longest_pass	o 35.5	-	-	-115/-115	-	-	-	-	100/-130	-	-	-
-0.0	124 FD	KC @ PHI	Jalen Hurts	pass_yd	o 224.5	'+124	-	-	-	-	-	-	107	193.5	40%	278,183,311,158,264,114,236,230,202,221,179,118,108,290,11
-0.0	100 DK	KC @ PHI	Isiah Pacheco	rush+rec	o 30.5	-110/-110	'+100/-124	-	-	-	-	-	-	55.6	83%	78,111,49,61,47,25
0.0	-176 FD	KC @ PHI	Dallas Goedert	rec_yd	o 39.5	-176	-	-	-	-	-	-	-215	49.6	40%	31,38,170,62,0,25,61,19,35,55
-0.0	-132 FD	KC @ PHI	Patrick Mahomes	pass_cmp	o 23.5	-132/+102	-	-	-	-	-134/111	-	-220	24.5	62%	20,18,26,19,28,16,27,34,28,23,27,26,24,19,28,29
-0.1	-440 FD	KC @ PHI	Saquon Barkley	rush+rec	o 89.5	-440	-	-	-	-	-	-	-675	142.7	81%	132,116,156,116,54,187,111,199,78,198,302,117,124,74,150,169
-0.1	102 BR	KC @ PHI	Patrick Mahomes	pass_cmp	o 24.5	-	-102/-122	-110/-118	-115/-115	-	-	102/-132	-120/-110	24.5	56%	20,18,26,19,28,16,27,34,28,23,27,26,24,19,28,29
-0.2	109 DK	KC @ PHI	Marquise Brown	rec	u 3.5	-122/-106	-135/+109	-130/+100	-125/-105	-	-	-121/-108	-125/-105	-	-	-
-0.3	110 MGM	KC @ PHI	Xavier Worthy	rush_yd	u 5.5	-122/+100	-	-145/+110	-	-	-	-	-	6.5	50%	21,5,13,3,5,-10,7,5,5,30,10,10
-0.3	-110 FD	KC @ PHI	Kenneth Gainwell	rush_yd	o 6.5	-110/-110	-	-140/+105	-	-	-	-	-115/-115	17.1	80%	2,6,9,23,56,19,9,30,43,22,26,20,7,4,14
-0.4	-105 CZ	KC @ PHI	Jalen Hurts	longest_pass	o 34.5	-	-	-120/-110	-	-	-	-	-105/-125	-	-	-
-0.5	-320 FD	KC @ PHI	Travis Kelce	rec_yd	o 39.5	-320	-	-	-	-	-	-	-430	51.4	56%	34,5,30,89,70,17,90,100,64,8,62,68,45,27,30,84
-0.5	-135 365	KC @ PHI	Travis Kelce	rec	u 6.5	'+122/-160	'+122/-152	'+120/-160	'+105/-135	-	-	115/-150	120/-150	6.1	56%	3,1,4,7,9,4,10,14,8,2,6,7,5,4,5,8
-0.5	-162 FD	KC @ PHI	Saquon Barkley	rush_yd	o 99.5	-162	-	-	-	-	-	-182/140	-220	125.3	68%	109,95,147,84,47,176,108,159,66,146,255,107,124,65,150,167
-0.5	420 FD	KC @ PHI	Patrick Mahomes	rush_yd	o 49.5	'+420	-	-	-	-	-	-	320	19.2	6%	3,29,17,12,22,39,17,9,19,60,4,17,14,33,12
-0.5	100 MGM	KC @ PHI	Jalen Hurts	rush_yd	u 36.5	-110/-110	-	-130/+100	-	-	-	-117/-112	-	42.0	40%	33,85,25,20,33,22,37,67,56,39,39,29,59,45,41
-0.6	-110 FD	KC @ PHI	Marquise Brown	rec_yd	o 39.5	-110	-	-135/+100	-	-	-	-113/-115	-140	-	-	-
-0.6	148 DK	KC @ PHI	Grant Calcaterra	rec_yd	o 0.5	-	'+148/-183	-	-	-	134/-164	-	-	21.3	84%	11,19,26,67,5,58,30,0,0,16,22,34,10
-0.7	-440 FD	KC @ PHI	Xavier Worthy	rec	o 3.5	-440	-	-	-600	-	-	-	-700	3.7	50%	2,2,2,3,3,3,4,0,1,4,4,5,5,6,7,8
-0.7	108 BR	KC @ PHI	Justin Reid	tackles+ast	u 5.5	-	-	-	-125/-105	-	-	-141/108	-	5.4	56%	9,7,5,1,4,9,4,4,7,6,6,6,4,5,5,5
-0.7	-110 MGM	KC @ PHI	Jalen Hurts	longest_pass	u 34.5	-	-	-120/-110	-	-	-	-	-105/-125	-	-	-
-0.8	-230 FD	KC @ PHI	Patrick Mahomes	pass_yd	o 224.5	-230	-	-	-	-	-	-	-285	245.5	62%	291,151,217,245,331,154,262,291,266,196,269,306,210,159,260,320
-0.8	-154 FD	KC @ PHI	Patrick Mahomes	pass_td	o 1.5	-154/+126	-168/+137	-200/+150	-	-	-	-159/123	-170/140	1.6	50%	1,2,2,1,0,0,2,3,1,3,3,1,1,2,1,3
-0.8	-115 MGM	KC @ PHI	Patrick Mahomes	longest_pass	u 35.5	-	-	-115/-115	-	-	-	-	100/-130	-	-	-
-0.8	133 BR	KC @ PHI	Isiah Pacheco	rush_yd	o 24.5	'+116	-	-	-	-	-	133/-175	-	44.3	85%	45,90,44,55,32,26,18
-0.9	100 DK	KC @ PHI	Devonta Smith	longest_rec	u 20.5	-110/-118	-130/+100	-110/-118	-	-	-	-121/-108	-125/-105	26.2	30%	25,19,21,45,-2,45,46,9,21,27,22,13,49
-0.9	100 MGM	KC @ PHI	Deandre Hopkins	rec_yd	u 12.5	-110/-110	-114/-107	-130/+100	-	-	-	-	-	38.1	25%	8,9,73,31,54,-2,29,86,56,29,35,90,32,36,37,7
-0.9	-110 FD	KC @ PHI	Deandre Hopkins	rec_yd	o 12.5	-110/-110	-114/-107	-130/+100	-	-	-	-	-	38.1	75%	8,9,73,31,54,-2,29,86,56,29,35,90,32,36,37,7
-0.9	-114 FD	KC @ PHI	Dallas Goedert	rec	o 4.5	-114/-114	-123/-101	-130/+100	-125/-105	-	-	-136/104	-125/-105	4.2	30%	4,3,10,7,0,2,5,4,3,4
-1.0	-121 BR	KC @ PHI	Patrick Mahomes	rush_att	o 5.5	-128/-102	-142/+114	-140/+105	-130/+100	-	-136/112	-121/-108	-135/105	3.6	20%	2,4,6,5,6,5,6,2,3,5,2,4,2,5,1
-1.0	130 365	KC @ PHI	Quinyon Mitchell	tackles+ast	o 3.5	-	-	-	'+130/-160	-	-	115/-150	-	2.9	31%	5,3,4,6,3,3,2,2,2,1,5,1,3,1,0,5
-1.0	325 CZ	KC @ PHI	Kareem Hunt	rush_yd	o 59.5	'+260	-	-	-	-	-	-	325	56.0	46%	69,102,78,59,106,35,60,68,15,16,45,55,20
-1.0	-122 FD	KC @ PHI	Isiah Pacheco	longest_rush	u 8.5	'+100/-122	'+105/-135	'+100/-135	-	-	-	112/-143	-	12.0	42%	5,11,34,9,9,8,8
-1.0	-105 MGM	KC @ PHI	Devonta Smith	rec	u 4.5	'+102/-132	-111/-112	-125/-105	-120/-110	-	-	-118/-110	-105/-125	5.2	46%	7,7,7,3,1,6,4,2,4,4,11,6,6
-1.0	-250 FD	KC @ PHI	Dallas Goedert	rec	o 3.5	-250	-	-	-280	-	-	-305/220	-340	4.2	60%	4,3,10,7,0,2,5,4,3,4
-1.0	114 DK	KC @ PHI	Patrick Mahomes	rush_att	u 5.5	-128/-102	-142/+114	-140/+105	-130/+100	-	-136/112	-121/-108	-135/105	3.6	80%	2,4,6,5,6,5,6,2,3,5,2,4,2,5,1
-1.1	-172 FD	KC @ PHI	Travis Kelce	rec_yd	o 49.5	-172	-	-	-	-	-	-190/145	-245	51.4	50%	34,5,30,89,70,17,90,100,64,8,62,68,45,27,30,84
-1.1	100 MGM	KC @ PHI	Marquise Brown	rec_yd	u 39.5	-110	-	-135/+100	-	-	-	-113/-115	-140	-	-	-
-1.1	-210 FD	KC @ PHI	Kareem Hunt	rush+rec	o 39.5	-210	-	-	-	-	-	-245/180	-285	69.5	81%	85,117,83,63,117,100,79,68,28,20,69
-1.1	-115 FD	KC @ PHI	Jahan Dotson	rec_yd	u 3.5	-105/-115	-	-	-	-	103/-124	-	-	15.4	21%	0,6,8,11,10,0,36,27,8,4,7,5,0,94
-1.1	-112 BR	KC @ PHI	Aj Brown	rec_yd	o 70.5	-	-	-	-	-	-121/-100	-112/-117	-	83.0	61%	119,116,89,84,36,109,65,109,66,43,110,97,36
-1.2	-280 FD	KC @ PHI	Travis Kelce	rec	o 4.5	-280	-	-	-	-	-	-335/240	-410	6.1	62%	3,1,4,7,9,4,10,14,8,2,6,7,5,4,5,8
-1.2	-650 FD	KC @ PHI	Saquon Barkley	rush+rec	o 79.5	-650	-	-	-	-	-	-	-1100	142.7	81%	132,116,156,116,54,187,111,199,78,198,302,117,124,74,150,169
-1.2	-106 DK	KC @ PHI	Noah Gray	rec_yd	o 12.5	-110/-110	-106/-116	-130/-105	-	-	-	-	-115/-115	27.3	75%	37,13,40,29,66,23,0,18,23,66,58,26,21,10,6,1
-1.2	-125 365	KC @ PHI	Justin Reid	tackles+ast	o 5.5	-	-	-	-125/-105	-	-	-141/108	-	5.4	43%	9,7,5,1,4,9,4,4,7,6,6,6,4,5,5,5
-1.2	-130 CZ	KC @ PHI	Juju Smith Schuster	rec	o 1.5	-146/+112	-142/+114	-155/+115	-140/+110	-	-	-148/112	-130/100	1.6	36%	0,2,7,1,1,1,2,1,0,2,1
-1.2	-110 FD	KC @ PHI	Jalen Hurts	rush_yd	o 36.5	-110/-110	-	-130/+100	-	-	-	-117/-112	-	42.0	60%	33,85,25,20,33,22,37,67,56,39,39,29,59,45,41
-1.2	180 FD	KC @ PHI	Jalen Hurts	pass_td	o 1.5	'+180/-225	'+162/-202	'+155/-210	-	-	-	165/-220	155/-190	1.2	40%	2,1,0,1,2,1,1,2,2,0,1,1,2,2,0
-1.2	114 DK	KC @ PHI	Isiah Pacheco	rush_att	u 5.5	-138/+106	-141/+114	-	-	-	-138/113	-117/-112	-135/105	11.9	0%	15,19,7,14,13,9,6
-1.3	-115 365	KC @ PHI	Xavier Worthy	rec	u 5.5	'+100/-130	-104/-120	'+100/-135	-115/-115	-	-	102/-132	-105/-125	3.7	81%	2,2,2,3,3,3,4,0,1,4,4,5,5,6,7,8
-1.4	-132 BR	KC @ PHI	Jalen Hurts	rush_att	u 9.5	-	'+109/-135	'+105/-140	'+120/-150	-	124/-150	102/-132	120/-150	10.0	46%	13,13,8,8,14,7,10,13,7,10,12,9,8,15,3
-1.5	225 FD	KC @ PHI	Patrick Mahomes	rush_yd	o 39.5	'+225	-	-	-	-	-	-	190	19.2	6%	3,29,17,12,22,39,17,9,19,60,4,17,14,33,12
-1.5	225 FD	KC @ PHI	Jalen Hurts	pass_yd	o 249.5	'+225	-	-	-	-	-	-	190	193.5	26%	278,183,311,158,264,114,236,230,202,221,179,118,108,290,11
-1.5	-112 DK	KC @ PHI	Aj Brown	rec_yd	o 71.5	-	-112/-109	-	-	-	-	-	-125/-105	83.0	61%	119,116,89,84,36,109,65,109,66,43,110,97,36
-1.5	105 MGM	KC @ PHI	Saquon Barkley	rec_yd	u 13.5	-110/-110	-117/-104	-140/+105	-	-	-131/108	-	-	17.4	62%	23,21,9,32,7,11,3,40,12,52,47,10,0,9,0,2
-1.6	-105 BR	KC @ PHI	Travis Kelce	longest_rec	u 19.5	-102/-128	-115/-115	-120/-110	-	-	-	-125/-105	-115/-115	18.1	43%	23,5,17,38,21,7,25,20,22,6,27,24,13,8,14,20
-1.6	-110 CZ	KC @ PHI	Patrick Mahomes	pass_cmp	u 24.5	-	-102/-122	-110/-118	-115/-115	-	-	102/-132	-120/-110	24.5	43%	20,18,26,19,28,16,27,34,28,23,27,26,24,19,28,29
-1.6	-105 MGM	KC @ PHI	Noah Gray	rec_yd	u 12.5	-110/-110	-106/-116	-130/-105	-	-	-	-	-115/-115	27.3	25%	37,13,40,29,66,23,0,18,23,66,58,26,21,10,6,1
-1.7	-115 FD	KC @ PHI	Kareem Hunt	longest_rush	o 10.5	-115/-105	-125/-105	-130/+100	-	-	-	-	-	10.9	46%	10,8,13,7,15,10,17,13,4,7,12,20,6
-1.7	148 FD	KC @ PHI	Jalen Hurts	pass+rush	o 274.5	'+148	-	-	-	-	-	-	130	235.5	33%	311,268,336,178,297,136,273,297,258,260,218,147,167,335,52
-1.7	-200 365	KC @ PHI	Isiah Pacheco	rec	u 1.5	'+175/-235	'+183/-233	'+155/-210	'+160/-200	-	-	-	185/-230	1.7	50%	2,5,1,2,1,1
-1.7	112 BR	KC @ PHI	Isiah Pacheco	longest_rush	o 8.5	'+100/-122	'+105/-135	'+100/-135	-	-	-	112/-143	-	12.0	57%	5,11,34,9,9,8,8
-1.8	-110 FD	KC @ PHI	Saquon Barkley	rush_yd	o 109.5	-110/-110	-	-	-	-	-	-	-123	125.3	50%	109,95,147,84,47,176,108,159,66,146,255,107,124,65,150,167
-1.8	-190 CZ	KC @ PHI	Jalen Hurts	pass_td	u 1.5	'+180/-225	'+162/-202	'+155/-210	-	-	-	165/-220	155/-190	1.2	60%	2,1,0,1,2,1,1,2,2,0,1,1,2,2,0
-1.8	-235 FD	KC @ PHI	Devonta Smith	rec	o 3.5	-235	-	-	-280	-	-	-275/200	-285	5.2	76%	7,7,7,3,1,6,4,2,4,4,11,6,6
-1.8	-110 MGM	KC @ PHI	Devonta Smith	longest_rec	o 20.5	-110/-118	-130/+100	-110/-118	-	-	-	-121/-108	-125/-105	26.2	69%	25,19,21,45,-2,45,46,9,21,27,22,13,49
-1.9	-300 FD	KC @ PHI	Saquon Barkley	rush+rec	o 99.5	-300	-	-	-	-	-	-375/250	-400	142.7	81%	132,116,156,116,54,187,111,199,78,198,302,117,124,74,150,169
-1.9	176 FD	KC @ PHI	Juju Smith Schuster	rec_yd	o 24.5	'+176	-	-	-	-	-	155/-205	-	21.0	18%	0,17,130,8,6,10,31,7,0,18,4
-1.9	-290 FD	KC @ PHI	Jalen Hurts	rush_yd	o 24.5	-290	-	-	-	-	-	-360/245	-	42.0	86%	33,85,25,20,33,22,37,67,56,39,39,29,59,45,41
-1.9	-260 FD	KC @ PHI	Aj Brown	rec_yd	o 49.5	-260	-	-	-	-	-	-305/220	-330	83.0	76%	119,116,89,84,36,109,65,109,66,43,110,97,36
-2.0	-650 FD	KC @ PHI	Saquon Barkley	rush_yd	o 69.5	-650	-	-	-	-	-	-	-1000	125.3	81%	109,95,147,84,47,176,108,159,66,146,255,107,124,65,150,167
-2.0	-110 MGM	KC @ PHI	Jalen Hurts	longest_rush	u 12.5	-	-	-118/-110	-	-	-	-108/-121	-	16.8	46%	8,23,21,7,9,16,12,21,24,9,11,11,35,23,22
-2.0	-600 FD	KC @ PHI	Devonta Smith	rec	o 2.5	-600	-	-	-800	-	-	-	-1000	5.2	84%	7,7,7,3,1,6,4,2,4,4,11,6,6
-2.1	125 365	KC @ PHI	Trent Mcduffie	tackles+ast	o 4.5	-	-	-	'+125/-155	-	-	112/-148	-	3.7	25%	4,4,1,6,5,2,4,2,6,1,4,4,3,4,5,4
-2.1	-170 365	KC @ PHI	Kareem Hunt	rec	u 1.5	'+142/-188	'+147/-184	'+135/-185	'+140/-170	-	-	165/-220	140/-170	1.8	45%	2,1,2,1,1,7,3,2,1,1,2
-2.1	-108 BR	KC @ PHI	Jalen Hurts	longest_rush	o 12.5	-	-	-118/-110	-	-	-	-108/-121	-	16.8	53%	8,23,21,7,9,16,12,21,24,9,11,11,35,23,22
-2.1	104 BR	KC @ PHI	Dallas Goedert	rec	u 4.5	-114/-114	-123/-101	-130/+100	-125/-105	-	-	-136/104	-125/-105	4.2	70%	4,3,10,7,0,2,5,4,3,4
-2.2	-105 DK	KC @ PHI	Saquon Barkley	longest_rec	u 9.5	-	-125/-105	-118/-110	-	-	-	-114/-114	-110/-120	12.6	50%	18,10,3,27,7,10,3,20,12,43,31,5,0,5,0,7
-2.2	-105 CZ	KC @ PHI	Samaje Perine	longest_rec	u 6.5	-113/-115	-	-115/-115	-	-	-	-	-125/-105	15.4	6%	10,3,8,15,22,21,11,35,11,13,10,16,23,36,14,13
-2.2	-245 FD	KC @ PHI	Isiah Pacheco	rec	o 0.5	-245	-	-	-280	-	-	-	-300	1.7	100%	2,5,1,2,1,1
-2.2	-106 DK	KC @ PHI	Jalen Hurts	pass_cmp	u 18.5	-113/-115	-117/-106	-118/-110	-115/-115	-	-105/-115	-	-110/-120	16.5	73%	20,23,29,18,16,10,16,18,14,18,15,11,14,25,1
-2.3	-115 BR	KC @ PHI	Isiah Pacheco	rec_yd	o 4.5	-115/-105	-121/-101	-	-	-	-132/109	-115/-112	-120/-110	11.3	83%	33,21,5,6,15,-1
-2.3	-360 FD	KC @ PHI	Xavier Worthy	rush+rec	o 39.5	-360	-	-	-	-	-	-	-450	46.4	37%	68,22,30,76,30,9,44,5,16,91,56,64
-2.3	-150 BR	KC @ PHI	Quinyon Mitchell	tackles+ast	u 3.5	-	-	-	'+130/-160	-	-	115/-150	-	2.9	68%	5,3,4,6,3,3,2,2,2,1,5,1,3,1,0,5
-2.3	-310 FD	KC @ PHI	Kareem Hunt	rec	o 0.5	-310	-	-	-350	-	-	-	-410	1.8	100%	2,1,2,1,1,7,3,2,1,1,2
-2.3	-108 DK	KC @ PHI	Juju Smith Schuster	rec_yd	u 17.5	-	-113/-108	-	-	-	-	-110/-117	-	21.0	72%	0,17,130,8,6,10,31,7,0,18,4
-2.3	-114 BR	KC @ PHI	Juju Smith Schuster	longest_rec	o 10.5	-	-125/-105	-	-	-	-	-114/-114	-	12.5	36%	0,13,50,8,6,10,26,7,0,13,4
-2.3	-160 365	KC @ PHI	Aj Brown	rec	o 4.5	-168/+128	-	-165/+130	-160/+130	-	-	-200/150	-170/140	5.2	76%	5,6,5,5,2,5,5,6,5,4,8,8,3
-2.4	-375 FD	KC @ PHI	Saquon Barkley	rush_yd	o 79.5	-375	-	-	-	-	-	-	-470	125.3	81%	109,95,147,84,47,176,108,159,66,146,255,107,124,65,150,167
-2.4	160 365	KC @ PHI	Saquon Barkley	rec	o 2.5	'+146	'+144/-180	-	'+160	-	-	150/-195	135	2.1	25%	2,4,4,2,2,2,1,3,1,2,4,2,0,2,0,2
-2.4	-105 DK	KC @ PHI	Juju Smith Schuster	longest_rec	u 10.5	-	-125/-105	-	-	-	-	-114/-114	-	12.5	63%	0,13,50,8,6,10,26,7,0,13,4
-2.5	-108 FD	KC @ PHI	Jalen Hurts	pass_att	o 27.5	-108/-120	-116/-107	-115/-118	-110/-120	-	-122/101	-122/-107	-115/-115	24.1	40%	34,30,38,30,25,14,20,24,20,28,22,19,21,32,4
-2.5	-123 DK	KC @ PHI	Xavier Worthy	rush_att	u 1.5	-	-101/-123	'+105/-140	'+115/-145	-	-	-103/-127	-105/-125	1.2	58%	1,1,3,1,1,2,1,1,1,3,3,2
-2.5	-280 365	KC @ PHI	Samaje Perine	rec	o 0.5	-310	-	-	-280	-	-	-	-360	1.6	100%	1,1,3,1,1,2,4,2,2,2,1,1,1,3,2,1
-2.5	-122 FD	KC @ PHI	Patrick Mahomes	pass_yd	o 249.5	-122	-	-	-	-	-	-	-135	245.5	56%	291,151,217,245,331,154,262,291,266,196,269,306,210,159,260,320
-2.5	-107 BR	KC @ PHI	Marquise Brown	longest_rec	u 18.5	-108/-120	-120/-110	-110/-120	-	-	-	-122/-107	-	-	-	-
-2.5	110 FD	KC @ PHI	Jalen Hurts	rush_yd	o 39.5	'+110	-	-	-	-	-	-	100	42.0	40%	33,85,25,20,33,22,37,67,56,39,39,29,59,45,41
-2.5	-108 BR	KC @ PHI	Deandre Hopkins	longest_rec	o 9.5	-118/-110	-	-115/-115	-	-	-	-108/-121	-120/-110	16.5	75%	8,9,20,16,23,6,16,35,31,13,12,34,10,12,15,4
-2.6	-110 DK	KC @ PHI	Patrick Mahomes	rush_yd	o 29.5	-	-110/-111	-	-	-	-	-	-120/-110	19.2	20%	3,29,17,12,22,39,17,9,19,60,4,17,14,33,12
-2.6	-103 BR	KC @ PHI	Dallas Goedert	rec_yd	u 49.5	-104	-	-130/-105	-	-	-	-127/-103	-115/-115	49.6	60%	31,38,170,62,0,25,61,19,35,55
-2.6	-105 MGM	KC @ PHI	Dallas Goedert	longest_rec	u 18.5	-110/-118	-	-125/-105	-	-	-	-114/-114	-120/-110	20.3	70%	21,16,61,18,0,14,32,7,17,17
-2.6	105 MGM	KC @ PHI	Patrick Mahomes	pass_att	o 36.5	'+102/-132	'+100/-124	'+105/-140	-110/-120	-	-101/-120	-103/-127	-105/-125	36.3	68%	28,25,39,29,39,27,38,44,42,33,37,46,37,38,41,38
-2.7	-108 FD	KC @ PHI	Marquise Brown	longest_rec	o 18.5	-108/-120	-120/-110	-110/-120	-	-	-	-122/-107	-	-	-	-
-2.7	-115 MGM	KC @ PHI	Jalen Hurts	pass_yd	o 210.5	-	-	-115/-115	-	-	-120/-101	-	-	193.5	46%	278,183,311,158,264,114,236,230,202,221,179,118,108,290,11
-2.7	-110 FD	KC @ PHI	Kareem Hunt	rec_yd	o 6.5	-110/-110	-113/-108	-118/-110	-	-	-112/-108	-	-125/-105	13.5	63%	16,15,5,4,11,65,19,0,13,4,24
-2.8	-110 CZ	KC @ PHI	Saquon Barkley	longest_rec	o 9.5	-	-125/-105	-118/-110	-	-	-	-114/-114	-110/-120	12.6	50%	18,10,3,27,7,10,3,20,12,43,31,5,0,5,0,7
-2.8	-400 FD	KC @ PHI	Deandre Hopkins	rec	o 0.5	-400	-	-	-450	-	-	-	-550	3.5	100%	1,1,6,2,4,1,2,8,4,3,5,4,4,5,4,2
-2.8	-110 FD	KC @ PHI	Dallas Goedert	longest_rec	o 18.5	-110/-118	-	-125/-105	-	-	-	-114/-114	-120/-110	20.3	30%	21,16,61,18,0,14,32,7,17,17
-2.8	-105 CZ	KC @ PHI	Xavier Worthy	rush_yd	u 6.5	-	-112/-109	-	-	-	-111/-109	-	-125/-105	6.5	50%	21,5,13,3,5,-10,7,5,5,30,10,10
-2.8	120 365	KC @ PHI	Jalen Hurts	rush_att	o 9.5	-	'+109/-135	'+105/-140	'+120/-150	-	124/-150	102/-132	120/-150	10.0	53%	13,13,8,8,14,7,10,13,7,10,12,9,8,15,3
-2.9	-132 DK	KC @ PHI	Deandre Hopkins	rec	u 1.5	'+116/-152	'+107/-132	'+105/-140	'+105/-135	-	-	112/-148	110/-140	3.5	18%	1,1,6,2,4,1,2,8,4,3,5,4,4,5,4,2
-3.0	-110 FD	KC @ PHI	Xavier Worthy	rec_yd	u 54.5	-110/-110	-	-110/-118	-	-	-	-	-	39.9	75%	47,17,17,73,25,19,37,0,11,61,46,54,41,46,65,79
-3.0	111 DK	KC @ PHI	Jahan Dotson	rec	u 0.5	-132/+102	-138/+111	-135/+105	-130/+100	-	-	-	-135/105	1.4	21%	0,1,2,2,1,0,1,1,1,1,1,1,0,7
-3.0	-120 365	KC @ PHI	Patrick Mahomes	pass_att	u 36.5	'+102/-132	'+100/-124	'+105/-140	-110/-120	-	-101/-120	-103/-127	-105/-125	36.3	31%	28,25,39,29,39,27,38,44,42,33,37,46,37,38,41,38
-3.1	-1100 FD	KC @ PHI	Saquon Barkley	rush+rec	o 69.5	-1100	-	-	-	-	-	-	-1900	142.7	93%	132,116,156,116,54,187,111,199,78,198,302,117,124,74,150,169
-3.1	-184 DK	KC @ PHI	Samaje Perine	rec	u 1.5	'+148/-196	'+147/-184	'+150/-200	'+160/-200	-	-	145/-195	165/-200	1.6	50%	1,1,3,1,1,2,4,2,2,2,1,1,1,3,2,1
-3.1	-124 FD	KC @ PHI	Devonta Smith	rec_yd	o 49.5	-124	-	-	-	-	-	-129/100	-145	64.1	69%	84,76,79,64,-2,85,87,14,29,37,109,51,120
-3.1	-105 CZ	KC @ PHI	Aj Brown	rec_yd	u 71.5	-	-112/-109	-	-	-	-	-	-125/-105	83.0	38%	119,116,89,84,36,109,65,109,66,43,110,97,36
-3.1	-430 FD	KC @ PHI	Aj Brown	rec_yd	o 39.5	-430	-	-	-	-	-	-	-530	83.0	84%	119,116,89,84,36,109,65,109,66,43,110,97,36
-3.1	-115 CZ	KC @ PHI	Saquon Barkley	rush_yd	u 112.5	-	-	-	-	-	-102/-119	-	-115/-115	125.3	50%	109,95,147,84,47,176,108,159,66,146,255,107,124,65,150,167
-3.2	-148 BR	KC @ PHI	Trent Mcduffie	tackles+ast	u 4.5	-	-	-	'+125/-155	-	-	112/-148	-	3.7	75%	4,4,1,6,5,2,4,2,6,1,4,4,3,4,5,4
-3.2	-250 FD	KC @ PHI	Saquon Barkley	rush_yd	o 89.5	-250	-	-	-	-	-	-	-285	125.3	75%	109,95,147,84,47,176,108,159,66,146,255,107,124,65,150,167
-3.2	165 CZ	KC @ PHI	Samaje Perine	rec	o 1.5	'+148/-196	'+147/-184	'+150/-200	'+160/-200	-	-	145/-195	165/-200	1.6	50%	1,1,3,1,1,2,4,2,2,2,1,1,1,3,2,1
-3.2	120 365	KC @ PHI	Patrick Mahomes	int	o 0.5	-	'+114/-142	'+105/-140	'+120/-150	-	-	108/-141	120/-150	0.7	50%	1,2,1,1,1,2,1,0,0,2,0,0,0,0,0,0
-3.2	165 CZ	KC @ PHI	Kareem Hunt	rush_yd	o 49.5	'+152	-	-	-	-	-	148/-195	165	56.0	61%	69,102,78,59,106,35,60,68,15,16,45,55,20
-3.2	-125 DK	KC @ PHI	Kareem Hunt	rush_att	u 11.5	'+102/-132	'+101/-125	-	-	-	-	-	105/-135	15.4	30%	14,27,22,21,27,14,14,16,7,5,13,11,9
-3.2	100 MGM	KC @ PHI	Juju Smith Schuster	rec_yd	u 16.5	-110/-110	-	-135/+100	-	-	-	-	-130/100	21.0	63%	0,17,130,8,6,10,31,7,0,18,4
-3.2	116 FD	KC @ PHI	Deandre Hopkins	rec	o 1.5	'+116/-152	'+107/-132	'+105/-140	'+105/-135	-	-	112/-148	110/-140	3.5	81%	1,1,6,2,4,1,2,8,4,3,5,4,4,5,4,2
-3.2	-112 DK	KC @ PHI	Xavier Worthy	rush_yd	o 6.5	-	-112/-109	-	-	-	-111/-109	-	-125/-105	6.5	50%	21,5,13,3,5,-10,7,5,5,30,10,10
-3.3	-670 FD	KC @ PHI	Travis Kelce	rec	o 3.5	-670	-	-	-900	-	-	-	-	6.1	81%	3,1,4,7,9,4,10,14,8,2,6,7,5,4,5,8
-3.3	126 FD	KC @ PHI	Devonta Smith	rec_yd	o 59.5	'+126	-	-	-	-	-	-	115	64.1	61%	84,76,79,64,-2,85,87,14,29,37,109,51,120
-3.3	1200 FD	KC @ PHI	Dallas Goedert	rec_yd	o 109.5	'+1200	-	-	-	-	-	-	675	49.6	10%	31,38,170,62,0,25,61,19,35,55
-3.3	-105 CZ	KC @ PHI	Kareem Hunt	rec_yd	u 6.5	-110/-110	-113/-108	-118/-110	-	-	-112/-108	-	-125/-105	13.5	36%	16,15,5,4,11,65,19,0,13,4,24
-3.4	-180 DK	KC @ PHI	Saquon Barkley	rec	u 2.5	'+146	'+144/-180	-	'+160	-	-	150/-195	135	2.1	75%	2,4,4,2,2,2,1,3,1,2,4,2,0,2,0,2
-3.4	100 MGM	KC @ PHI	Kareem Hunt	longest_rush	u 10.5	-115/-105	-125/-105	-130/+100	-	-	-	-	-	10.9	53%	10,8,13,7,15,10,17,13,4,7,12,20,6
-3.4	540 FD	KC @ PHI	Jalen Hurts	rush_yd	o 69.5	'+540	-	-	-	-	-	-	400	42.0	6%	33,85,25,20,33,22,37,67,56,39,39,29,59,45,41
-3.4	-135 365	KC @ PHI	Jalen Hurts	int	u 0.5	-	'+113/-141	'+115/-150	'+105/-135	-	-	110/-141	110/-140	0.3	73%	2,1,1,0,0,0,0,0,1,0,0,0,0,0,0
-3.4	185 CZ	KC @ PHI	Isiah Pacheco	rec	o 1.5	'+175/-235	'+183/-233	'+155/-210	'+160/-200	-	-	-	185/-230	1.7	50%	2,5,1,2,1,1
-3.4	-115 BR	KC @ PHI	Devonta Smith	rec_yd	o 51.5	-	-	-125/-105	-	-	-116/-104	-115/-113	-	64.1	61%	84,76,79,64,-2,85,87,14,29,37,109,51,120
-3.5	102 BR	KC @ PHI	Xavier Worthy	rec	o 5.5	'+100/-130	-104/-120	'+100/-135	-115/-115	-	-	102/-132	-105/-125	3.7	18%	2,2,2,3,3,3,4,0,1,4,4,5,5,6,7,8
-3.5	102 BR	KC @ PHI	Xavier Worthy	longest_rec	o 20.5	-	-	-105/-125	-	-	-	102/-134	-105/-125	18.7	25%	35,12,10,54,18,8,16,0,11,31,19,19,14,12,19,21
-3.5	190 BR	KC @ PHI	Marquise Brown	rec	o 4.5	'+182	-	-	-	-	-	190/-265	155	-	-	-
-3.5	-110 BR	KC @ PHI	Juju Smith Schuster	rec_yd	o 17.5	-	-113/-108	-	-	-	-	-110/-117	-	21.0	27%	0,17,130,8,6,10,31,7,0,18,4
-3.5	-136 BR	KC @ PHI	Aj Brown	rec	u 5.5	'+116	'+111/-138	-	'+125	-	-	104/-136	111	5.2	69%	5,6,5,5,2,5,5,6,5,4,8,8,3
-3.5	-380 365	KC @ PHI	Aj Brown	rec	o 3.5	-400	-	-	-380	-	-	-	-510	5.2	84%	5,6,5,5,2,5,5,6,5,4,8,8,3
-3.5	-107 BR	KC @ PHI	Jalen Hurts	pass_att	u 27.5	-108/-120	-116/-107	-115/-118	-110/-120	-	-122/101	-122/-107	-115/-115	24.1	60%	34,30,38,30,25,14,20,24,20,28,22,19,21,32,4
-3.6	-110 FD	KC @ PHI	Saquon Barkley	rush+rec	u 127.5	-110/-110	-	-	-	-	-	-112/-117	-	142.7	50%	132,116,156,116,54,187,111,199,78,198,302,117,124,74,150,169
-3.6	-142 FD	KC @ PHI	Patrick Mahomes	rush_yd	o 24.5	-142	-	-	-	-	-	-152/116	-	19.2	26%	3,29,17,12,22,39,17,9,19,60,4,17,14,33,12
-3.7	-108 FD	KC @ PHI	Xavier Worthy	longest_rec	o 19.5	-108/-120	-115/-115	-	-	-	-	-	-	18.7	25%	35,12,10,54,18,8,16,0,11,31,19,19,14,12,19,21
-3.7	-140 MGM	KC @ PHI	Patrick Mahomes	int	u 0.5	-	'+114/-142	'+105/-140	'+120/-150	-	-	108/-141	120/-150	0.7	50%	1,2,1,1,1,2,1,0,0,2,0,0,0,0,0,0
-3.7	-145 365	KC @ PHI	Jaden Hicks	tackles+ast	o 3.5	-	-	-	-145/+115	-	-	-155/118	-	2.2	15%	1,2,1,2,2,1,3,1,2,3,2,4,5
-3.7	-108 DK	KC @ PHI	Devonta Smith	rec_yd	u 52.5	-110/-110	-114/-108	-	-	-	-	-	-115/-115	64.1	38%	84,76,79,64,-2,85,87,14,29,37,109,51,120
-3.8	-113 FD	KC @ PHI	Samaje Perine	longest_rec	o 6.5	-113/-115	-	-115/-115	-	-	-	-	-125/-105	15.4	93%	10,3,8,15,22,21,11,35,11,13,10,16,23,36,14,13
-3.8	-121 BR	KC @ PHI	Marquise Brown	rec	o 3.5	-122/-106	-135/+109	-130/+100	-125/-105	-	-	-121/-108	-125/-105	-	-	-
-3.8	-115 FD	KC @ PHI	Kareem Hunt	rush_yd	o 39.5	-115	-	-	-	-	-	-	-123	56.0	69%	69,102,78,59,106,35,60,68,15,16,45,55,20
-3.9	-106 DK	KC @ PHI	Samaje Perine	rec_yd	o 8.5	-	-106/-115	-	-	-	-	-109/-120	-115/-115	18.9	87%	10,3,15,24,22,30,25,37,8,11,15,16,23,50,20,13
-3.9	115 MGM	KC @ PHI	Jalen Hurts	int	o 0.5	-	'+113/-141	'+115/-150	'+105/-135	-	-	110/-141	110/-140	0.3	26%	2,1,1,0,0,0,0,0,1,0,0,0,0,0,0
-3.9	-110 FD	KC @ PHI	Devonta Smith	rec_yd	o 52.5	-110/-110	-114/-108	-	-	-	-	-	-115/-115	64.1	61%	84,76,79,64,-2,85,87,14,29,37,109,51,120
-3.9	-105 MGM	KC @ PHI	Devonta Smith	rec_yd	u 51.5	-	-	-125/-105	-	-	-116/-104	-115/-113	-	64.1	38%	84,76,79,64,-2,85,87,14,29,37,109,51,120
-4.0	-215 FD	KC @ PHI	Devonta Smith	rec_yd	o 39.5	-215	-	-	-	-	-	-	-235	64.1	69%	84,76,79,64,-2,85,87,14,29,37,109,51,120
-4.0	-115 MGM	KC @ PHI	Aj Brown	longest_rec	o 24.5	-	-	-115/-115	-	-	-	-122/-107	-120/-110	31.5	61%	67,40,41,29,20,44,25,28,15,15,21,45,20
-4.1	112 FD	KC @ PHI	Noah Gray	rec	o 1.5	'+112/-146	'+109/-135	'+105/-140	'+105/-135	-	-	108/-141	105/-135	2.5	68%	3,1,4,2,4,3,0,2,4,4,4,4,2,1,1,1
-4.1	-420 FD	KC @ PHI	Noah Gray	rec	o 0.5	-420	-	-	-425	-	-	-	-560	2.5	93%	3,1,4,2,4,3,0,2,4,4,4,4,2,1,1,1
-4.1	-245 FD	KC @ PHI	Jalen Hurts	pass+rush	o 224.5	-245	-	-	-	-	-	-	-270	235.5	60%	311,268,336,178,297,136,273,297,258,260,218,147,167,335,52
-4.1	-130 365	KC @ PHI	Jahan Dotson	rec	o 0.5	-132/+102	-138/+111	-135/+105	-130/+100	-	-	-	-135/105	1.4	78%	0,1,2,2,1,0,1,1,1,1,1,1,0,7
-4.1	-109 DK	KC @ PHI	Dallas Goedert	rec_yd	u 51.5	-	-112/-109	-	-	-	-	-114/-114	-	49.6	60%	31,38,170,62,0,25,61,19,35,55
-4.1	-110 FD	KC @ PHI	Travis Kelce	rec_yd	o 60.5	-110/-110	-	-	-	-	-111/-109	-	-	51.4	50%	34,5,30,89,70,17,90,100,64,8,62,68,45,27,30,84
-4.1	-101 DK	KC @ PHI	Isiah Pacheco	rec_yd	u 4.5	-115/-105	-121/-101	-	-	-	-132/109	-115/-112	-120/-110	11.3	16%	33,21,5,6,15,-1
-4.2	-115 DK	KC @ PHI	Xavier Worthy	longest_rec	u 19.5	-108/-120	-115/-115	-	-	-	-	-	-	18.7	75%	35,12,10,54,18,8,16,0,11,31,19,19,14,12,19,21
-4.2	-110 FD	KC @ PHI	Patrick Mahomes	pass_yd	o 252.5	-110/-110	-	-	-	-	-	-115/-113	-	245.5	56%	291,151,217,245,331,154,262,291,266,196,269,306,210,159,260,320
-4.2	-900 FD	KC @ PHI	Patrick Mahomes	pass+rush	o 199.5	-900	-	-	-	-	-	-	-1200	264.7	80%	294,180,234,257,353,193,279,300,285,256,273,323,224,192,272
-4.2	105 CZ	KC @ PHI	Kareem Hunt	rush_att	o 11.5	'+102/-132	'+101/-125	-	-	-	-	-	105/-135	15.4	69%	14,27,22,21,27,14,14,16,7,5,13,11,9
-4.2	-125 BR	KC @ PHI	Kareem Hunt	rush_att	o 10.5	-	-	-135/+100	-130/+100	-	-	-125/-105	-	15.4	76%	14,27,22,21,27,14,14,16,7,5,13,11,9
-4.2	-330 FD	KC @ PHI	Jalen Hurts	pass_td	o 0.5	-330	-	-	-	-	-	-360/255	-	1.2	80%	2,1,0,1,2,1,1,2,2,0,1,1,2,2,0
-4.2	-114 FD	KC @ PHI	Jahan Dotson	longest_rec	u 2.5	-114/-114	-110/-120	-	-	-	-	-	-	9.6	21%	0,6,5,7,10,0,36,27,8,4,7,5,0,19
-4.2	168 FD	KC @ PHI	Dallas Goedert	rec	o 5.5	'+168	-	-	'+165	-	-	150/-200	155	4.2	20%	4,3,10,7,0,2,5,4,3,4
-4.3	-200 BR	KC @ PHI	Xavier Worthy	rec	o 4.5	-200	-	-	-	-	-	-200/150	-233	3.7	31%	2,2,2,3,3,3,4,0,1,4,4,5,5,6,7,8
-4.3	100 MGM	KC @ PHI	Saquon Barkley	rush_att	u 21.5	-128/-102	-122/-102	-130/+100	-130/+100	-	-	-109/-120	-130/100	21.6	43%	24,22,17,10,18,17,22,27,14,26,26,23,20,19,29,31
-4.3	-110 CZ	KC @ PHI	Patrick Mahomes	rush_yd	u 29.5	-	-110/-111	-	-	-	-	-	-120/-110	19.2	80%	3,29,17,12,22,39,17,9,19,60,4,17,14,33,12
-4.3	-290 FD	KC @ PHI	Marquise Brown	rec_yd	o 24.5	-290	-	-	-	-	-	-315/225	-	-	-	-
-4.3	-110 CZ	KC @ PHI	Jalen Hurts	pass_cmp	o 18.5	-113/-115	-117/-106	-118/-110	-115/-115	-	-105/-115	-	-110/-120	16.5	26%	20,23,29,18,16,10,16,18,14,18,15,11,14,25,1
-4.4	-190 365	KC @ PHI	Saquon Barkley	rec	o 1.5	-192/+146	-	-200/+145	-190/+155	-	-	-210/160	-190/155	2.1	75%	2,4,4,2,2,2,1,3,1,2,4,2,0,2,0,2
-4.4	-107 DK	KC @ PHI	Kareem Hunt	rush_yd	o 42.5	-	-107/-115	-	-	-	-	-112/-117	-	56.0	69%	69,102,78,59,106,35,60,68,15,16,45,55,20
-4.4	-700 365	KC @ PHI	Juju Smith Schuster	rec	o 0.5	-750	-	-	-700	-	-	-	-1000	1.6	81%	0,2,7,1,1,1,2,1,0,2,1
-4.4	-110 FD	KC @ PHI	Deandre Hopkins	longest_rec	u 9.5	-118/-110	-	-115/-115	-	-	-	-108/-121	-120/-110	16.5	25%	8,9,20,16,23,6,16,35,31,13,12,34,10,12,15,4
-4.4	-107 BR	KC @ PHI	Aj Brown	longest_rec	u 24.5	-	-	-115/-115	-	-	-	-122/-107	-120/-110	31.5	38%	67,40,41,29,20,44,25,28,15,15,21,45,20
-4.5	-110 FD	KC @ PHI	Xavier Worthy	rush+rec	u 62.5	-110/-110	-	-	-	-	-	-	-115/-115	46.4	50%	68,22,30,76,30,9,44,5,16,91,56,64
-4.5	-110 FD	KC @ PHI	Xavier Worthy	rush+rec	o 62.5	-110/-110	-	-	-	-	-	-	-115/-115	46.4	25%	68,22,30,76,30,9,44,5,16,91,56,64
-4.5	-110 MGM	KC @ PHI	Xavier Worthy	rec_yd	o 54.5	-110/-110	-	-110/-118	-	-	-	-	-	39.9	25%	47,17,17,73,25,19,37,0,11,61,46,54,41,46,65,79
-4.5	122 FD	KC @ PHI	Travis Kelce	rec	o 6.5	'+122/-160	'+122/-152	'+120/-160	'+105/-135	-	-	115/-150	120/-150	6.1	43%	3,1,4,7,9,4,10,14,8,2,6,7,5,4,5,8
-4.5	-110 DK	KC @ PHI	Saquon Barkley	rush_yd	u 111.5	-	-111/-110	-115/-115	-	-	-	-	-	125.3	50%	109,95,147,84,47,176,108,159,66,146,255,107,124,65,150,167
-4.5	-110 DK	KC @ PHI	Saquon Barkley	rush+rec	u 129.5	-	-113/-110	-	-	-	-	-	-115/-115	142.7	50%	132,116,156,116,54,187,111,199,78,198,302,117,124,74,150,169
-4.5	-110 FD	KC @ PHI	Patrick Mahomes	pass+rush	u 284.5	-110/-110	-	-	-	-	-	-114/-114	-	264.7	66%	294,180,234,257,353,193,279,300,285,256,273,323,224,192,272
-4.5	-110 FD	KC @ PHI	Patrick Mahomes	pass+rush	o 284.5	-110/-110	-	-	-	-	-	-114/-114	-	264.7	33%	294,180,234,257,353,193,279,300,285,256,273,323,224,192,272
-4.5	-110 FD	KC @ PHI	Patrick Mahomes	longest_rush	u 13.5	-110/-110	-115/-115	-	-	-	-	-	-	12.6	66%	4,9,15,13,9,33,14,7,12,33,5,10,10,15,12
-4.5	-110 FD	KC @ PHI	Patrick Mahomes	longest_rush	o 13.5	-110/-110	-115/-115	-	-	-	-	-	-	12.6	33%	4,9,15,13,9,33,14,7,12,33,5,10,10,15,12
-4.5	-110 CZ	KC @ PHI	Kareem Hunt	rush_yd	o 41.5	-	-	-115/-115	-	-	-	-	-110/-120	56.0	69%	69,102,78,59,106,35,60,68,15,16,45,55,20
-4.5	-110 DK	KC @ PHI	Jahan Dotson	longest_rec	o 2.5	-114/-114	-110/-120	-	-	-	-	-	-	9.6	78%	0,6,5,7,10,0,36,27,8,4,7,5,0,19
-4.5	-110 DK	KC @ PHI	Isiah Pacheco	rush_yd	o 22.5	-	-110/-111	-	-	-	-	-	-115/-115	44.3	85%	45,90,44,55,32,26,18
-4.5	-110 FD	KC @ PHI	Isiah Pacheco	rush_yd	u 21.5	-110/-110	-	-115/-115	-	-	-	-	-	44.3	14%	45,90,44,55,32,26,18
-4.5	-110 FD	KC @ PHI	Isiah Pacheco	rush_yd	o 21.5	-110/-110	-	-115/-115	-	-	-	-	-	44.3	85%	45,90,44,55,32,26,18
-4.6	-210 FD	KC @ PHI	Xavier Worthy	rush+rec	o 49.5	-210	-	-	-	-	-	-	-225	46.4	31%	68,22,30,76,30,9,44,5,16,91,56,64
-4.6	160 BR	KC @ PHI	Saquon Barkley	rec	u 1.5	-192/+146	-	-200/+145	-190/+155	-	-	-210/160	-190/155	2.1	25%	2,4,4,2,2,2,1,3,1,2,4,2,0,2,0,2
-4.6	-115 MGM	KC @ PHI	Kareem Hunt	rush_yd	u 41.5	-	-	-115/-115	-	-	-	-	-110/-120	56.0	30%	69,102,78,59,106,35,60,68,15,16,45,55,20
-4.6	-120 DK	KC @ PHI	Kareem Hunt	longest_rec	u 6.5	-	-110/-120	-105/-125	-	-	-	-	-105/-125	9.2	36%	9,15,3,4,11,26,13,5,13,4,17
-4.6	115 MGM	KC @ PHI	Juju Smith Schuster	rec	u 1.5	-146/+112	-142/+114	-155/+115	-140/+110	-	-	-148/112	-130/100	1.6	63%	0,2,7,1,1,1,2,1,0,2,1
-4.6	350 FD	KC @ PHI	Deandre Hopkins	rec	o 2.5	'+350	-	-	'+350	-	-	-	225	3.5	62%	1,1,6,2,4,1,2,8,4,3,5,4,4,5,4,2
-4.7	-135 365	KC @ PHI	Noah Gray	rec	u 1.5	'+112/-146	'+109/-135	'+105/-140	'+105/-135	-	-	108/-141	105/-135	2.5	31%	3,1,4,2,4,3,0,2,4,4,4,4,2,1,1,1
-4.8	-900 365	KC @ PHI	Saquon Barkley	rec	o 0.5	-1100	-	-	-900	-	-	-	-	2.1	87%	2,4,4,2,2,2,1,3,1,2,4,2,0,2,0,2
-4.8	-310 FD	KC @ PHI	Marquise Brown	rec	o 2.5	-310	-	-	-340	-	-	-315/230	-410	-	-	-
-4.9	-1450 FD	KC @ PHI	Xavier Worthy	rec	o 2.5	-1450	-	-	-2000	-	-	-	-	3.7	68%	2,2,2,3,3,3,4,0,1,4,4,5,5,6,7,8
-4.9	-125 MGM	KC @ PHI	Xavier Worthy	longest_rec	u 20.5	-	-	-105/-125	-	-	-	102/-134	-105/-125	18.7	75%	35,12,10,54,18,8,16,0,11,31,19,19,14,12,19,21
-4.9	170 FD	KC @ PHI	Saquon Barkley	rush+rec	o 149.5	'+170	-	-	-	-	-	-	155	142.7	43%	132,116,156,116,54,187,111,199,78,198,302,117,124,74,150,169
-5.0	-111 DK	KC @ PHI	Saquon Barkley	rush_yd	o 111.5	-	-111/-110	-115/-115	-	-	-	-	-	125.3	50%	109,95,147,84,47,176,108,159,66,146,255,107,124,65,150,167
-5.0	-110 FD	KC @ PHI	Patrick Mahomes	pass_yd	u 252.5	-110/-110	-	-	-	-	-	-115/-113	-	245.5	43%	291,151,217,245,331,154,262,291,266,196,269,306,210,159,260,320
-5.0	-470 FD	KC @ PHI	Jalen Hurts	pass+rush	o 199.5	-470	-	-	-	-	-	-	-520	235.5	66%	311,268,336,178,297,136,273,297,258,260,218,147,167,335,52
-5.0	-111 DK	KC @ PHI	Isiah Pacheco	rush_yd	u 22.5	-	-110/-111	-	-	-	-	-	-115/-115	44.3	14%	45,90,44,55,32,26,18
-5.0	-110 FD	KC @ PHI	Travis Kelce	rec_yd	u 60.5	-110/-110	-	-	-	-	-111/-109	-	-	51.4	50%	34,5,30,89,70,17,90,100,64,8,62,68,45,27,30,84
-5.2	-135 FD	KC @ PHI	Xavier Worthy	rush+rec	o 59.5	-135	-	-	-	-	-	-	-140	46.4	25%	68,22,30,76,30,9,44,5,16,91,56,64
-5.2	-110 MGM	KC @ PHI	Noah Gray	longest_rec	u 9.5	-115/-113	-120/-110	-118/-110	-	-	-	-114/-114	-115/-115	14.6	25%	13,13,29,15,26,10,0,13,14,35,26,8,15,10,6,1
-5.2	-114 BR	KC @ PHI	Noah Gray	longest_rec	o 9.5	-115/-113	-120/-110	-118/-110	-	-	-	-114/-114	-115/-115	14.6	75%	13,13,29,15,26,10,0,13,14,35,26,8,15,10,6,1
-5.2	118 BR	KC @ PHI	Jaden Hicks	tackles+ast	u 3.5	-	-	-	-145/+115	-	-	-155/118	-	2.2	84%	1,2,1,2,2,1,3,1,2,3,2,4,5
-5.2	130 365	KC @ PHI	Darius Slay	tackles+ast	o 4.5	-	-	-	'+130/-160	-	-	123/-162	-	3.8	30%	3,5,2,9,4,4,0,2,3,6,1,7,3
-5.3	-670 FD	KC @ PHI	Dallas Goedert	rec	o 2.5	-670	-	-	-750	-	-	-	-	4.2	80%	4,3,10,7,0,2,5,4,3,4
-5.4	-112 BR	KC @ PHI	Xavier Worthy	rec_yd	u 55.5	-	-	-	-	-	-	-115/-112	-115/-115	39.9	75%	47,17,17,73,25,19,37,0,11,61,46,54,41,46,65,79
-5.4	-112 DK	KC @ PHI	Dallas Goedert	rec_yd	o 51.5	-	-112/-109	-	-	-	-	-114/-114	-	49.6	40%	31,38,170,62,0,25,61,19,35,55
-5.5	500 365	KC @ PHI	Aj Brown	rec	o 7.5	'+360	-	-	'+500	-	-	-	410	5.2	15%	5,6,5,5,2,5,5,6,5,4,8,8,3
-5.6	-134 BR	KC @ PHI	Zack Baun	tackles+ast	u 10.5	-	-	-	'+105/-135	-	-	102/-134	-	9.4	62%	15,9,13,6,8,6,12,10,8,15,3,13,11,5,10,7
-5.6	-110 FD	KC @ PHI	Saquon Barkley	rush+rec	o 127.5	-110/-110	-	-	-	-	-	-112/-117	-	142.7	50%	132,116,156,116,54,187,111,199,78,198,302,117,124,74,150,169
-5.6	-115 DK	KC @ PHI	Samaje Perine	rec_yd	u 8.5	-	-106/-115	-	-	-	-	-109/-120	-115/-115	18.9	12%	10,3,15,24,22,30,25,37,8,11,15,16,23,50,20,13
-5.6	-470 FD	KC @ PHI	Patrick Mahomes	pass+rush	o 224.5	-470	-	-	-	-	-	-	-500	264.7	73%	294,180,234,257,353,193,279,300,285,256,273,323,224,192,272
-5.6	-134 BR	KC @ PHI	Oren Burks	tackles+ast	o 8.5	-	-	-	-135/+105	-	-	-134/102	-	4.1	10%	2,1,2,2,2,1,2,4,8,17
-5.6	-145 365	KC @ PHI	Nick Bolton	tackles+ast	o 7.5	-	-	-	-145	-	-	-148/112	-	6.6	31%	7,7,8,5,11,6,9,3,6,7,4,11,5,5,4,8
-5.6	-115 DK	KC @ PHI	Kareem Hunt	rush_yd	u 42.5	-	-107/-115	-	-	-	-	-112/-117	-	56.0	30%	69,102,78,59,106,35,60,68,15,16,45,55,20
-5.6	100 MGM	KC @ PHI	Kareem Hunt	rush_att	u 10.5	-	-	-135/+100	-130/+100	-	-	-125/-105	-	15.4	23%	14,27,22,21,27,14,14,16,7,5,13,11,9
-5.6	-134 BR	KC @ PHI	Harrison Butker	kicking_pts	o 7.5	-	-	-	-	-	-	-134/102	-135/105	7.1	53%	9,8,10,5,14,4,9,6,10,3,9,5,0
-5.7	105 365	KC @ PHI	Zack Baun	tackles+ast	o 10.5	-	-	-	'+105/-135	-	-	102/-134	-	9.4	37%	15,9,13,6,8,6,12,10,8,15,3,13,11,5,10,7
-5.7	-260 FD	KC @ PHI	Patrick Mahomes	pass+rush	o 249.5	-260	-	-	-	-	-	-	-270	264.7	66%	294,180,234,257,353,193,279,300,285,256,273,323,224,192,272
-5.7	105 365	KC @ PHI	Oren Burks	tackles+ast	u 8.5	-	-	-	-135/+105	-	-	-134/102	-	4.1	90%	2,1,2,2,2,1,2,4,8,17
-5.7	-105 MGM	KC @ PHI	Kareem Hunt	longest_rec	o 6.5	-	-110/-120	-105/-125	-	-	-	-	-105/-125	9.2	63%	9,15,3,4,11,26,13,5,13,4,17
-5.7	105 CZ	KC @ PHI	Harrison Butker	kicking_pts	u 7.5	-	-	-	-	-	-	-134/102	-135/105	7.1	46%	9,8,10,5,14,4,9,6,10,3,9,5,0
-5.8	-113 DK	KC @ PHI	Saquon Barkley	rush+rec	o 129.5	-	-113/-110	-	-	-	-	-	-115/-115	142.7	50%	132,116,156,116,54,187,111,199,78,198,302,117,124,74,150,169
-5.8	-146 FD	KC @ PHI	Patrick Mahomes	pass+rush	o 274.5	-146	-	-	-	-	-	-	-149	264.7	40%	294,180,234,257,353,193,279,300,285,256,273,323,224,192,272
-5.8	-160 365	KC @ PHI	Darius Slay	tackles+ast	u 4.5	-	-	-	'+130/-160	-	-	123/-162	-	3.8	69%	3,5,2,9,4,4,0,2,3,6,1,7,3
-5.9	230 FD	KC @ PHI	Travis Kelce	rec	o 7.5	'+230	-	-	'+200	-	-	210/-286	210	6.1	31%	3,1,4,7,9,4,10,14,8,2,6,7,5,4,5,8
-5.9	-1100 FD	KC @ PHI	Marquise Brown	rec	o 1.5	-1100	-	-	-1200	-	-	-	-	-	-	-
-5.9	198 FD	KC @ PHI	Aj Brown	rec_yd	o 89.5	'+198	-	-	-	-	-	-	180	83.0	46%	119,116,89,84,36,109,65,109,66,43,110,97,36
-5.9	-1100 365	KC @ PHI	Aj Brown	rec	o 2.5	-1200	-	-	-1100	-	-	-	-	5.2	92%	5,6,5,5,2,5,5,6,5,4,8,8,3
-5.9	-125 CZ	KC @ PHI	Deandre Hopkins	rec_yd	o 13.5	-	-	-	-	-	-121/-100	-	-125/-105	38.1	75%	8,9,73,31,54,-2,29,86,56,29,35,90,32,36,37,7
-6.1	-130 MGM	KC @ PHI	Kenneth Gainwell	longest_rush	o 4.5	-	-130/+100	-130/+100	-	-	-	-	-	8.2	66%	2,4,9,19,14,10,3,13,14,13,20,7,3,4,5
-6.3	-109 BR	KC @ PHI	Saquon Barkley	longest_rush	o 24.5	-	-110/-120	-	-	-	-	-109/-120	-	34.5	50%	34,11,65,59,10,55,19,21,11,39,72,25,18,22,68,23
-6.3	-125 MGM	KC @ PHI	Isiah Pacheco	longest_rec	u 5.5	-	-105/-125	-105/-125	-	-	-	-	-	8.7	33%	23,13,5,6,15,-1
-6.3	275 BR	KC @ PHI	Deandre Hopkins	rec_yd	o 24.5	'+240	-	-	-	-	-	275/-400	-	38.1	75%	8,9,73,31,54,-2,29,86,56,29,35,90,32,36,37,7
-6.5	-115 BR	KC @ PHI	Xavier Worthy	rec_yd	o 55.5	-	-	-	-	-	-	-115/-112	-115/-115	39.9	25%	47,17,17,73,25,19,37,0,11,61,46,54,41,46,65,79
-6.5	-120 BR	KC @ PHI	Saquon Barkley	longest_rush	u 24.5	-	-110/-120	-	-	-	-	-109/-120	-	34.5	50%	34,11,65,59,10,55,19,21,11,39,72,25,18,22,68,23
-6.6	820 FD	KC @ PHI	Travis Kelce	rec_yd	o 109.5	'+820	-	-	-	-	-	-	550	51.4	0%	34,5,30,89,70,17,90,100,64,8,62,68,45,27,30,84
-6.6	-134 BR	KC @ PHI	Patrick Mahomes	longest_rush	o 12.5	-	-	-135/+100	-	-	-	-134/102	-	12.6	40%	4,9,15,13,9,33,14,7,12,33,5,10,10,15,12
-6.6	-125 FD	KC @ PHI	Jalen Hurts	pass+rush	o 249.5	-125	-	-	-	-	-	-	-125	235.5	60%	311,268,336,178,297,136,273,297,258,260,218,147,167,335,52
-6.7	100 MGM	KC @ PHI	Kenneth Gainwell	longest_rush	u 4.5	-	-130/+100	-130/+100	-	-	-	-	-	8.2	33%	2,4,9,19,14,10,3,13,14,13,20,7,3,4,5
-6.8	102 BR	KC @ PHI	Patrick Mahomes	longest_rush	u 12.5	-	-	-135/+100	-	-	-	-134/102	-	12.6	60%	4,9,15,13,9,33,14,7,12,33,5,10,10,15,12
-6.8	-105 MGM	KC @ PHI	Isiah Pacheco	longest_rec	o 5.5	-	-105/-125	-105/-125	-	-	-	-	-	8.7	66%	23,13,5,6,15,-1
-7.1	146 FD	KC @ PHI	Patrick Mahomes	pass_yd	o 274.5	'+146	-	-	-	-	-	-	140	245.5	31%	291,151,217,245,331,154,262,291,266,196,269,306,210,159,260,320
-7.1	-105 CZ	KC @ PHI	Deandre Hopkins	rec_yd	u 13.5	-	-	-	-	-	-121/-100	-	-125/-105	38.1	25%	8,9,73,31,54,-2,29,86,56,29,35,90,32,36,37,7
-7.4	188 FD	KC @ PHI	Devonta Smith	rec	o 5.5	'+188	-	-	'+175	-	-	180/-240	175	5.2	53%	7,7,7,3,1,6,4,2,4,4,11,6,6
-7.6	152 FD	KC @ PHI	Saquon Barkley	rush_yd	o 124.5	'+152	-	-	-	-	-	148/-195	-	125.3	43%	109,95,147,84,47,176,108,159,66,146,255,107,124,65,150,167
-7.6	180 365	KC @ PHI	Patrick Mahomes	pass_att	o 39.5	-	-	-	'+180	-	-	-	170	36.3	25%	28,25,39,29,39,27,38,44,42,33,37,46,37,38,41,38
-7.7	680 FD	KC @ PHI	Jalen Hurts	pass_td	o 2.5	'+680	-	-	-	-	-	-	490	1.2	0%	2,1,0,1,2,1,1,2,2,0,1,1,2,2,0
-7.9	195 BR	KC @ PHI	Xavier Worthy	rec	o 6.5	'+194	-	-	'+180	-	-	195/-265	175	3.7	12%	2,2,2,3,3,3,4,0,1,4,4,5,5,6,7,8
-8.3	260 FD	KC @ PHI	Jalen Hurts	pass+rush	o 299.5	'+260	-	-	-	-	-	-	235	235.5	20%	311,268,336,178,297,136,273,297,258,260,218,147,167,335,52
-8.4	-183 DK	KC @ PHI	Grant Calcaterra	rec_yd	u 0.5	-	'+148/-183	-	-	-	134/-164	-	-	21.3	15%	11,19,26,67,5,58,30,0,0,16,22,34,10
-8.5	375 365	KC @ PHI	Jahan Dotson	rec	o 1.5	'+310	-	-	'+375	-	-	-	325	1.4	21%	0,1,2,2,1,0,1,1,1,1,1,1,0,7
-8.5	-105 FD	KC @ PHI	Jahan Dotson	rec_yd	o 3.5	-105/-115	-	-	-	-	103/-124	-	-	15.4	78%	0,6,8,11,10,0,36,27,8,4,7,5,0,94
-10.0	185 CZ	KC @ PHI	Xavier Worthy	rush+rec	o 79.5	'+180	-	-	-	-	-	-	185	46.4	6%	68,22,30,76,30,9,44,5,16,91,56,64
-10.2	-115 CZ	KC @ PHI	Saquon Barkley	rush_yd	o 112.5	-	-	-	-	-	-102/-119	-	-115/-115	125.3	50%	109,95,147,84,47,176,108,159,66,146,255,107,124,65,150,167
-10.6	195 CZ	KC @ PHI	Devonta Smith	rec_yd	o 69.5	'+190	-	-	-	-	-	-	195	64.1	53%	84,76,79,64,-2,85,87,14,29,37,109,51,120
-10.6	-115 MGM	KC @ PHI	Jalen Hurts	pass_yd	u 210.5	-	-	-115/-115	-	-	-120/-101	-	-	193.5	53%	278,183,311,158,264,114,236,230,202,221,179,118,108,290,11
-10.7	225 365	KC @ PHI	Juju Smith Schuster	rec	o 2.5	'+205	-	-	'+225	-	-	220/-305	215	1.6	9%	0,2,7,1,1,1,2,1,0,2,1
-10.9	410 FD	KC @ PHI	Xavier Worthy	rush+rec	o 99.5	'+410	-	-	-	-	-	-	350	46.4	0%	68,22,30,76,30,9,44,5,16,91,56,64
-11.1	425 CZ	KC @ PHI	Patrick Mahomes	pass+rush	o 349.5	'+360	-	-	-	-	-	-	425	264.7	6%	294,180,234,257,353,193,279,300,285,256,273,323,224,192,272
-11.8	-117 BR	KC @ PHI	Aj Brown	rec_yd	u 70.5	-	-	-	-	-	-121/-100	-112/-117	-	83.0	38%	119,116,89,84,36,109,65,109,66,43,110,97,36
-12.5	250 CZ	KC @ PHI	Patrick Mahomes	pass_yd	o 299.5	'+240	-	-	-	-	-	-	250	245.5	18%	291,151,217,245,331,154,262,291,266,196,269,306,210,159,260,320
-12.7	275 BR	KC @ PHI	Noah Gray	rec_yd	o 24.5	'+260	-	-	-	-	-	275/-400	-	27.3	43%	37,13,40,29,66,23,0,18,23,66,58,26,21,10,6,1
-12.7	320 365	KC @ PHI	Dallas Goedert	rec	o 6.5	'+300	-	-	'+320	-	-	300/-435	310	4.2	20%	4,3,10,7,0,2,5,4,3,4
-12.7	285 FD	KC @ PHI	Aj Brown	rec_yd	o 99.5	'+285	-	-	-	-	-	275/-400	250	83.0	38%	119,116,89,84,36,109,65,109,66,43,110,97,36
-13.6	425 365	KC @ PHI	Patrick Mahomes	pass_cmp	o 29.5	-	-	-	'+425	-	-	-	370	24.5	6%	20,18,26,19,28,16,27,34,28,23,27,26,24,19,28,29
-13.8	270 FD	KC @ PHI	Isiah Pacheco	rush+rec	o 49.5	'+270	-	-	-	-	-	-	260	55.6	50%	78,111,49,61,47,25
-13.9	350 365	KC @ PHI	Noah Gray	rec	o 2.5	'+320	-	-	'+350	-	-	-	320	2.5	50%	3,1,4,2,4,3,0,2,4,4,4,4,2,1,1,1
-14.9	600 FD	KC @ PHI	Xavier Worthy	rush+rec	o 109.5	'+600	-	-	-	-	-	-	480	46.4	0%	68,22,30,76,30,9,44,5,16,91,56,64
-14.9	850 FD	KC @ PHI	Kareem Hunt	rush+rec	o 99.5	'+850	-	-	-	-	-	-	600	69.5	27%	85,117,83,63,117,100,79,68,28,20,69
-14.9	-113 BR	KC @ PHI	Isiah Pacheco	rush_yd	u 20.5	-	-	-	-	-	-133/110	-115/-113	-	44.3	14%	45,90,44,55,32,26,18
-15.1	102 FD	KC @ PHI	Patrick Mahomes	pass_cmp	u 23.5	-132/+102	-	-	-	-	-134/111	-	-220	24.5	37%	20,18,26,19,28,16,27,34,28,23,27,26,24,19,28,29
-15.2	350 365	KC @ PHI	Xavier Worthy	rec	o 7.5	'+320	-	-	'+350	-	-	-	330	3.7	6%	2,2,2,3,3,3,4,0,1,4,4,5,5,6,7,8
-15.3	400 365	KC @ PHI	Saquon Barkley	rec	o 3.5	'+350	-	-	'+400	-	-	-	370	2.1	18%	2,4,4,2,2,2,1,3,1,2,4,2,0,2,0,2
-15.5	460 FD	KC @ PHI	Isiah Pacheco	rush+rec	o 59.5	'+460	-	-	-	-	-	-	400	55.6	50%	78,111,49,61,47,25
-15.6	275 CZ	KC @ PHI	Xavier Worthy	rush+rec	o 89.5	'+270	-	-	-	-	-	-	275	46.4	6%	68,22,30,76,30,9,44,5,16,91,56,64
-16.6	290 FD	KC @ PHI	Devonta Smith	rec_yd	o 79.5	'+290	-	-	-	-	-	-	285	64.1	38%	84,76,79,64,-2,85,87,14,29,37,109,51,120
-17.0	390 FD	KC @ PHI	Aj Brown	rec_yd	o 109.5	'+390	-	-	-	-	-	-	360	83.0	23%	119,116,89,84,36,109,65,109,66,43,110,97,36
-17.1	375 365	KC @ PHI	Marquise Brown	rec	o 5.5	'+360	-	-	'+375	-	-	-	340	-	-	-
-17.7	330 CZ	KC @ PHI	Isiah Pacheco	rush_yd	o 39.5	'+320	-	-	-	-	-	-	330	44.3	57%	45,90,44,55,32,26,18
-18.2	600 365	KC @ PHI	Juju Smith Schuster	rec	o 3.5	'+490	-	-	'+600	-	-	-	500	1.6	9%	0,2,7,1,1,1,2,1,0,2,1
-18.7	380 CZ	KC @ PHI	Travis Kelce	rec	o 8.5	'+370	-	-	'+350	-	-	-	380	6.1	18%	3,1,4,7,9,4,10,14,8,2,6,7,5,4,5,8
-18.9	400 FD	KC @ PHI	Jalen Hurts	pass_yd	o 274.5	'+400	-	-	-	-	-	-	375	193.5	20%	278,183,311,158,264,114,236,230,202,221,179,118,108,290,11
-19.0	350 FD	KC @ PHI	Devonta Smith	rec	o 6.5	'+350	-	-	'+350	-	-	-	330	5.2	30%	7,7,7,3,1,6,4,2,4,4,11,6,6
-19.3	450 CZ	KC @ PHI	Patrick Mahomes	pass_yd	o 324.5	'+410	-	-	-	-	-	-	450	245.5	6%	291,151,217,245,331,154,262,291,266,196,269,306,210,159,260,320
-19.9	1200 FD	KC @ PHI	Marquise Brown	rec_yd	o 99.5	'+1200	-	-	-	-	-	-	750	-	-	-
-20.7	490 CZ	KC @ PHI	Samaje Perine	rec	o 2.5	'+410	-	-	'+475	-	-	-	490	1.6	18%	1,1,3,1,1,2,4,2,2,2,1,1,1,3,2,1
-20.8	340 FD	KC @ PHI	Saquon Barkley	rush_yd	o 149.5	'+340	-	-	-	-	-	-	340	125.3	31%	109,95,147,84,47,176,108,159,66,146,255,107,124,65,150,167
-21.4	450 365	KC @ PHI	Kareem Hunt	rec	o 2.5	'+410	-	-	'+450	-	-	-	430	1.8	18%	2,1,2,1,1,7,3,2,1,1,2
-21.5	420 FD	KC @ PHI	Kareem Hunt	rush_yd	o 69.5	'+420	-	-	-	-	-	-	400	56.0	23%	69,102,78,59,106,35,60,68,15,16,45,55,20
-24.8	950 365	KC @ PHI	Aj Brown	rec	o 8.5	'+630	-	-	'+950	-	-	-	750	5.2	0%	5,6,5,5,2,5,5,6,5,4,8,8,3
-25.1	410 FD	KC @ PHI	Devonta Smith	rec_yd	o 89.5	'+410	-	-	-	-	-	-	410	64.1	15%	84,76,79,64,-2,85,87,14,29,37,109,51,120
-25.2	675 CZ	KC @ PHI	Isiah Pacheco	rush_yd	o 49.5	'+570	-	-	-	-	-	-	675	44.3	28%	45,90,44,55,32,26,18
-25.4	430 FD	KC @ PHI	Jalen Hurts	pass+rush	o 324.5	'+430	-	-	-	-	-	-	425	235.5	13%	311,268,336,178,297,136,273,297,258,260,218,147,167,335,52
-26.7	600 CZ	KC @ PHI	Isiah Pacheco	rec	o 2.5	'+550	-	-	'+525	-	-	-	600	1.7	16%	2,5,1,2,1,1
-30.3	850 CZ	KC @ PHI	Saquon Barkley	rec	o 4.5	'+680	-	-	-	-	-	-	850	2.1	0%	2,4,4,2,2,2,1,3,1,2,4,2,0,2,0,2
-30.7	600 365	KC @ PHI	Dallas Goedert	rec	o 7.5	'+520	-	-	'+600	-	-	-	600	4.2	10%	4,3,10,7,0,2,5,4,3,4
-31.0	700 365	KC @ PHI	Devonta Smith	rec	o 7.5	'+630	-	-	'+700	-	-	-	600	5.2	7%	7,7,7,3,1,6,4,2,4,4,11,6,6
-31.1	650 365	KC @ PHI	Xavier Worthy	rec	o 8.5	'+580	-	-	'+650	-	-	-	600	3.7	0%	2,2,2,3,3,3,4,0,1,4,4,5,5,6,7,8
-31.5	575 CZ	KC @ PHI	Jalen Hurts	int	o 1.5	-	-	-	'+550	-	-	-	575	0.3	6%	2,1,1,0,0,0,0,0,1,0,0,0,0,0,0
-33.3	600 365	KC @ PHI	Patrick Mahomes	int	o 1.5	-	-	-	'+600	-	-	-	575	0.7	18%	1,2,1,1,1,2,1,0,0,2,0,0,0,0,0,0
-33.6	850 FD	KC @ PHI	Saquon Barkley	rush+rec	o 199.5	'+850	-	-	-	-	-	-	700	142.7	6%	132,116,156,116,54,187,111,199,78,198,302,117,124,74,150,169
-35.3	950 365	KC @ PHI	Deandre Hopkins	rec	o 3.5	'+750	-	-	'+950	-	-	-	750	3.5	56%	1,1,6,2,4,1,2,8,4,3,5,4,4,5,4,2
-35.7	600 CZ	KC @ PHI	Devonta Smith	rec_yd	o 99.5	'+590	-	-	-	-	-	-	600	64.1	15%	84,76,79,64,-2,85,87,14,29,37,109,51,120
-36.0	750 365	KC @ PHI	Marquise Brown	rec	o 6.5	'+640	-	-	'+750	-	-	-	700	-	-	-
-37.2	675 CZ	KC @ PHI	Travis Kelce	rec	o 9.5	'+630	-	-	'+650	-	-	-	675	6.1	12%	3,1,4,7,9,4,10,14,8,2,6,7,5,4,5,8
-39.5	1600 FD	KC @ PHI	Marquise Brown	rec_yd	o 109.5	'+1600	-	-	-	-	-	-	950	-	-	-
-39.9	760 FD	KC @ PHI	Patrick Mahomes	rush_yd	o 59.5	'+760	-	-	-	-	-	-	700	19.2	6%	3,29,17,12,22,39,17,9,19,60,4,17,14,33,12
-40.6	750 FD	KC @ PHI	Jalen Hurts	pass+rush	o 349.5	'+750	-	-	-	-	-	-	700	235.5	0%	311,268,336,178,297,136,273,297,258,260,218,147,167,335,52
-40.6	750 FD	KC @ PHI	Isiah Pacheco	rush+rec	o 69.5	'+750	-	-	-	-	-	-	700	55.6	33%	78,111,49,61,47,25
-41.3	700 CZ	KC @ PHI	Jalen Hurts	pass_yd	o 299.5	'+680	-	-	-	-	-	-	700	193.5	6%	278,183,311,158,264,114,236,230,202,221,179,118,108,290,11
-45.8	900 365	KC @ PHI	Noah Gray	rec	o 3.5	'+800	-	-	'+900	-	-	-	800	2.5	37%	3,1,4,2,4,3,0,2,4,4,4,4,2,1,1,1
-51.2	850 CZ	KC @ PHI	Devonta Smith	rec_yd	o 109.5	'+820	-	-	-	-	-	-	850	64.1	7%	84,76,79,64,-2,85,87,14,29,37,109,51,120
-60.5	1400 365	KC @ PHI	Jahan Dotson	rec	o 2.5	'+880	-	-	'+1400	-	-	-	1200	1.4	7%	0,1,2,2,1,0,1,1,1,1,1,1,0,7
-62.4	1100 365	KC @ PHI	Dallas Goedert	rec	o 8.5	'+880	-	-	'+1100	-	-	-	1100	4.2	10%	4,3,10,7,0,2,5,4,3,4
-71.0	1300 FD	KC @ PHI	Aj Brown	rec_yd	o 149.5	'+1300	-	-	-	-	-	-	1100	83.0	0%	119,116,89,84,36,109,65,109,66,43,110,97,36
-75.1	1100 365	KC @ PHI	Xavier Worthy	rec	o 9.5	-	-	-	'+1100	-	-	-	1100	3.7	0%	2,2,2,3,3,3,4,0,1,4,4,5,5,6,7,8
